phase,date,locality,state,event_type_raw,exclude_reason
1,2017-01-03,Astoria,OR,strike,strike_out_of_scope
1,2017-01-10,San Diego,CA,strike,strike_out_of_scope
1,2017-01-10,San Diego,CA,strike,strike_out_of_scope
1,2017-01-18,Santa Rosa,CA,strike,strike_out_of_scope
1,2017-02-02,New York,NY,strike,strike_out_of_scope
1,2017-02-16,Los Angeles,CA,strike,strike_out_of_scope
1,2017-02-16,Napa,CA,strike,strike_out_of_scope
1,2017-02-16,San Diego,CA,strike,strike_out_of_scope
1,2017-02-16,Denver,CO,strike,strike_out_of_scope
1,2017-02-16,Stamford,CT,strike,strike_out_of_scope
1,2017-02-16,Boca Raton,FL,strike,strike_out_of_scope
1,2017-02-16,Bonita Springs,FL,strike,strike_out_of_scope
1,2017-02-16,Palm Beach,FL,strike,strike_out_of_scope
1,2017-02-16,Baton Rouge,LA,strike,strike_out_of_scope
1,2017-02-16,New Orleans,LA,strike,strike_out_of_scope
1,2017-02-16,Milford,MA,strike,strike_out_of_scope
1,2017-02-16,Northampton,MA,strike,strike_out_of_scope
1,2017-02-16,West Springfield,MA,strike,strike_out_of_scope
1,2017-02-16,Annapolis,MD,strike,strike_out_of_scope
1,2017-02-16,Ypsilanti,MI,strike,strike_out_of_scope
1,2017-02-16,Asheville,NC,strike,strike_out_of_scope
1,2017-02-16,Weehawken,NJ,strike,strike_out_of_scope
1,2017-02-16,Las Vegas,NV,strike,strike_out_of_scope
1,2017-02-16,Carle Place,NY,strike,strike_out_of_scope
1,2017-02-16,Yonkers,NY,strike,strike_out_of_scope
1,2017-02-16,Catoosa,OK,strike,strike_out_of_scope
1,2017-02-16,Oklahoma City,OK,strike,strike_out_of_scope
1,2017-02-16,Tulsa,OK,strike,strike_out_of_scope
1,2017-02-16,Hermiston,OR,strike,strike_out_of_scope
1,2017-02-16,Umatilla,OR,strike,strike_out_of_scope
1,2017-02-16,King of Prussia,PA,strike,strike_out_of_scope
1,2017-02-16,Philadelphia,PA,strike,strike_out_of_scope
1,2017-02-16,Bluffton,SC,strike,strike_out_of_scope
1,2017-02-16,Greenville,SC,strike,strike_out_of_scope
1,2017-02-16,Lexington,SC,strike,strike_out_of_scope
1,2017-02-16,Rock Hill,SC,strike,strike_out_of_scope
1,2017-02-16,Nashville,TN,strike,strike_out_of_scope
1,2017-02-16,Nolensville,TN,strike,strike_out_of_scope
1,2017-02-16,Waco,TX,strike,strike_out_of_scope
1,2017-02-16,Ogden,UT,strike,strike_out_of_scope
1,2017-02-16,Salt Lake City,UT,strike,strike_out_of_scope
1,2017-04-14,Sarasota,FL,hunger strike,strike_out_of_scope
1,2017-04-17,Dover,DE,sick out; strike,strike_out_of_scope
1,2017-04-18,Nashville,TN,hunger strike,strike_out_of_scope
1,2017-04-25,New Haven,CT,hunger strike,strike_out_of_scope
1,2017-05-01,Springdale,AR,march; strike,strike_out_of_scope
1,2017-05-01,New Haven,CT,protest; hunger strike,strike_out_of_scope
1,2017-06-10,Trenton,NJ,hunger strike,strike_out_of_scope
1,2017-06-12,Adelanto,CA,hunger strike,strike_out_of_scope
1,2017-06-16,Louisville,KY,strike,strike_out_of_scope
1,2017-06-19,Long Beach,CA,strike,strike_out_of_scope
1,2017-06-19,Los Angeles,CA,strike,strike_out_of_scope
1,2017-06-19,San Antonio,CA,strike,strike_out_of_scope
1,2017-06-20,Long Beach,CA,strike,strike_out_of_scope
1,2017-06-26,Greenfield,MA,strike; rally,strike_out_of_scope
1,2017-07-11,Newark,NJ,protest; strike,strike_out_of_scope
1,2017-07-12,Denver,CO,protest; strike,strike_out_of_scope
1,2017-08-09,South Brunswick,NJ,strike,strike_out_of_scope
1,2017-10-19,San Andreas,CA,protest; march; strike,strike_out_of_scope
1,2017-10-27,Lebanon,PA,protest; strike,strike_out_of_scope
1,2017-12-05,Oakland,CA,protest; strike,strike_out_of_scope
1,2017-12-05,Spartanburg,SC,protest; strike,strike_out_of_scope
1,2017-12-06,El Paso,TX,protest; hunger strike,strike_out_of_scope
1,2018-01-03,Iowa Park,TX,hunger strike,strike_out_of_scope
1,2018-03-01,Meridian,MS,hunger strike,strike_out_of_scope
1,2018-03-23,Coffeeville,MS,strike,strike_out_of_scope
1,2018-03-30,Frankfort,KY,strike; protest,strike_out_of_scope
1,2018-05-07,Los Angeles,CA,strike,strike_out_of_scope
1,2018-05-07,Santa Barbara,CA,protest;strike,strike_out_of_scope
1,2018-05-17,New York,NY,hunger strike,strike_out_of_scope
1,2018-05-23,San Francisco,CA,strike,strike_out_of_scope
1,2018-05-23,Newark,NJ,strike; protest,strike_out_of_scope
1,2018-06-23,McAllen,TX,hunger strike,strike_out_of_scope
1,2018-07-04,Portland,OR,protest; hunger strike,strike_out_of_scope
1,2018-07-12,Burlington,VT,rally; march; strike,strike_out_of_scope
1,2018-07-14,Tacoma,WA,protest; hunger strike,strike_out_of_scope
1,2018-07-21,Los Angeles,CA,protest; rent strike,strike_out_of_scope
1,2018-07-23,Providence,RI,rally; strike,strike_out_of_scope
1,2018-07-24,North Dartmouth,MA,protest; hunger-strike,strike_out_of_scope
1,2018-07-26,North Dartmouth,MA,protest; hunger-strike,strike_out_of_scope
1,2018-07-27,Houston,TX,hunger strike,strike_out_of_scope
1,2018-07-30,Georgetown,DE,hunger strike,strike_out_of_scope
1,2018-08-09,Baltimore,MD,strike,strike_out_of_scope
1,2018-08-27,Longview,WA,march; strike,strike_out_of_scope
1,2018-08-28,New Castle County,DE,protest; hunger strike,strike_out_of_scope
1,2018-09-10,Tacoma,WA,strike,strike_out_of_scope
1,2018-09-12,Dallas,TX,rally; strike,strike_out_of_scope
1,2018-09-17,Cheshire,CT,strike,strike_out_of_scope
1,2018-09-18,Chicago,IL,strike; protest,strike_out_of_scope
1,2018-09-18,Portland,OR,protest; strike,strike_out_of_scope
1,2018-09-27,Baltimore,MD,strike,strike_out_of_scope
1,2018-09-28,Farmington,CT,protest; strike,strike_out_of_scope
1,2018-10-07,Detroit,MI,strike,strike_out_of_scope
1,2018-10-18,Baltimore,MD,strike,strike_out_of_scope
1,2018-10-23,Berkeley,CA,protest;strike,strike_out_of_scope
1,2018-10-30,Cheshire,CT,strike,strike_out_of_scope
1,2018-11-03,Detroit,MI,strike,strike_out_of_scope
1,2018-11-26,Indiana,PA,strike,strike_out_of_scope
1,2018-12-03,San Francisco,CA,strike,strike_out_of_scope
1,2018-12-04,Chicago,IL,strike,strike_out_of_scope
1,2018-12-05,Geneva,IL,strike;rally,strike_out_of_scope
1,2018-12-07,Chapel Hill,NC,grade-strike,strike_out_of_scope
1,2018-12-12,San Luis Obispo,CA,protest;strike,strike_out_of_scope
1,2019-01-08,St. Petersburg,FL,"strike, protest",strike_out_of_scope
1,2019-01-14,Los Angeles,CA,protest; strike,strike_out_of_scope
1,2019-01-14,Los Angeles,CA,protest; strike,strike_out_of_scope
1,2019-01-14,Los Angeles,CA,protest; strike,strike_out_of_scope
1,2019-01-14,Los Angeles,CA,protest; strike,strike_out_of_scope
1,2019-01-14,Los Angeles,CA,protest; strike,strike_out_of_scope
1,2019-01-14,Los Angeles,CA,protest; strike,strike_out_of_scope
1,2019-01-15,Los Angeles,CA,picket line; strike,strike_out_of_scope
1,2019-01-15,Los Angeles,CA,rally; strike,strike_out_of_scope
1,2019-01-15,Los Angeles,CA,picket line; strike,strike_out_of_scope
1,2019-01-16,Los Angeles,CA,picket line; strike,strike_out_of_scope
1,2019-01-16,Los Angeles,CA,picket line; strike,strike_out_of_scope
1,2019-01-16,Los Angeles,CA,picket line; strike,strike_out_of_scope
1,2019-01-16,Los Angeles,CA,picket line; strike,strike_out_of_scope
1,2019-01-16,Los Angeles,CA,picket line; strike,strike_out_of_scope
1,2019-01-16,Los Angeles,CA,picket line; strike,strike_out_of_scope
1,2019-01-16,Los Angeles,CA,picket line; strike,strike_out_of_scope
1,2019-01-16,Los Angeles,CA,picket line; strike,strike_out_of_scope
1,2019-01-16,Los Angeles,CA,picket line; strike,strike_out_of_scope
1,2019-01-16,Los Angeles,CA,picket line; strike,strike_out_of_scope
1,2019-01-16,Los Angeles,CA,picket line; strike,strike_out_of_scope
1,2019-01-16,Los Angeles,CA,picket line; strike,strike_out_of_scope
1,2019-01-16,Los Angeles,CA,picket line; strike,strike_out_of_scope
1,2019-01-16,Los Angeles,CA,picket line; strike,strike_out_of_scope
1,2019-01-16,Los Angeles,CA,picket line; strike,strike_out_of_scope
1,2019-01-17,Los Angeles,CA,picket line; strike,strike_out_of_scope
1,2019-01-17,Los Angeles,CA,picket line; strike,strike_out_of_scope
1,2019-01-17,Los Angeles,CA,picket line; strike,strike_out_of_scope
1,2019-01-17,Los Angeles,CA,picket line; strike,strike_out_of_scope
1,2019-01-17,Los Angeles,CA,picket line; strike,strike_out_of_scope
1,2019-01-17,Los Angeles,CA,picket line; strike,strike_out_of_scope
1,2019-01-17,Los Angeles,CA,picket line; strike,strike_out_of_scope
1,2019-01-17,Los Angeles,CA,picket line; strike,strike_out_of_scope
1,2019-01-18,Los Angeles,CA,protest; strike,strike_out_of_scope
1,2019-01-31,El Paso,TX,hunger strike,strike_out_of_scope
1,2019-02-11,Denver,CO,strike,strike_out_of_scope
1,2019-02-15,South Lake Tahoe,CA,strike,strike_out_of_scope
1,2019-02-19,Charleston,WV,strike; protest,strike_out_of_scope
1,2019-02-19,Martinsburg,WV,strike; protest,strike_out_of_scope
1,2019-02-27,Madison,OH,strike,strike_out_of_scope
1,2019-03-06,Frankfort,KY,protest; strike,strike_out_of_scope
1,2019-03-18,Miami,FL,hunger strike; protest,strike_out_of_scope
1,2019-04-11,Sacramento,CA,rally; strike,strike_out_of_scope
1,2019-04-12,Somerville,MA,strike; protest,strike_out_of_scope
1,2019-05-08,Los Angeles,CA,"strike, rally",strike_out_of_scope
1,2019-05-08,San Francisco,CA,"strike, protest",strike_out_of_scope
1,2019-05-08,Long Island City,NY,strike,strike_out_of_scope
1,2019-05-08,New York,NY,"strike, rally",strike_out_of_scope
1,2019-05-08,Philadelphia,PA,"strike, protest",strike_out_of_scope
1,2019-05-28,Pittsburgh,PA,strike,strike_out_of_scope
1,2019-05-30,North Haven,CT,strike,strike_out_of_scope
1,2019-06-03,Chicago,IL,strike; rally,strike_out_of_scope
1,2019-06-04,Chicago,IL,strike; rally,strike_out_of_scope
1,2019-06-05,Chicago,IL,strike; rally,strike_out_of_scope
1,2019-06-10,Franklin Lakes,NJ,strike,strike_out_of_scope
1,2019-06-13,Detroit,MI,strike,strike_out_of_scope
1,2019-06-15,Charleston,SC,Strike; march,strike_out_of_scope
1,2019-06-27,Washington,DC,strike,strike_out_of_scope
1,2019-06-27,Fort Lauderdale,FL,strike,strike_out_of_scope
1,2019-06-27,Miami,FL,strike,strike_out_of_scope
1,2019-06-27,New York,NY,strike,strike_out_of_scope
1,2019-07-08,Kalamazoo,MI,Strike,strike_out_of_scope
1,2019-08-24,Greenville,MS,strike; walkout,strike_out_of_scope
1,2019-08-24,Greenwood,MS,strike; walkout,strike_out_of_scope
1,2019-08-25,Louisville,KY,strike; picket,strike_out_of_scope
1,2019-09-09,Mountain Home,AR,protest; hunger-strike,strike_out_of_scope
1,2019-09-16,Flint,MI,walk-out; strike,strike_out_of_scope
1,2019-09-18,Burton,MI,strike; protest,strike_out_of_scope
1,2019-09-18,Flint,MI,strike; protest,strike_out_of_scope
1,2019-09-18,Swartz Creek,MI,strike; protest,strike_out_of_scope
1,2019-09-18,Spring Hill,TN,strike; protest,strike_out_of_scope
1,2019-09-20,Alameda,CA,protest; strike; walk-out; march,strike_out_of_scope
1,2019-09-20,Portland,OR,strike; protest,strike_out_of_scope
1,2019-09-27,Fort Collins,CO,protest; rally; strike,strike_out_of_scope
1,2019-09-27,West Lafayette,IN,protest; rally; strike,strike_out_of_scope
1,2019-09-27,Norman,OK,strike; protest,strike_out_of_scope
1,2019-09-28,Lawrence,MA,"protest, strike",strike_out_of_scope
1,2019-10-17,Chicago,IL,strike,strike_out_of_scope
1,2019-10-17,Chicago,IL,strike,strike_out_of_scope
1,2019-10-17,Chicago,IL,strike,strike_out_of_scope
1,2019-10-17,Chicago,IL,strike,strike_out_of_scope
1,2019-10-17,Chicago,IL,strike,strike_out_of_scope
1,2019-10-17,Chicago,IL,strike,strike_out_of_scope
1,2019-10-18,Chicago,IL,strike,strike_out_of_scope
1,2019-10-18,Chicago,IL,strike,strike_out_of_scope
1,2019-10-18,Chicago,IL,strike,strike_out_of_scope
1,2019-10-18,Chicago,IL,strike,strike_out_of_scope
1,2019-10-18,Chicago,IL,strike,strike_out_of_scope
1,2019-10-18,Chicago,IL,strike,strike_out_of_scope
1,2019-10-18,Chicago,IL,strike,strike_out_of_scope
1,2019-10-18,Chicago,IL,strike,strike_out_of_scope
1,2019-10-29,Decatur,IL,strike,strike_out_of_scope
1,2019-10-30,Dublin,CA,hunger strike; work strike; protest,strike_out_of_scope
1,2019-11-12,Sumter,SC,rally;strike,strike_out_of_scope
1,2019-11-13,Santa Barbara,CA,strike,strike_out_of_scope
1,2019-12-03,Cambridge,MA,strike; picket,strike_out_of_scope
1,2019-12-29,Skokie,IL,protest; strike,strike_out_of_scope
1,2019-12-29,Monsey,NY,protest; strike,strike_out_of_scope
1,2019-12-29,Stony Point,NY,protest; strike,strike_out_of_scope
1,2020-01-06,Yreka,CA,strike,strike_out_of_scope
1,2020-01-07,Yreka,CA,strike,strike_out_of_scope
1,2020-01-13,Phoenix,AZ,protest; strike,strike_out_of_scope
1,2020-02-14,Romulus,MI,strike,strike_out_of_scope
1,2020-02-22,Syracuse,NY,strike; march,strike_out_of_scope
1,2020-02-26,Norman,OK,sit-in; hunger strike,strike_out_of_scope
1,2020-03-03,Pine Prarie,LA,hunger strike,strike_out_of_scope
1,2020-03-17,Salinas,CA,meal strike,strike_out_of_scope
1,2020-03-17,Newark,NJ,hunger strike,strike_out_of_scope
1,2020-03-18,Kearny,NJ,hunger strike,strike_out_of_scope
1,2020-03-19,Guayama,PR,hunger strike,strike_out_of_scope
1,2020-03-20,Elizabeth,NJ,hunger strike,strike_out_of_scope
1,2020-03-22,Moore Haven,FL,hunger strike,strike_out_of_scope
1,2020-03-22,Rikers Island,NY,strike,strike_out_of_scope
1,2020-03-23,Dover,NH,hunger strike,strike_out_of_scope
1,2020-03-23,Batavia,NY,hunger strike,strike_out_of_scope
1,2020-03-24,Portage,WI,hunger strike,strike_out_of_scope
1,2020-03-25,Monroe,LA,hunger strike,strike_out_of_scope
1,2020-03-25,Hackensack,NJ,hunger strike,strike_out_of_scope
1,2020-03-25,Wallkill,NY,hunger strike,strike_out_of_scope
1,2020-03-25,Pittsburgh,PA,strike,strike_out_of_scope
1,2020-03-26,Folkston,GA,hunger strike,strike_out_of_scope
1,2020-03-26,Lumpkin,GA,hunger strike,strike_out_of_scope
1,2020-03-27,Tacoma,WA,hunger strike,strike_out_of_scope
1,2020-03-28,York,PA,hunger strike,strike_out_of_scope
1,2020-03-29,Chambersburg,PA,hunger strike,strike_out_of_scope
1,2020-03-30,Washington,DC,strike,strike_out_of_scope
1,2020-03-30,Bunker Hill,IN,hunger strike,strike_out_of_scope
1,2020-03-30,Bristol,MA,strike,strike_out_of_scope
1,2020-03-31,Key West,FL,hunger strike,strike_out_of_scope
1,2020-03-31,Farmville,VA,hunger strike,strike_out_of_scope
1,2020-04-02,Miami,FL,hunger strike,strike_out_of_scope
1,2020-04-03,San Diego,CA,hunger strike,strike_out_of_scope
1,2020-04-03,Chicago,IL,hunger strike,strike_out_of_scope
1,2020-04-03,Central Falls,RI,hunger strike,strike_out_of_scope
1,2020-04-04,New York,NY,hunger strike,strike_out_of_scope
1,2020-04-05,Adelanto,CA,hunger strike,strike_out_of_scope
1,2020-04-05,Baldwin,MI,hunger strike,strike_out_of_scope
1,2020-04-06,North San Jose,CA,strike,strike_out_of_scope
1,2020-04-07,Chicago,IL,hunger strike,strike_out_of_scope
1,2020-04-09,Bakersfield,CA,hunger strike,strike_out_of_scope
1,2020-04-10,Eloy,AZ,hunger strike,strike_out_of_scope
1,2020-04-10,Adelanto,CA,hunger strike,strike_out_of_scope
1,2020-04-11,Los Angeles,CA,strike,strike_out_of_scope
1,2020-04-13,Ocilla,GA,hunger strike,strike_out_of_scope
1,2020-04-15,Tacoma,WA,hunger strike,strike_out_of_scope
1,2020-04-30,Adelanto,CA,strike,strike_out_of_scope
1,2020-05-04,Dillwyn,VA,hunger strike,strike_out_of_scope
1,2020-05-06,Marion,OH,hunger strike,strike_out_of_scope
1,2020-05-08,Baldwin,MI,hunger strike,strike_out_of_scope
1,2020-05-08,Naches,WA,strike,strike_out_of_scope
1,2020-05-08,Selah,WA,strike,strike_out_of_scope
1,2020-05-08,Yakima,WA,strike,strike_out_of_scope
1,2020-05-09,Naches,WA,strike,strike_out_of_scope
1,2020-05-09,Selah,WA,strike,strike_out_of_scope
1,2020-05-09,Tacoma,WA,strike,strike_out_of_scope
1,2020-05-09,Yakima,WA,strike,strike_out_of_scope
1,2020-05-10,Naches,WA,strike,strike_out_of_scope
1,2020-05-10,Selah,WA,strike,strike_out_of_scope
1,2020-05-10,Yakima,WA,strike,strike_out_of_scope
1,2020-05-11,Naches,WA,strike,strike_out_of_scope
1,2020-05-11,Selah,WA,strike,strike_out_of_scope
1,2020-05-11,Yakima,WA,strike,strike_out_of_scope
1,2020-05-12,Estancia,NM,hunger strike,strike_out_of_scope
1,2020-05-12,Naches,WA,strike,strike_out_of_scope
1,2020-05-12,Selah,WA,strike,strike_out_of_scope
1,2020-05-12,Yakima,WA,strike,strike_out_of_scope
1,2020-05-14,Yakima,WA,strike,strike_out_of_scope
1,2020-05-20,Florence,AZ,hunger strike,strike_out_of_scope
1,2020-05-31,Los Fresnos,TX,hunger strike,strike_out_of_scope
1,2020-06-04,Bakersfield,CA,hunger strike,strike_out_of_scope
1,2020-06-12,Spokane,WA,strike; protest,strike_out_of_scope
1,2020-06-19,New Orleans,LA,strike; protest,strike_out_of_scope
1,2020-06-21,Bath,ME,strike,strike_out_of_scope
1,2020-06-22,Walla Walla,WA,hunger strike,strike_out_of_scope
1,2020-06-27,Eugene,OR,hunger strike,strike_out_of_scope
1,2020-06-30,San Quentin,CA,hunger strike,strike_out_of_scope
1,2020-07-06,Houston,TX,strike,strike_out_of_scope
1,2020-07-11,Portland,OR,strike; protest,strike_out_of_scope
1,2020-07-11,Pittsburgh,PA,march; hunger strike,strike_out_of_scope
1,2020-07-12,Watertown,MA,strike,strike_out_of_scope
1,2020-07-19,Louisville,KY,hunger strike,strike_out_of_scope
1,2020-07-20,Oakland,CA,"protest, strike",strike_out_of_scope
1,2020-07-20,Boston,MA,strike; rally,strike_out_of_scope
1,2020-07-25,Louisville,KY,hunger strike,strike_out_of_scope
1,2020-07-25,Bath,ME,protest; strike,strike_out_of_scope
1,2020-08-10,Pine Prarie,LA,hunger strike,strike_out_of_scope
1,2020-08-14,San Jose,CA,hunger strike,strike_out_of_scope
1,2020-08-14,Louisville,KY,hunger strike,strike_out_of_scope
1,2020-08-14,Pine Prarie,LA,hunger strike,strike_out_of_scope
1,2020-08-15,Louisville,KY,hunger strike,strike_out_of_scope
1,2020-08-15,Brookline,MA,walkout; strike,strike_out_of_scope
1,2020-08-17,Pendleton,OR,hunger strike,strike_out_of_scope
1,2020-08-22,Brookline,MA,strike; picket,strike_out_of_scope
1,2020-09-01,San Francisco,CA,strike,strike_out_of_scope
1,2020-09-03,Tampa,FL,strike; caravan,strike_out_of_scope
1,2020-09-04,La Crosse,WI,strike,strike_out_of_scope
1,2020-09-07,Lawrence,KS,strike,strike_out_of_scope
1,2020-09-07,Albany,NY,strike,strike_out_of_scope
1,2020-09-08,Ann Arbor,MI,strike; picket,strike_out_of_scope
1,2020-09-09,Ann Arbor,MI,strike; picket,strike_out_of_scope
1,2020-09-09,Langeloth,PA,strike; rally,strike_out_of_scope
1,2020-09-10,Ann Arbor,MI,strike; picket,strike_out_of_scope
1,2020-09-11,Ann Arbor,MI,strike; picket,strike_out_of_scope
1,2020-09-12,Chicago,IL,strike; picket,strike_out_of_scope
1,2020-09-12,Ann Arbor,MI,strike; picket,strike_out_of_scope
1,2020-09-13,Chicago,IL,strike; picket,strike_out_of_scope
1,2020-09-13,Ann Arbor,MI,strike; picket,strike_out_of_scope
1,2020-09-14,Chicago,IL,strike; picket,strike_out_of_scope
1,2020-09-14,Chicago,IL,strike; picket,strike_out_of_scope
1,2020-09-14,Ann Arbor,MI,strike; picket,strike_out_of_scope
1,2020-09-15,Chicago,IL,strike; picket,strike_out_of_scope
1,2020-09-15,Chicago,IL,strike; picket,strike_out_of_scope
1,2020-09-16,Chicago,IL,strike; picket; march,strike_out_of_scope
1,2020-09-16,Chicago,IL,strike; picket,strike_out_of_scope
1,2020-09-16,Ann Arbor,MI,strike; picket,strike_out_of_scope
1,2020-09-17,Chicago,IL,strike; picket,strike_out_of_scope
1,2020-09-17,Chicago,IL,strike; picket; march,strike_out_of_scope
1,2020-09-17,Jackson,MS,strike; picket,strike_out_of_scope
1,2020-09-17,Wellsville,NY,strike,strike_out_of_scope
1,2020-09-18,Chicago,IL,strike; picket,strike_out_of_scope
1,2020-09-18,Chicago,IL,strike; picket; march,strike_out_of_scope
1,2020-09-19,Chicago,IL,strike; picket,strike_out_of_scope
1,2020-09-19,Minneapolis,MN,strike; picket; rally,strike_out_of_scope
1,2020-09-28,Burlington,VT,strike,strike_out_of_scope
1,2020-09-29,New York,NY,strike; march,strike_out_of_scope
1,2020-10-02,Providence,RI,strike,strike_out_of_scope
1,2020-10-05,New York,NY,strike,strike_out_of_scope
1,2020-10-05,Bend,OR,rally; virtual strike,strike_out_of_scope
1,2020-10-07,Alameda,CA,picket; strike,strike_out_of_scope
1,2020-10-07,Oakland,CA,picket; strike,strike_out_of_scope
1,2020-10-07,San Leandro,CA,picket; strike,strike_out_of_scope
1,2020-10-10,New Orleans,LA,strike; picket,strike_out_of_scope
1,2020-10-12,Auburn,ME,hunger strike,strike_out_of_scope
1,2020-10-12,Youngstown,OH,strike; picket,strike_out_of_scope
1,2020-10-13,Norwich,CT,strike; picket,strike_out_of_scope
1,2020-10-13,Gahanna,OH,strike; picket,strike_out_of_scope
1,2020-10-14,Norwich,CT,strike; picket,strike_out_of_scope
1,2020-10-14,Gahanna,OH,strike; picket,strike_out_of_scope
1,2020-10-20,Bettendorf,IA,strike; picket,strike_out_of_scope
1,2020-10-24,Hyattsville,MD,rally; rent strike,strike_out_of_scope
1,2020-10-28,Haverford,PA,strike; boycott,strike_out_of_scope
1,2020-10-29,Haverford,PA,strike; boycott,strike_out_of_scope
1,2020-10-30,Haverford,PA,strike; boycott,strike_out_of_scope
1,2020-10-31,Haverford,PA,strike; boycott,strike_out_of_scope
1,2020-11-01,Haverford,PA,strike; boycott,strike_out_of_scope
1,2020-11-02,Toledo,OH,walkout; strike,strike_out_of_scope
1,2020-11-02,Haverford,PA,strike; boycott,strike_out_of_scope
1,2020-11-03,Bryn Mawr,PA,strike; boycott,strike_out_of_scope
1,2020-11-03,Haverford,PA,strike; boycott,strike_out_of_scope
1,2020-11-04,Bryn Mawr,PA,strike; boycott,strike_out_of_scope
1,2020-11-04,Haverford,PA,strike; boycott,strike_out_of_scope
1,2020-11-05,Bryn Mawr,PA,strike; boycott,strike_out_of_scope
1,2020-11-05,Haverford,PA,strike; boycott,strike_out_of_scope
1,2020-11-06,Bryn Mawr,PA,strike; boycott,strike_out_of_scope
1,2020-11-06,Haverford,PA,strike; boycott,strike_out_of_scope
1,2020-11-07,Bryn Mawr,PA,strike; boycott,strike_out_of_scope
1,2020-11-07,Haverford,PA,strike; boycott,strike_out_of_scope
1,2020-11-08,Bryn Mawr,PA,strike; boycott,strike_out_of_scope
1,2020-11-08,Haverford,PA,strike; boycott,strike_out_of_scope
1,2020-11-09,Bryn Mawr,PA,strike; boycott,strike_out_of_scope
1,2020-11-09,Haverford,PA,strike; boycott,strike_out_of_scope
1,2020-11-10,Bryn Mawr,PA,strike; boycott,strike_out_of_scope
1,2020-11-10,Haverford,PA,strike; boycott,strike_out_of_scope
1,2020-11-11,Bryn Mawr,PA,strike; boycott,strike_out_of_scope
1,2020-11-11,Haverford,PA,strike; boycott,strike_out_of_scope
1,2020-11-12,Bryn Mawr,PA,strike; boycott,strike_out_of_scope
1,2020-11-13,Hackensack,NJ,hunger strike,strike_out_of_scope
1,2020-11-13,Bryn Mawr,PA,strike; boycott,strike_out_of_scope
1,2020-11-14,Hackensack,NJ,hunger strike,strike_out_of_scope
1,2020-11-14,Bryn Mawr,PA,strike; boycott,strike_out_of_scope
1,2020-11-15,Bryn Mawr,PA,strike; boycott,strike_out_of_scope
1,2020-11-16,Bryn Mawr,PA,strike; boycott,strike_out_of_scope
1,2020-11-17,Bryn Mawr,PA,strike; boycott,strike_out_of_scope
1,2020-11-17,Langhorne,PA,strike,strike_out_of_scope
1,2020-11-18,Fargo,ND,strike,strike_out_of_scope
1,2020-11-18,Perth Amboy,NJ,strike; picket,strike_out_of_scope
1,2020-11-18,Bryn Mawr,PA,strike; boycott,strike_out_of_scope
1,2020-11-18,Langhorne,PA,strike,strike_out_of_scope
1,2020-11-19,Perth Amboy,NJ,strike; picket,strike_out_of_scope
1,2020-11-19,Bryn Mawr,PA,strike; boycott,strike_out_of_scope
1,2020-11-23,Chicago,IL,strike; picket,strike_out_of_scope
1,2020-11-23,Cicero,IL,strike; picket,strike_out_of_scope
1,2020-11-23,Maywood,IL,strike; picket,strike_out_of_scope
1,2020-11-23,Streator,IL,strike; picket,strike_out_of_scope
1,2020-11-23,Tacoma,WA,strike; picket,strike_out_of_scope
1,2020-11-24,Darien,CT,strike; caravan,strike_out_of_scope
1,2020-11-30,Cicero,IL,strike; picket,strike_out_of_scope
1,2020-12-01,Itasca,IL,strike; picket,strike_out_of_scope
1,2020-12-01,Albany,NY,strike; picket,strike_out_of_scope
1,2020-12-01,New Rochelle,NY,strike,strike_out_of_scope
1,2020-12-02,Chicago,IL,strike; picket,strike_out_of_scope
1,2020-12-02,New Rochelle,NY,strike,strike_out_of_scope
1,2020-12-06,Tacoma,WA,hunger strike,strike_out_of_scope
1,2020-12-14,Castro Valley,CA,strike,strike_out_of_scope
1,2020-12-16,Muscle Shoals,AL,strike; picket,strike_out_of_scope
1,2020-12-17,Castro Valley,CA,strike,strike_out_of_scope
2,1/1/2021,Montgomery,AL,strike; boycott,strike_out_of_scope
2,1/1/2021,Santa Rosa,CA,hunger strike,strike_out_of_scope
2,1/7/2021,Chicago,IL,wildcat strike,strike_out_of_scope
2,1/8/2021,Chicago,IL,wildcat strike,strike_out_of_scope
2,1/13/2021,Worcester,MA,virtual rally; tuition strike,strike_out_of_scope
2,1/15/2021,Los Angeles,CA,strike,strike_out_of_scope
2,1/15/2021,Oakland,CA,strike,strike_out_of_scope
2,1/15/2021,Sacramento,CA,strike,strike_out_of_scope
2,1/15/2021,Fort Lauderdale,FL,strike,strike_out_of_scope
2,1/15/2021,Miami,FL,strike,strike_out_of_scope
2,1/15/2021,Orlando,FL,strike,strike_out_of_scope
2,1/15/2021,Tampa,FL,strike,strike_out_of_scope
2,1/15/2021,Chicago,IL,strike,strike_out_of_scope
2,1/15/2021,Detroit,MI,strike,strike_out_of_scope
2,1/15/2021,Flint,MI,strike,strike_out_of_scope
2,1/15/2021,Saint Louis,MO,strike,strike_out_of_scope
2,1/15/2021,Durham,NC,strike,strike_out_of_scope
2,1/15/2021,Charleston,SC,strike,strike_out_of_scope
2,1/15/2021,Memphis,TN,strike,strike_out_of_scope
2,1/15/2021,Houston,TX,strike,strike_out_of_scope
2,1/15/2021,Milwaukee,WI,strike,strike_out_of_scope
2,1/17/2021,New York,NY,strike; picket; rally,strike_out_of_scope
2,1/18/2021,New York,NY,strike; picket,strike_out_of_scope
2,1/19/2021,New York,NY,strike; picket,strike_out_of_scope
2,1/20/2021,New York,NY,strike; picket,strike_out_of_scope
2,1/21/2021,Norwalk,CT,strike; picket,strike_out_of_scope
2,1/21/2021,Saint Paul Park,MN,strike,strike_out_of_scope
2,1/21/2021,New York,NY,strike; picket,strike_out_of_scope
2,1/21/2021,New York,NY,strike,strike_out_of_scope
2,1/22/2021,Norwalk,CT,strike; picket,strike_out_of_scope
2,1/22/2021,Saint Paul Park,MN,strike,strike_out_of_scope
2,1/22/2021,New York,NY,strike; picket,strike_out_of_scope
2,1/23/2021,Norwalk,CT,strike; picket,strike_out_of_scope
2,1/23/2021,Saint Paul Park,MN,strike,strike_out_of_scope
2,1/23/2021,New York,NY,strike; picket,strike_out_of_scope
2,1/24/2021,Norwalk,CT,strike; picket,strike_out_of_scope
2,1/24/2021,Saint Paul Park,MN,strike,strike_out_of_scope
2,1/25/2021,Norwalk,CT,strike; picket,strike_out_of_scope
2,1/25/2021,Saint Paul Park,MN,strike; picket,strike_out_of_scope
2,1/26/2021,Norwalk,CT,strike,strike_out_of_scope
2,1/26/2021,Saint Paul Park,MN,strike; picket,strike_out_of_scope
2,1/27/2021,Norwalk,CT,strike,strike_out_of_scope
2,1/28/2021,Norwalk,CT,strike,strike_out_of_scope
2,1/29/2021,Norwalk,CT,strike,strike_out_of_scope
2,1/29/2021,Saint Paul Park,MN,strike; picket,strike_out_of_scope
2,1/30/2021,Norwalk,CT,strike,strike_out_of_scope
2,1/30/2021,Saint Paul Park,MN,strike; picket,strike_out_of_scope
2,1/31/2021,Saint Paul Park,MN,strike; picket,strike_out_of_scope
2,2/1/2021,Saint Paul Park,MN,strike; picket,strike_out_of_scope
2,2/1/2021,Philadelphia,PA,demonstration; hunger strike,strike_out_of_scope
2,2/2/2021,Saint Paul Park,MN,strike; picket,strike_out_of_scope
2,2/4/2021,Oxnard,CA,walkout; picket,walkout_labor_precutoff
2,2/4/2021,Chicago,IL,hunger strike,strike_out_of_scope
2,2/5/2021,South Whitehall Township,PA,strike; picket,strike_out_of_scope
2,2/6/2021,South Whitehall Township,PA,strike; picket,strike_out_of_scope
2,2/7/2021,South Whitehall Township,PA,strike; picket,strike_out_of_scope
2,2/8/2021,South Whitehall Township,PA,strike; picket,strike_out_of_scope
2,2/9/2021,South Whitehall Township,PA,strike; picket,strike_out_of_scope
2,2/10/2021,South Whitehall Township,PA,strike; picket,strike_out_of_scope
2,2/11/2021,Burlingame,CA,strike; picket,strike_out_of_scope
2,2/11/2021,South Whitehall Township,PA,strike; picket,strike_out_of_scope
2,2/12/2021,South Whitehall Township,PA,strike; picket,strike_out_of_scope
2,2/13/2021,South Whitehall Township,PA,strike; picket,strike_out_of_scope
2,2/14/2021,Saint Paul Park,MN,strike; picket; caravan,strike_out_of_scope
2,2/14/2021,South Whitehall Township,PA,strike; picket,strike_out_of_scope
2,2/15/2021,South Whitehall Township,PA,strike; picket,strike_out_of_scope
2,2/16/2021,Milpitas,CA,strike; picket,strike_out_of_scope
2,2/16/2021,Oakland,CA,strike; picket,strike_out_of_scope
2,2/16/2021,Sacramento,CA,strike; picket,strike_out_of_scope
2,2/16/2021,San Jose,CA,strike; picket,strike_out_of_scope
2,2/16/2021,Kissimmee,FL,strike; picket,strike_out_of_scope
2,2/16/2021,Miami,FL,strike; picket,strike_out_of_scope
2,2/16/2021,Orlando,FL,strike; picket,strike_out_of_scope
2,2/16/2021,Tampa,FL,strike; picket,strike_out_of_scope
2,2/16/2021,Atlanta,GA,strike; picket,strike_out_of_scope
2,2/16/2021,Chicago,IL,strike; picket,strike_out_of_scope
2,2/16/2021,Detroit,MI,strike; picket,strike_out_of_scope
2,2/16/2021,Flint,MI,strike; picket,strike_out_of_scope
2,2/16/2021,Burgaw,NC,strike; picket,strike_out_of_scope
2,2/16/2021,Durham,NC,strike; picket; caravan,strike_out_of_scope
2,2/16/2021,Raleigh,NC,strike; picket,strike_out_of_scope
2,2/16/2021,New York,NY,strike; demonstration,strike_out_of_scope
2,2/16/2021,Springfield,OR,strike; picket,strike_out_of_scope
2,2/16/2021,South Whitehall Township,PA,strike; picket,strike_out_of_scope
2,2/16/2021,Charleston,SC,strike; picket,strike_out_of_scope
2,2/16/2021,Houston,TX,strike; picket,strike_out_of_scope
2,2/16/2021,Richmond,VA,strike; picket,strike_out_of_scope
2,2/16/2021,Milwaukee,WI,strike; picket; caravan,strike_out_of_scope
2,2/17/2021,Angola,LA,hunger strike,strike_out_of_scope
2,2/17/2021,South Whitehall Township,PA,strike; picket,strike_out_of_scope
2,2/22/2021,Topeka,KS,protest; hunger strike,strike_out_of_scope
2,2/23/2021,Chicago,IL,vigil; hunger strike,strike_out_of_scope
2,2/24/2021,El Paso,TX,walkout,walkout_labor_precutoff
2,2/28/2021,Houston,TX,demonstration; rent strike,strike_out_of_scope
2,3/4/2021,Bourbonnais,IL,strike; picket,strike_out_of_scope
2,3/4/2021,Bend,OR,strike; picket,strike_out_of_scope
2,3/5/2021,Bend,OR,strike; picket,strike_out_of_scope
2,3/6/2021,Bend,OR,strike; picket,strike_out_of_scope
2,3/6/2021,Houston,TX,rally; rent strike,strike_out_of_scope
2,3/7/2021,Bend,OR,strike; picket,strike_out_of_scope
2,3/8/2021,Worcester,MA,strike; picket,strike_out_of_scope
2,3/8/2021,Bend,OR,strike; picket,strike_out_of_scope
2,3/9/2021,Worcester,MA,strike; picket,strike_out_of_scope
2,3/9/2021,Bend,OR,strike; picket,strike_out_of_scope
2,3/10/2021,Worcester,MA,strike; picket,strike_out_of_scope
2,3/10/2021,Bend,OR,strike; picket,strike_out_of_scope
2,3/11/2021,Worcester,MA,strike; picket,strike_out_of_scope
2,3/11/2021,Saint Paul Park,MN,strike; picket,strike_out_of_scope
2,3/11/2021,Saint James,MO,strike; picket,strike_out_of_scope
2,3/11/2021,Bend,OR,strike; picket,strike_out_of_scope
2,3/12/2021,Worcester,MA,strike; picket,strike_out_of_scope
2,3/12/2021,Bend,OR,strike; picket,strike_out_of_scope
2,3/13/2021,Worcester,MA,strike; picket,strike_out_of_scope
2,3/13/2021,Chillum,MD,demonstration; rent strike,strike_out_of_scope
2,3/14/2021,Worcester,MA,strike; picket,strike_out_of_scope
2,3/15/2021,Worcester,MA,strike; picket,strike_out_of_scope
2,3/15/2021,New York,NY,strike; picket,strike_out_of_scope
2,3/16/2021,Westborough,MA,strike; picket,strike_out_of_scope
2,3/16/2021,Worcester,MA,strike; picket,strike_out_of_scope
2,3/16/2021,New York,NY,strike; picket,strike_out_of_scope
2,3/16/2021,New York,NY,demonstration; hunger strike,strike_out_of_scope
2,3/17/2021,Worcester,MA,strike; picket,strike_out_of_scope
2,3/17/2021,New York,NY,march; rally; hunger strike,strike_out_of_scope
2,3/17/2021,New York,NY,strike; picket,strike_out_of_scope
2,3/18/2021,Worcester,MA,strike; picket,strike_out_of_scope
2,3/18/2021,New York,NY,strike; picket,strike_out_of_scope
2,3/18/2021,New York,NY,demonstration; hunger strike,strike_out_of_scope
2,3/18/2021,White Plains,NY,rally; hunger strike,strike_out_of_scope
2,3/19/2021,Worcester,MA,strike; picket,strike_out_of_scope
2,3/19/2021,New York,NY,strike; picket,strike_out_of_scope
2,3/19/2021,New York,NY,demonstration; hunger strike,strike_out_of_scope
2,3/19/2021,White Plains,NY,rally; hunger strike,strike_out_of_scope
2,3/20/2021,Worcester,MA,strike; picket,strike_out_of_scope
2,3/21/2021,Florence,AZ,hunger strike,strike_out_of_scope
2,3/21/2021,Worcester,MA,strike; picket,strike_out_of_scope
2,3/22/2021,Worcester,MA,strike; picket,strike_out_of_scope
2,3/22/2021,New York,NY,strike; picket,strike_out_of_scope
2,3/23/2021,Worcester,MA,strike; picket,strike_out_of_scope
2,3/23/2021,New York,NY,strike; picket,strike_out_of_scope
2,3/23/2021,Yonkers,NY,demonstration; hunger strike,strike_out_of_scope
2,3/23/2021,Houston,TX,picket; rent strike,strike_out_of_scope
2,3/24/2021,San Francisco,CA,strike; picket,strike_out_of_scope
2,3/24/2021,San Francisco,CA,strike; picket,strike_out_of_scope
2,3/24/2021,Worcester,MA,strike; picket,strike_out_of_scope
2,3/24/2021,New York,NY,strike; picket,strike_out_of_scope
2,3/24/2021,New York,NY,rally; hunger strike,strike_out_of_scope
2,3/25/2021,Worcester,MA,strike; picket,strike_out_of_scope
2,3/25/2021,New York,NY,strike; picket,strike_out_of_scope
2,3/26/2021,Worcester,MA,strike; picket,strike_out_of_scope
2,3/26/2021,New York,NY,strike; picket,strike_out_of_scope
2,3/27/2021,Worcester,MA,strike; picket,strike_out_of_scope
2,3/27/2021,New York,NY,rally; hunger strike,strike_out_of_scope
2,3/27/2021,New York,NY,picket; strike,strike_out_of_scope
2,3/28/2021,Worcester,MA,strike; picket,strike_out_of_scope
2,3/28/2021,Langley Park,MD,demonstration; rent strike,strike_out_of_scope
2,3/28/2021,New York,NY,rally; hunger strike,strike_out_of_scope
2,3/29/2021,Worcester,MA,strike; picket,strike_out_of_scope
2,3/29/2021,New York,NY,strike; picket,strike_out_of_scope
2,3/29/2021,New York,NY,hunger strike; rally,strike_out_of_scope
2,3/30/2021,Worcester,MA,strike; picket,strike_out_of_scope
2,3/30/2021,New York,NY,strike; picket,strike_out_of_scope
2,3/30/2021,New York,NY,hunger strike; rally,strike_out_of_scope
2,3/30/2021,Brackenridge,PA,strike; picket,strike_out_of_scope
2,3/30/2021,Canton Township,PA,strike; picket,strike_out_of_scope
2,3/30/2021,Latrobe,PA,strike; picket,strike_out_of_scope
2,3/30/2021,Monaca,PA,strike; picket,strike_out_of_scope
2,3/30/2021,Natrona Heights,PA,strike; picket,strike_out_of_scope
2,3/30/2021,Oakdale,PA,strike; picket,strike_out_of_scope
2,3/30/2021,Rochester,PA,strike; picket,strike_out_of_scope
2,3/30/2021,Vandergrift,PA,strike; picket,strike_out_of_scope
2,3/30/2021,Washington,PA,strike; picket,strike_out_of_scope
2,3/30/2021,Zelienople,PA,strike; picket,strike_out_of_scope
2,3/31/2021,Washington,DC,banner drop; demonstration; rent strike,strike_out_of_scope
2,3/31/2021,Worcester,MA,strike; picket,strike_out_of_scope
2,3/31/2021,New York,NY,strike; picket,strike_out_of_scope
2,3/31/2021,New York,NY,hunger strike; rally,strike_out_of_scope
2,4/1/2021,Brookwood,AL,strike; picket,strike_out_of_scope
2,4/1/2021,Washington,DC,demonstration; hunger strike,strike_out_of_scope
2,4/1/2021,Worcester,MA,strike; picket,strike_out_of_scope
2,4/1/2021,New York,NY,strike; picket,strike_out_of_scope
2,4/1/2021,New York,NY,hunger strike; rally,strike_out_of_scope
2,4/1/2021,New York,NY,demonstration; hunger strike,strike_out_of_scope
2,4/2/2021,Brookwood,AL,strike; picket,strike_out_of_scope
2,4/2/2021,Worcester,MA,strike; picket,strike_out_of_scope
2,4/2/2021,New York,NY,strike; picket,strike_out_of_scope
2,4/2/2021,New York,NY,hunger strike; rally,strike_out_of_scope
2,4/3/2021,Adger,AL,strike; picket,strike_out_of_scope
2,4/3/2021,Brookwood,AL,strike,strike_out_of_scope
2,4/3/2021,Washington,DC,rally; protest; hunger strike,strike_out_of_scope
2,4/3/2021,Worcester,MA,strike; picket,strike_out_of_scope
2,4/3/2021,New York,NY,hunger strike; rally,strike_out_of_scope
2,4/4/2021,Brookwood,AL,strike,strike_out_of_scope
2,4/4/2021,Worcester,MA,strike; picket,strike_out_of_scope
2,4/4/2021,Henrietta,NY,walkout,walkout_labor_precutoff
2,4/5/2021,Brookwood,AL,strike,strike_out_of_scope
2,4/5/2021,Worcester,MA,strike; picket,strike_out_of_scope
2,4/5/2021,Albany,NY,demonstration; march; hunger strike,strike_out_of_scope
2,4/5/2021,New York,NY,rally; hunger strike,strike_out_of_scope
2,4/6/2021,Brookwood,AL,strike,strike_out_of_scope
2,4/6/2021,Washington,DC,demonstration; hunger strike,strike_out_of_scope
2,4/6/2021,Worcester,MA,strike; picket,strike_out_of_scope
2,4/6/2021,Albany,NY,demonstration; hunger strike,strike_out_of_scope
2,4/7/2021,Brookwood,AL,strike,strike_out_of_scope
2,4/7/2021,Chicago,IL,walkout,walkout_labor_precutoff
2,4/7/2021,Worcester,MA,strike; picket,strike_out_of_scope
2,4/7/2021,Trenton,NJ,demonstration; march; hunger strike,strike_out_of_scope
2,4/8/2021,Brookwood,AL,strike,strike_out_of_scope
2,4/8/2021,Worcester,MA,strike; picket,strike_out_of_scope
2,4/8/2021,Houston,TX,picket; rent strike,strike_out_of_scope
2,4/9/2021,Brookwood,AL,strike,strike_out_of_scope
2,4/9/2021,Worcester,MA,strike; picket,strike_out_of_scope
2,4/9/2021,Elizabeth,NJ,demonstration; march; hunger strike,strike_out_of_scope
2,4/10/2021,Brookwood,AL,strike,strike_out_of_scope
2,4/10/2021,Worcester,MA,strike; picket,strike_out_of_scope
2,4/11/2021,Brookwood,AL,strike,strike_out_of_scope
2,4/11/2021,Worcester,MA,strike; picket,strike_out_of_scope
2,4/12/2021,Brookwood,AL,strike,strike_out_of_scope
2,4/12/2021,Worcester,MA,strike; picket,strike_out_of_scope
2,4/13/2021,Brookwood,AL,strike; picket,strike_out_of_scope
2,4/13/2021,Washington,DC,vigil; hunger strike,strike_out_of_scope
2,4/13/2021,Worcester,MA,strike; picket,strike_out_of_scope
2,4/13/2021,Passaic,NJ,demonstration; hunger strike,strike_out_of_scope
2,4/14/2021,Brookwood,AL,strike; picket,strike_out_of_scope
2,4/14/2021,Los Angeles,CA,walkout,walkout_labor_precutoff
2,4/14/2021,Worcester,MA,strike; picket,strike_out_of_scope
2,4/14/2021,Newark,NJ,demonstration; hunger strike,strike_out_of_scope
2,4/15/2021,Brookwood,AL,strike; picket,strike_out_of_scope
2,4/15/2021,Chicago,IL,strike; picket,strike_out_of_scope
2,4/15/2021,Worcester,MA,strike; picket,strike_out_of_scope
2,4/16/2021,Brookwood,AL,strike; picket,strike_out_of_scope
2,4/16/2021,Worcester,MA,strike; picket,strike_out_of_scope
2,4/17/2021,Brookwood,AL,strike; picket,strike_out_of_scope
2,4/17/2021,Worcester,MA,strike; picket,strike_out_of_scope
2,4/18/2021,Brookwood,AL,strike; picket,strike_out_of_scope
2,4/18/2021,Worcester,MA,strike; picket,strike_out_of_scope
2,4/19/2021,Brookwood,AL,strike; picket,strike_out_of_scope
2,4/19/2021,Worcester,MA,strike; picket,strike_out_of_scope
2,4/19/2021,New York,NY,strike; picket,strike_out_of_scope
2,4/20/2021,Brookwood,AL,strike; picket,strike_out_of_scope
2,4/20/2021,Worcester,MA,strike; picket,strike_out_of_scope
2,4/20/2021,New York,NY,strike; picket,strike_out_of_scope
2,4/21/2021,Brookwood,AL,strike; picket,strike_out_of_scope
2,4/21/2021,Worcester,MA,strike; picket,strike_out_of_scope
2,4/21/2021,New York,NY,strike; picket,strike_out_of_scope
2,4/21/2021,Tunkhannock,PA,strike; picket,strike_out_of_scope
2,4/22/2021,Brookwood,AL,strike; picket,strike_out_of_scope
2,4/22/2021,Worcester,MA,strike; picket,strike_out_of_scope
2,4/22/2021,New York,NY,strike; picket,strike_out_of_scope
2,4/22/2021,Tunkhannock,PA,strike; picket,strike_out_of_scope
2,4/23/2021,Brookwood,AL,strike; picket,strike_out_of_scope
2,4/23/2021,Worcester,MA,strike; picket,strike_out_of_scope
2,4/23/2021,New York,NY,strike; picket,strike_out_of_scope
2,4/24/2021,Brookwood,AL,strike; picket,strike_out_of_scope
2,4/24/2021,Worcester,MA,strike; picket,strike_out_of_scope
2,4/24/2021,New York,NY,strike; picket,strike_out_of_scope
2,4/25/2021,Brookwood,AL,strike; picket,strike_out_of_scope
2,4/25/2021,Worcester,MA,strike; picket,strike_out_of_scope
2,4/25/2021,New York,NY,strike; picket,strike_out_of_scope
2,4/26/2021,Brookwood,AL,strike; picket,strike_out_of_scope
2,4/26/2021,Worcester,MA,strike; picket,strike_out_of_scope
2,4/26/2021,Greenville,MS,strike,strike_out_of_scope
2,4/26/2021,New York,NY,strike; picket,strike_out_of_scope
2,4/26/2021,New York,NY,strike; picket,strike_out_of_scope
2,4/26/2021,Klamath Falls,OR,strike; picket,strike_out_of_scope
2,4/27/2021,Brookwood,AL,strike; picket,strike_out_of_scope
2,4/27/2021,Worcester,MA,strike; picket,strike_out_of_scope
2,4/27/2021,Greenville,MS,strike,strike_out_of_scope
2,4/27/2021,New York,NY,strike; picket,strike_out_of_scope
2,4/27/2021,New York,NY,strike; picket,strike_out_of_scope
2,4/27/2021,New York,NY,strike; picket,strike_out_of_scope
2,4/27/2021,Klamath Falls,OR,strike; picket,strike_out_of_scope
2,4/28/2021,Brookwood,AL,strike; picket,strike_out_of_scope
2,4/28/2021,Worcester,MA,strike; picket,strike_out_of_scope
2,4/28/2021,New York,NY,strike; picket,strike_out_of_scope
2,4/28/2021,New York,NY,strike; picket,strike_out_of_scope
2,4/29/2021,Brookwood,AL,strike; picket,strike_out_of_scope
2,4/29/2021,Worcester,MA,strike; picket,strike_out_of_scope
2,4/29/2021,New York,NY,strike; picket,strike_out_of_scope
2,4/29/2021,New York,NY,strike; picket,strike_out_of_scope
2,4/29/2021,Klamath Falls,OR,strike; picket,strike_out_of_scope
2,4/30/2021,Brookwood,AL,strike; picket,strike_out_of_scope
2,4/30/2021,Worcester,MA,strike; picket,strike_out_of_scope
2,4/30/2021,New York,NY,strike; picket,strike_out_of_scope
2,4/30/2021,New York,NY,strike; picket,strike_out_of_scope
2,5/1/2021,Brookwood,AL,strike; picket,strike_out_of_scope
2,5/1/2021,Worcester,MA,strike; picket,strike_out_of_scope
2,5/1/2021,New York,NY,strike; picket,strike_out_of_scope
2,5/1/2021,Beaumont,TX,strike; picket line,strike_out_of_scope
2,5/2/2021,Brookwood,AL,strike; picket,strike_out_of_scope
2,5/2/2021,Worcester,MA,strike; picket,strike_out_of_scope
2,5/2/2021,New York,NY,strike; picket,strike_out_of_scope
2,5/3/2021,Brookwood,AL,strike; picket,strike_out_of_scope
2,5/3/2021,Worcester,MA,strike; picket,strike_out_of_scope
2,5/3/2021,New York,NY,strike; picket,strike_out_of_scope
2,5/3/2021,New York,NY,strike; picket,strike_out_of_scope
2,5/4/2021,Brookwood,AL,strike; picket,strike_out_of_scope
2,5/4/2021,Worcester,MA,strike; picket,strike_out_of_scope
2,5/4/2021,Scarborough,ME,strike; picket,strike_out_of_scope
2,5/4/2021,Wells,ME,strike; picket,strike_out_of_scope
2,5/4/2021,New York,NY,strike; picket,strike_out_of_scope
2,5/4/2021,New York,NY,strike; picket,strike_out_of_scope
2,5/5/2021,Brookwood,AL,strike; picket,strike_out_of_scope
2,5/5/2021,Worcester,MA,strike; picket,strike_out_of_scope
2,5/5/2021,New York,NY,protest; strike; picket,strike_out_of_scope
2,5/5/2021,New York,NY,strike; picket,strike_out_of_scope
2,5/6/2021,Brookwood,AL,strike; picket,strike_out_of_scope
2,5/6/2021,Worcester,MA,strike; picket,strike_out_of_scope
2,5/6/2021,New York,NY,strike; picket,strike_out_of_scope
2,5/6/2021,New York,NY,strike; picket,strike_out_of_scope
2,5/7/2021,Brookwood,AL,strike; picket,strike_out_of_scope
2,5/7/2021,Worcester,MA,strike; picket,strike_out_of_scope
2,5/7/2021,New York,NY,strike; picket,strike_out_of_scope
2,5/7/2021,New York,NY,strike; picket,strike_out_of_scope
2,5/8/2021,Brookwood,AL,strike; picket,strike_out_of_scope
2,5/8/2021,Worcester,MA,strike; picket,strike_out_of_scope
2,5/8/2021,New York,NY,strike; picket,strike_out_of_scope
2,5/9/2021,Brookwood,AL,strike; picket,strike_out_of_scope
2,5/9/2021,Worcester,MA,strike; picket,strike_out_of_scope
2,5/9/2021,New York,NY,strike; picket,strike_out_of_scope
2,5/10/2021,Brookwood,AL,strike; picket,strike_out_of_scope
2,5/10/2021,Worcester,MA,strike; picket,strike_out_of_scope
2,5/10/2021,New York,NY,strike; picket,strike_out_of_scope
2,5/10/2021,New York,NY,strike; picket,strike_out_of_scope
2,5/11/2021,Brookwood,AL,strike; picket,strike_out_of_scope
2,5/11/2021,Worcester,MA,strike; picket,strike_out_of_scope
2,5/11/2021,New York,NY,strike; picket,strike_out_of_scope
2,5/11/2021,New York,NY,strike; picket,strike_out_of_scope
2,5/12/2021,Brookwood,AL,strike; picket,strike_out_of_scope
2,5/12/2021,Worcester,MA,strike; picket,strike_out_of_scope
2,5/12/2021,New York,NY,strike; picket,strike_out_of_scope
2,5/12/2021,New York,NY,strike; picket,strike_out_of_scope
2,5/13/2021,Brookwood,AL,strike; picket,strike_out_of_scope
2,5/13/2021,Worcester,MA,strike; picket,strike_out_of_scope
2,5/13/2021,New York,NY,strike; picket,strike_out_of_scope
2,5/13/2021,New York,NY,strike; picket,strike_out_of_scope
2,5/14/2021,Brookwood,AL,strike; picket,strike_out_of_scope
2,5/14/2021,Worcester,MA,strike; picket,strike_out_of_scope
2,5/14/2021,Hyattsville,MD,strike; picket,strike_out_of_scope
2,5/14/2021,New York,NY,strike; picket,strike_out_of_scope
2,5/14/2021,New York,NY,strike; picket,strike_out_of_scope
2,5/15/2021,Brookwood,AL,strike; picket,strike_out_of_scope
2,5/15/2021,Worcester,MA,strike; picket,strike_out_of_scope
2,5/15/2021,Worcester,MA,strike; picket,strike_out_of_scope
2,5/15/2021,New York,NY,strike; picket,strike_out_of_scope
2,5/16/2021,Brookwood,AL,strike; picket,strike_out_of_scope
2,5/16/2021,Worcester,MA,strike; picket,strike_out_of_scope
2,5/16/2021,New York,NY,strike; picket,strike_out_of_scope
2,5/17/2021,Brookwood,AL,strike; picket,strike_out_of_scope
2,5/17/2021,Worcester,MA,strike; picket,strike_out_of_scope
2,5/17/2021,New York,NY,strike; picket,strike_out_of_scope
2,5/18/2021,Brookwood,AL,strike; picket,strike_out_of_scope
2,5/18/2021,Worcester,MA,strike; picket,strike_out_of_scope
2,5/18/2021,New York,NY,strike; picket,strike_out_of_scope
2,5/19/2021,Brookwood,AL,strike; picket,strike_out_of_scope
2,5/19/2021,Mobile,AL,strike,strike_out_of_scope
2,5/19/2021,Montgomery,AL,strike,strike_out_of_scope
2,5/19/2021,Montgomery,AL,strike,strike_out_of_scope
2,5/19/2021,Gilbert,AZ,strike,strike_out_of_scope
2,5/19/2021,Phoenix,AZ,strike,strike_out_of_scope
2,5/19/2021,Los Angeles,CA,strike; march; caravan,strike_out_of_scope
2,5/19/2021,Oakland,CA,strike,strike_out_of_scope
2,5/19/2021,Sacramento,CA,strike,strike_out_of_scope
2,5/19/2021,San Francisco,CA,strike,strike_out_of_scope
2,5/19/2021,Branford,CT,strike,strike_out_of_scope
2,5/19/2021,Washington,DC,strike,strike_out_of_scope
2,5/19/2021,Fort Lauderdale,FL,strike,strike_out_of_scope
2,5/19/2021,Miami,FL,strike,strike_out_of_scope
2,5/19/2021,Orlando,FL,strike,strike_out_of_scope
2,5/19/2021,Sanford,FL,strike,strike_out_of_scope
2,5/19/2021,Tampa,FL,strike,strike_out_of_scope
2,5/19/2021,Cedar Rapids,IA,strike,strike_out_of_scope
2,5/19/2021,Des Moines,IA,strike,strike_out_of_scope
2,5/19/2021,Chicago,IL,"strike; march, demonstration",strike_out_of_scope
2,5/19/2021,Evansville,IN,strike,strike_out_of_scope
2,5/19/2021,Lawrence,KS,strike,strike_out_of_scope
2,5/19/2021,Wichita,KS,strike,strike_out_of_scope
2,5/19/2021,Worcester,MA,strike; picket,strike_out_of_scope
2,5/19/2021,Detroit,MI,strike,strike_out_of_scope
2,5/19/2021,Flint,MI,strike,strike_out_of_scope
2,5/19/2021,Warren,MI,strike,strike_out_of_scope
2,5/19/2021,Saint Louis,MO,strike,strike_out_of_scope
2,5/19/2021,Durham,NC,strike,strike_out_of_scope
2,5/19/2021,Fayetteville,NC,strike,strike_out_of_scope
2,5/19/2021,Lincoln,NE,strike,strike_out_of_scope
2,5/19/2021,New York,NY,strike; demonstration,strike_out_of_scope
2,5/19/2021,New York,NY,strike; picket,strike_out_of_scope
2,5/19/2021,Sand Springs,OK,strike,strike_out_of_scope
2,5/19/2021,Tulsa,OK,strike,strike_out_of_scope
2,5/19/2021,Charleston,SC,strike,strike_out_of_scope
2,5/19/2021,Nashville,TN,strike,strike_out_of_scope
2,5/19/2021,Houston,TX,strike,strike_out_of_scope
2,5/19/2021,Woodbridge,VA,strike; picket,strike_out_of_scope
2,5/19/2021,Milwaukee,WI,strike,strike_out_of_scope
2,5/19/2021,Charleston,WV,strike,strike_out_of_scope
2,5/20/2021,Brookwood,AL,strike; picket,strike_out_of_scope
2,5/20/2021,Worcester,MA,strike; picket,strike_out_of_scope
2,5/20/2021,New York,NY,strike; picket,strike_out_of_scope
2,5/21/2021,Brookwood,AL,strike; picket,strike_out_of_scope
2,5/21/2021,Worcester,MA,strike; picket,strike_out_of_scope
2,5/21/2021,New York,NY,strike; picket,strike_out_of_scope
2,5/22/2021,Brookwood,AL,strike; picket,strike_out_of_scope
2,5/22/2021,Worcester,MA,strike; picket,strike_out_of_scope
2,5/22/2021,New York,NY,strike; picket,strike_out_of_scope
2,5/23/2021,Brookwood,AL,strike; picket,strike_out_of_scope
2,5/23/2021,Worcester,MA,strike; picket,strike_out_of_scope
2,5/23/2021,New York,NY,strike; picket,strike_out_of_scope
2,5/24/2021,Brookwood,AL,strike; picket,strike_out_of_scope
2,5/24/2021,Worcester,MA,strike; picket,strike_out_of_scope
2,5/24/2021,New York,NY,strike; picket,strike_out_of_scope
2,5/25/2021,Brookwood,AL,strike; picket; march,strike_out_of_scope
2,5/25/2021,Worcester,MA,strike; picket,strike_out_of_scope
2,5/25/2021,New York,NY,strike; picket,strike_out_of_scope
2,5/26/2021,Brookwood,AL,strike; picket,strike_out_of_scope
2,5/26/2021,Worcester,MA,strike; picket,strike_out_of_scope
2,5/26/2021,New York,NY,strike; picket,strike_out_of_scope
2,5/27/2021,Brookwood,AL,strike; picket,strike_out_of_scope
2,5/27/2021,Branford,CT,strike; demonstration,strike_out_of_scope
2,5/27/2021,Hartford,CT,strike; demonstration,strike_out_of_scope
2,5/27/2021,Worcester,MA,strike; picket,strike_out_of_scope
2,5/27/2021,New York,NY,strike; picket,strike_out_of_scope
2,5/28/2021,Brookwood,AL,strike; picket,strike_out_of_scope
2,5/28/2021,Worcester,MA,strike; picket,strike_out_of_scope
2,5/28/2021,New York,NY,strike; picket,strike_out_of_scope
2,5/29/2021,Brookwood,AL,strike; picket,strike_out_of_scope
2,5/29/2021,Worcester,MA,strike; picket,strike_out_of_scope
2,5/29/2021,New York,NY,strike; picket,strike_out_of_scope
2,5/30/2021,Brookwood,AL,strike; picket,strike_out_of_scope
2,5/30/2021,Worcester,MA,strike; picket,strike_out_of_scope
2,5/30/2021,New York,NY,strike; picket,strike_out_of_scope
2,5/31/2021,Brookwood,AL,strike; picket,strike_out_of_scope
2,5/31/2021,Worcester,MA,strike; picket,strike_out_of_scope
2,5/31/2021,New York,NY,strike; picket,strike_out_of_scope
2,6/1/2021,Brookwood,AL,strike; picket,strike_out_of_scope
2,6/1/2021,Worcester,MA,strike; picket,strike_out_of_scope
2,6/1/2021,New York,NY,strike; picket,strike_out_of_scope
2,6/2/2021,Brookwood,AL,strike; picket,strike_out_of_scope
2,6/2/2021,Worcester,MA,strike; picket,strike_out_of_scope
2,6/2/2021,New York,NY,strike; picket,strike_out_of_scope
2,6/3/2021,Brookwood,AL,strike; picket,strike_out_of_scope
2,6/3/2021,Worcester,MA,strike; picket,strike_out_of_scope
2,6/3/2021,New York,NY,strike; picket,strike_out_of_scope
2,6/4/2021,Brookwood,AL,strike; picket,strike_out_of_scope
2,6/4/2021,Worcester,MA,strike; picket,strike_out_of_scope
2,6/4/2021,New York,NY,strike; picket,strike_out_of_scope
2,6/5/2021,Brookwood,AL,strike; picket,strike_out_of_scope
2,6/5/2021,Worcester,MA,strike; picket,strike_out_of_scope
2,6/5/2021,New York,NY,strike; picket,strike_out_of_scope
2,6/6/2021,Brookwood,AL,strike; picket,strike_out_of_scope
2,6/6/2021,Worcester,MA,strike; picket,strike_out_of_scope
2,6/6/2021,New York,NY,strike; picket,strike_out_of_scope
2,6/7/2021,Brookwood,AL,strike; picket,strike_out_of_scope
2,6/7/2021,Worcester,MA,strike; picket,strike_out_of_scope
2,6/7/2021,New York,NY,strike; picket,strike_out_of_scope
2,6/8/2021,Brookwood,AL,strike; picket,strike_out_of_scope
2,6/8/2021,Worcester,MA,strike; picket,strike_out_of_scope
2,6/8/2021,New York,NY,strike; picket,strike_out_of_scope
2,6/9/2021,Brookwood,AL,strike; picket,strike_out_of_scope
2,6/9/2021,Lincoln,IL,hunger strike,strike_out_of_scope
2,6/9/2021,Worcester,MA,strike; picket,strike_out_of_scope
2,6/9/2021,New York,NY,strike; picket,strike_out_of_scope
2,6/10/2021,Brookwood,AL,strike; picket,strike_out_of_scope
2,6/10/2021,Worcester,MA,strike; picket,strike_out_of_scope
2,6/10/2021,New York,NY,strike; picket,strike_out_of_scope
2,6/11/2021,Brookwood,AL,strike; picket,strike_out_of_scope
2,6/11/2021,Worcester,MA,strike; picket,strike_out_of_scope
2,6/11/2021,New York,NY,strike; picket,strike_out_of_scope
2,6/12/2021,Brookwood,AL,strike; picket,strike_out_of_scope
2,6/12/2021,Worcester,MA,strike; picket; rally,strike_out_of_scope
2,6/12/2021,New York,NY,strike; picket,strike_out_of_scope
2,6/13/2021,Brookwood,AL,strike; picket,strike_out_of_scope
2,6/13/2021,Worcester,MA,strike; picket,strike_out_of_scope
2,6/13/2021,New York,NY,strike; picket,strike_out_of_scope
2,6/14/2021,Brookwood,AL,strike; picket,strike_out_of_scope
2,6/14/2021,Worcester,MA,strike; picket,strike_out_of_scope
2,6/14/2021,Hackensack,NJ,hunger strike,strike_out_of_scope
2,6/14/2021,New York,NY,strike; picket,strike_out_of_scope
2,6/14/2021,North Kingstown,RI,strike; picket,strike_out_of_scope
2,6/15/2021,Brookwood,AL,strike; picket,strike_out_of_scope
2,6/15/2021,Worcester,MA,strike; picket,strike_out_of_scope
2,6/15/2021,New York,NY,strike; picket,strike_out_of_scope
2,6/16/2021,Brookwood,AL,strike; picket,strike_out_of_scope
2,6/16/2021,Washington,DC,rally; hunger strike,strike_out_of_scope
2,6/16/2021,Worcester,MA,strike; picket,strike_out_of_scope
2,6/16/2021,New York,NY,strike; picket,strike_out_of_scope
2,6/17/2021,Brookwood,AL,strike; picket,strike_out_of_scope
2,6/17/2021,Worcester,MA,strike; picket,strike_out_of_scope
2,6/17/2021,New York,NY,strike; picket,strike_out_of_scope
2,6/18/2021,Brookwood,AL,strike; picket,strike_out_of_scope
2,6/18/2021,Worcester,MA,strike; picket,strike_out_of_scope
2,6/18/2021,New York,NY,strike; picket,strike_out_of_scope
2,6/19/2021,Brookwood,AL,strike; picket,strike_out_of_scope
2,6/19/2021,Worcester,MA,strike; picket,strike_out_of_scope
2,6/19/2021,New York,NY,strike; picket,strike_out_of_scope
2,6/20/2021,Brookwood,AL,strike; picket,strike_out_of_scope
2,6/20/2021,Worcester,MA,strike; picket,strike_out_of_scope
2,6/20/2021,New York,NY,strike; picket,strike_out_of_scope
2,6/21/2021,Brookwood,AL,strike; picket,strike_out_of_scope
2,6/21/2021,San Jose,CA,hunger strike,strike_out_of_scope
2,6/21/2021,Worcester,MA,strike; picket,strike_out_of_scope
2,6/21/2021,New York,NY,strike; picket,strike_out_of_scope
2,6/22/2021,Brookwood,AL,strike; picket,strike_out_of_scope
2,6/22/2021,Worcester,MA,strike; picket,strike_out_of_scope
2,6/22/2021,New York,NY,strike; picket,strike_out_of_scope
2,6/22/2021,Canton Township,PA,strike; picket,strike_out_of_scope
2,6/23/2021,Brookwood,AL,strike; picket,strike_out_of_scope
2,6/23/2021,Worcester,MA,strike; picket,strike_out_of_scope
2,6/23/2021,New York,NY,strike; picket,strike_out_of_scope
2,6/23/2021,Skippack Township,PA,hunger strike,strike_out_of_scope
2,6/24/2021,Brookwood,AL,strike; picket,strike_out_of_scope
2,6/24/2021,Worcester,MA,strike; picket,strike_out_of_scope
2,6/24/2021,New York,NY,strike; picket,strike_out_of_scope
2,6/25/2021,Brookwood,AL,strike; picket,strike_out_of_scope
2,6/25/2021,Worcester,MA,strike; picket,strike_out_of_scope
2,6/25/2021,New York,NY,strike; picket,strike_out_of_scope
2,6/26/2021,Brookwood,AL,strike; picket,strike_out_of_scope
2,6/26/2021,Chicago,IL,strike; picket; rally,strike_out_of_scope
2,6/26/2021,Worcester,MA,strike; picket,strike_out_of_scope
2,6/26/2021,New York,NY,strike; picket,strike_out_of_scope
2,6/27/2021,Brookwood,AL,strike; picket,strike_out_of_scope
2,6/27/2021,Worcester,MA,strike; picket,strike_out_of_scope
2,6/27/2021,New York,NY,strike; picket,strike_out_of_scope
2,6/27/2021,Portland,OR,strike,strike_out_of_scope
2,6/28/2021,Brookwood,AL,strike; picket,strike_out_of_scope
2,6/28/2021,Addison,IL,strike; picket,strike_out_of_scope
2,6/28/2021,Worcester,MA,strike; picket,strike_out_of_scope
2,6/28/2021,New York,NY,strike; picket,strike_out_of_scope
2,6/29/2021,Brookwood,AL,strike; picket,strike_out_of_scope
2,6/29/2021,Addison,IL,strike; picket,strike_out_of_scope
2,6/29/2021,Worcester,MA,strike; picket,strike_out_of_scope
2,6/29/2021,New York,NY,strike; picket,strike_out_of_scope
2,6/30/2021,Brookwood,AL,strike; picket,strike_out_of_scope
2,6/30/2021,Addison,IL,strike; picket,strike_out_of_scope
2,6/30/2021,Worcester,MA,strike; picket,strike_out_of_scope
2,6/30/2021,Elizabeth City,NC,strike; picket,strike_out_of_scope
2,6/30/2021,New York,NY,strike; picket,strike_out_of_scope
2,7/1/2021,Brookwood,AL,strike; picket,strike_out_of_scope
2,7/1/2021,Addison,IL,strike; picket,strike_out_of_scope
2,7/1/2021,Worcester,MA,strike; picket,strike_out_of_scope
2,7/1/2021,New York,NY,strike; picket,strike_out_of_scope
2,7/2/2021,Brookwood,AL,strike; picket,strike_out_of_scope
2,7/2/2021,Oxnard,CA,strike; picket,strike_out_of_scope
2,7/2/2021,Addison,IL,strike; picket; press conference,strike_out_of_scope
2,7/2/2021,Chicago,IL,strike; picket,strike_out_of_scope
2,7/2/2021,Worcester,MA,strike; picket,strike_out_of_scope
2,7/2/2021,New York,NY,strike; picket,strike_out_of_scope
2,7/3/2021,Brookwood,AL,strike; picket,strike_out_of_scope
2,7/3/2021,Worcester,MA,strike; picket,strike_out_of_scope
2,7/3/2021,New York,NY,strike; picket,strike_out_of_scope
2,7/4/2021,Brookwood,AL,strike; picket,strike_out_of_scope
2,7/4/2021,Worcester,MA,strike; picket,strike_out_of_scope
2,7/4/2021,New York,NY,strike; picket,strike_out_of_scope
2,7/5/2021,Brookwood,AL,strike; picket,strike_out_of_scope
2,7/5/2021,Topeka,KS,strike; picket,strike_out_of_scope
2,7/5/2021,Worcester,MA,strike; picket,strike_out_of_scope
2,7/5/2021,New York,NY,strike; picket,strike_out_of_scope
2,7/6/2021,Brookwood,AL,strike; picket,strike_out_of_scope
2,7/6/2021,Worcester,MA,strike; picket,strike_out_of_scope
2,7/6/2021,New York,NY,strike; picket,strike_out_of_scope
2,7/7/2021,Brookwood,AL,strike; picket,strike_out_of_scope
2,7/7/2021,Worcester,MA,strike; picket,strike_out_of_scope
2,7/7/2021,New York,NY,strike; picket,strike_out_of_scope
2,7/8/2021,Brookwood,AL,strike; picket,strike_out_of_scope
2,7/8/2021,Worcester,MA,strike; picket,strike_out_of_scope
2,7/8/2021,New York,NY,strike; picket,strike_out_of_scope
2,7/9/2021,Brookwood,AL,strike; picket,strike_out_of_scope
2,7/9/2021,Worcester,MA,strike; picket,strike_out_of_scope
2,7/9/2021,New York,NY,strike; picket,strike_out_of_scope
2,7/10/2021,Brookwood,AL,strike; picket,strike_out_of_scope
2,7/10/2021,Worcester,MA,strike; picket,strike_out_of_scope
2,7/10/2021,New York,NY,strike; picket,strike_out_of_scope
2,7/11/2021,Brookwood,AL,strike; picket,strike_out_of_scope
2,7/11/2021,Worcester,MA,strike; picket,strike_out_of_scope
2,7/11/2021,New York,NY,strike; picket,strike_out_of_scope
2,7/12/2021,Brookwood,AL,strike; picket,strike_out_of_scope
2,7/12/2021,Worcester,MA,strike; picket,strike_out_of_scope
2,7/12/2021,New York,NY,strike; picket,strike_out_of_scope
2,7/13/2021,Brookwood,AL,strike; picket,strike_out_of_scope
2,7/13/2021,Los Angeles,CA,strike; picket,strike_out_of_scope
2,7/13/2021,Worcester,MA,strike; picket,strike_out_of_scope
2,7/13/2021,New York,NY,strike; picket,strike_out_of_scope
2,7/14/2021,Brookwood,AL,strike; picket,strike_out_of_scope
2,7/14/2021,Los Angeles,CA,strike; picket,strike_out_of_scope
2,7/14/2021,Homer,LA,hunger strike,strike_out_of_scope
2,7/14/2021,Worcester,MA,strike; picket,strike_out_of_scope
2,7/14/2021,New York,NY,strike; picket,strike_out_of_scope
2,7/15/2021,Brookwood,AL,strike; picket,strike_out_of_scope
2,7/15/2021,Worcester,MA,strike; picket,strike_out_of_scope
2,7/15/2021,New York,NY,strike; picket,strike_out_of_scope
2,7/16/2021,Brookwood,AL,strike; picket,strike_out_of_scope
2,7/16/2021,Worcester,MA,strike; picket,strike_out_of_scope
2,7/16/2021,New York,NY,strike; picket,strike_out_of_scope
2,7/17/2021,Brookwood,AL,strike; picket,strike_out_of_scope
2,7/17/2021,Worcester,MA,strike; picket,strike_out_of_scope
2,7/17/2021,New York,NY,strike; picket,strike_out_of_scope
2,7/18/2021,Brookwood,AL,strike; picket,strike_out_of_scope
2,7/18/2021,Worcester,MA,strike; picket,strike_out_of_scope
2,7/18/2021,New York,NY,strike; picket,strike_out_of_scope
2,7/19/2021,Brookwood,AL,strike; picket,strike_out_of_scope
2,7/19/2021,Worcester,MA,strike; picket,strike_out_of_scope
2,7/19/2021,New York,NY,strike; picket,strike_out_of_scope
2,7/20/2021,Brookwood,AL,strike; picket,strike_out_of_scope
2,7/20/2021,Worcester,MA,strike; picket,strike_out_of_scope
2,7/20/2021,Saint Louis,MO,walkout; strike,strike_out_of_scope
2,7/20/2021,Saint Louis,MO,strike; march,strike_out_of_scope
2,7/20/2021,Charlotte,NC,walkout; demonstration,walkout_labor_precutoff
2,7/20/2021,Durham,NC,strike; demonstration,strike_out_of_scope
2,7/20/2021,New York,NY,strike; picket,strike_out_of_scope
2,7/20/2021,North Charleston,SC,strike; demonstration,strike_out_of_scope
2,7/20/2021,Houston,TX,strike; demonstration,strike_out_of_scope
2,7/21/2021,Brookwood,AL,strike; picket,strike_out_of_scope
2,7/21/2021,Los Angeles,CA,strike; rally,strike_out_of_scope
2,7/21/2021,San Diego,CA,strike; rally,strike_out_of_scope
2,7/21/2021,San Francisco,CA,strike; caravan; picket,strike_out_of_scope
2,7/21/2021,Aurora,CO,strike; rally,strike_out_of_scope
2,7/21/2021,Worcester,MA,strike; picket,strike_out_of_scope
2,7/21/2021,Baltimore,MD,strike; rally,strike_out_of_scope
2,7/21/2021,Boston,MD,strike; rally; caravan,strike_out_of_scope
2,7/21/2021,Las Vegas,NV,strike; rally,strike_out_of_scope
2,7/21/2021,New York,NY,strike; picket,strike_out_of_scope
2,7/21/2021,Cleveland,OH,strike; rally,strike_out_of_scope
2,7/21/2021,Pittsburgh,PA,strike; rally,strike_out_of_scope
2,7/21/2021,Austin,TX,strike; rally,strike_out_of_scope
2,7/22/2021,Brookwood,AL,strike; picket,strike_out_of_scope
2,7/22/2021,Worcester,MA,strike; picket,strike_out_of_scope
2,7/22/2021,New York,NY,strike; picket,strike_out_of_scope
2,7/23/2021,Brookwood,AL,strike; picket,strike_out_of_scope
2,7/23/2021,Worcester,MA,strike; picket,strike_out_of_scope
2,7/23/2021,New York,NY,strike; picket,strike_out_of_scope
2,7/24/2021,Brookwood,AL,strike; picket,strike_out_of_scope
2,7/24/2021,Worcester,MA,strike; picket,strike_out_of_scope
2,7/24/2021,New York,NY,strike; picket,strike_out_of_scope
2,7/25/2021,Brookwood,AL,strike; picket,strike_out_of_scope
2,7/25/2021,Worcester,MA,strike; picket,strike_out_of_scope
2,7/25/2021,Springfield,MO,walkout; picket,walkout_labor_precutoff
2,7/25/2021,New York,NY,strike; picket,strike_out_of_scope
2,7/26/2021,Brookwood,AL,strike; picket,strike_out_of_scope
2,7/26/2021,Worcester,MA,strike; picket,strike_out_of_scope
2,7/26/2021,New York,NY,strike; picket,strike_out_of_scope
2,7/27/2021,Brookwood,AL,strike; picket,strike_out_of_scope
2,7/27/2021,Worcester,MA,strike; picket,strike_out_of_scope
2,7/27/2021,New York,NY,strike; picket,strike_out_of_scope
2,7/28/2021,Brookwood,AL,strike; picket,strike_out_of_scope
2,7/28/2021,Worcester,MA,strike; picket,strike_out_of_scope
2,7/28/2021,New York,NY,strike; picket,strike_out_of_scope
2,7/29/2021,Brookwood,AL,strike; picket,strike_out_of_scope
2,7/29/2021,Worcester,MA,strike; picket,strike_out_of_scope
2,7/29/2021,New York,NY,strike; picket,strike_out_of_scope
2,7/30/2021,Brookwood,AL,strike; picket,strike_out_of_scope
2,7/30/2021,Worcester,MA,strike; picket,strike_out_of_scope
2,7/30/2021,New York,NY,strike; picket,strike_out_of_scope
2,7/31/2021,Brookwood,AL,strike; picket,strike_out_of_scope
2,7/31/2021,New York,NY,strike; picket,strike_out_of_scope
2,8/1/2021,Brookwood,AL,strike; picket,strike_out_of_scope
2,8/1/2021,Worcester,MA,strike; picket,strike_out_of_scope
2,8/1/2021,New York,NY,strike; picket,strike_out_of_scope
2,8/2/2021,Brookwood,AL,strike; picket,strike_out_of_scope
2,8/2/2021,Worcester,MA,strike; picket,strike_out_of_scope
2,8/2/2021,New York,NY,strike; picket,strike_out_of_scope
2,8/3/2021,Brookwood,AL,strike; picket,strike_out_of_scope
2,8/3/2021,Los Angeles,CA,strike; rally,strike_out_of_scope
2,8/3/2021,Worcester,MA,strike; picket,strike_out_of_scope
2,8/3/2021,Reno,NV,strike; picket,strike_out_of_scope
2,8/3/2021,New York,NY,strike; picket,strike_out_of_scope
2,8/4/2021,Brookwood,AL,strike; picket,strike_out_of_scope
2,8/4/2021,Worcester,MA,strike; picket,strike_out_of_scope
2,8/4/2021,Reno,NV,strike; picket,strike_out_of_scope
2,8/4/2021,New York,NY,strike; picket,strike_out_of_scope
2,8/5/2021,Brookwood,AL,strike; picket,strike_out_of_scope
2,8/5/2021,Saint Gabriel,LA,hunger strike,strike_out_of_scope
2,8/5/2021,Worcester,MA,strike; picket,strike_out_of_scope
2,8/5/2021,Reno,NV,strike; picket,strike_out_of_scope
2,8/5/2021,New York,NY,strike; picket,strike_out_of_scope
2,8/6/2021,Brookwood,AL,strike; picket,strike_out_of_scope
2,8/6/2021,National City,CA,walkout,walkout_labor_precutoff
2,8/6/2021,San Diego,CA,walkout,walkout_labor_precutoff
2,8/6/2021,Worcester,MA,strike; picket,strike_out_of_scope
2,8/6/2021,Reno,NV,strike; picket,strike_out_of_scope
2,8/6/2021,New York,NY,strike; picket,strike_out_of_scope
2,8/7/2021,Brookwood,AL,strike; picket,strike_out_of_scope
2,8/7/2021,Worcester,MA,strike; picket,strike_out_of_scope
2,8/7/2021,Reno,NV,strike; picket,strike_out_of_scope
2,8/7/2021,New York,NY,strike; picket,strike_out_of_scope
2,8/8/2021,Brookwood,AL,strike; picket,strike_out_of_scope
2,8/8/2021,Worcester,MA,strike; picket,strike_out_of_scope
2,8/8/2021,Reno,NV,strike; picket,strike_out_of_scope
2,8/8/2021,New York,NY,strike; picket,strike_out_of_scope
2,8/9/2021,Brookwood,AL,strike; picket,strike_out_of_scope
2,8/9/2021,Worcester,MA,strike; picket,strike_out_of_scope
2,8/9/2021,Reno,NV,strike; picket,strike_out_of_scope
2,8/9/2021,New York,NY,strike; picket,strike_out_of_scope
2,8/10/2021,Brookwood,AL,strike; picket,strike_out_of_scope
2,8/10/2021,Worcester,MA,strike; picket,strike_out_of_scope
2,8/10/2021,Reno,NV,strike; picket,strike_out_of_scope
2,8/10/2021,New York,NY,strike; picket,strike_out_of_scope
2,8/10/2021,New York,NY,strike; picket,strike_out_of_scope
2,8/10/2021,Portland,OR,strike; picket,strike_out_of_scope
2,8/11/2021,Brookwood,AL,strike; picket,strike_out_of_scope
2,8/11/2021,Worcester,MA,strike; picket,strike_out_of_scope
2,8/11/2021,Reno,NV,strike; picket,strike_out_of_scope
2,8/11/2021,New York,NY,strike; picket,strike_out_of_scope
2,8/11/2021,Portland,OR,strike; picket,strike_out_of_scope
2,8/12/2021,Brookwood,AL,strike; picket,strike_out_of_scope
2,8/12/2021,Aurora,CO,strike; picket,strike_out_of_scope
2,8/12/2021,Worcester,MA,strike; picket,strike_out_of_scope
2,8/12/2021,Reno,NV,strike; picket,strike_out_of_scope
2,8/12/2021,New York,NY,strike; picket,strike_out_of_scope
2,8/12/2021,Portland,OR,strike; picket,strike_out_of_scope
2,8/13/2021,Brookwood,AL,strike; picket,strike_out_of_scope
2,8/13/2021,Aurora,CO,strike; picket,strike_out_of_scope
2,8/13/2021,Worcester,MA,strike; picket,strike_out_of_scope
2,8/13/2021,Reno,NV,strike; picket,strike_out_of_scope
2,8/13/2021,New York,NY,strike; picket,strike_out_of_scope
2,8/13/2021,Portland,OR,strike; picket,strike_out_of_scope
2,8/14/2021,Brookwood,AL,strike; picket,strike_out_of_scope
2,8/14/2021,Aurora,CO,strike; picket,strike_out_of_scope
2,8/14/2021,Worcester,MA,strike; picket,strike_out_of_scope
2,8/14/2021,Reno,NV,strike; picket,strike_out_of_scope
2,8/14/2021,New York,NY,strike; picket,strike_out_of_scope
2,8/14/2021,Portland,OR,strike; picket,strike_out_of_scope
2,8/15/2021,Brookwood,AL,strike; picket,strike_out_of_scope
2,8/15/2021,Aurora,CO,strike; picket,strike_out_of_scope
2,8/15/2021,Worcester,MA,strike; picket,strike_out_of_scope
2,8/15/2021,New York,NY,strike; picket,strike_out_of_scope
2,8/15/2021,Portland,OR,strike; picket,strike_out_of_scope
2,8/16/2021,Brookwood,AL,strike; picket,strike_out_of_scope
2,8/16/2021,Aurora,CO,strike; picket,strike_out_of_scope
2,8/16/2021,Worcester,MA,strike; picket,strike_out_of_scope
2,8/16/2021,Minneapolis,MN,strike; picket,strike_out_of_scope
2,8/16/2021,New York,NY,strike; picket,strike_out_of_scope
2,8/16/2021,Portland,OR,strike; picket,strike_out_of_scope
2,8/16/2021,Richmond,VA,strike; picket,strike_out_of_scope
2,8/16/2021,Tukwila,WA,strike; picket,strike_out_of_scope
2,8/17/2021,Brookwood,AL,strike; picket,strike_out_of_scope
2,8/17/2021,Aurora,CO,strike; picket,strike_out_of_scope
2,8/17/2021,Worcester,MA,strike; picket,strike_out_of_scope
2,8/17/2021,New York,NY,strike; picket,strike_out_of_scope
2,8/17/2021,Portland,OR,strike; picket,strike_out_of_scope
2,8/17/2021,Richmond,VA,strike; picket,strike_out_of_scope
2,8/17/2021,Tukwila,WA,strike; picket,strike_out_of_scope
2,8/18/2021,Brookwood,AL,strike; picket,strike_out_of_scope
2,8/18/2021,Aurora,CO,strike; picket,strike_out_of_scope
2,8/18/2021,Worcester,MA,strike; picket,strike_out_of_scope
2,8/18/2021,New York,NY,strike; picket,strike_out_of_scope
2,8/18/2021,Portland,OR,strike; picket,strike_out_of_scope
2,8/18/2021,Richmond,VA,strike; picket,strike_out_of_scope
2,8/18/2021,Tukwila,WA,strike; picket,strike_out_of_scope
2,8/19/2021,Brookwood,AL,strike; picket,strike_out_of_scope
2,8/19/2021,Aurora,CO,strike; picket,strike_out_of_scope
2,8/19/2021,Chicago,IL,strike; picket,strike_out_of_scope
2,8/19/2021,Worcester,MA,strike; picket,strike_out_of_scope
2,8/19/2021,New York,NY,strike; picket,strike_out_of_scope
2,8/19/2021,Portland,OR,strike; picket,strike_out_of_scope
2,8/19/2021,Richmond,VA,strike; picket,strike_out_of_scope
2,8/19/2021,Tukwila,WA,strike; picket,strike_out_of_scope
2,8/20/2021,Brookwood,AL,strike; picket,strike_out_of_scope
2,8/20/2021,Aurora,CO,strike; picket,strike_out_of_scope
2,8/20/2021,Chicago,IL,strike; picket,strike_out_of_scope
2,8/20/2021,Worcester,MA,strike; picket,strike_out_of_scope
2,8/20/2021,New York,NY,strike; picket,strike_out_of_scope
2,8/20/2021,Portland,OR,strike; picket,strike_out_of_scope
2,8/20/2021,Richmond,VA,strike; picket,strike_out_of_scope
2,8/20/2021,Tukwila,WA,strike; picket,strike_out_of_scope
2,8/21/2021,Brookwood,AL,strike; picket,strike_out_of_scope
2,8/21/2021,Aurora,CO,strike; picket,strike_out_of_scope
2,8/21/2021,Chicago,IL,strike; picket,strike_out_of_scope
2,8/21/2021,Worcester,MA,strike; picket,strike_out_of_scope
2,8/21/2021,New York,NY,strike; picket,strike_out_of_scope
2,8/21/2021,Portland,OR,strike; picket,strike_out_of_scope
2,8/21/2021,Richmond,VA,strike; picket,strike_out_of_scope
2,8/22/2021,Brookwood,AL,strike; picket,strike_out_of_scope
2,8/22/2021,Aurora,CO,strike; picket,strike_out_of_scope
2,8/22/2021,Chicago,IL,strike; picket,strike_out_of_scope
2,8/22/2021,Worcester,MA,strike; picket,strike_out_of_scope
2,8/22/2021,New York,NY,strike; picket,strike_out_of_scope
2,8/22/2021,Portland,OR,strike; picket,strike_out_of_scope
2,8/22/2021,Richmond,VA,strike; picket,strike_out_of_scope
2,8/23/2021,Brookwood,AL,strike; picket,strike_out_of_scope
2,8/23/2021,Aurora,CO,strike; picket,strike_out_of_scope
2,8/23/2021,Norcross,GA,strike,strike_out_of_scope
2,8/23/2021,Chicago,IL,strike; picket,strike_out_of_scope
2,8/23/2021,Worcester,MA,strike; picket,strike_out_of_scope
2,8/23/2021,New York,NY,strike; picket,strike_out_of_scope
2,8/23/2021,Portland,OR,strike; picket,strike_out_of_scope
2,8/23/2021,Richmond,VA,strike; picket,strike_out_of_scope
2,8/24/2021,Brookwood,AL,strike; picket,strike_out_of_scope
2,8/24/2021,Aurora,CO,strike; picket,strike_out_of_scope
2,8/24/2021,Norcross,GA,strike,strike_out_of_scope
2,8/24/2021,Chicago,IL,strike; picket,strike_out_of_scope
2,8/24/2021,Worcester,MA,strike; picket,strike_out_of_scope
2,8/24/2021,New York,NY,strike; picket,strike_out_of_scope
2,8/24/2021,Portland,OR,strike; picket,strike_out_of_scope
2,8/24/2021,Richmond,VA,strike; picket,strike_out_of_scope
2,8/25/2021,Brookwood,AL,strike; picket,strike_out_of_scope
2,8/25/2021,Aurora,CO,strike; picket,strike_out_of_scope
2,8/25/2021,Norcross,GA,strike,strike_out_of_scope
2,8/25/2021,Chicago,IL,strike; picket,strike_out_of_scope
2,8/25/2021,Worcester,MA,strike; picket,strike_out_of_scope
2,8/25/2021,New York,NY,strike; picket,strike_out_of_scope
2,8/25/2021,Portland,OR,strike; picket,strike_out_of_scope
2,8/25/2021,Richmond,VA,strike; picket,strike_out_of_scope
2,8/26/2021,Brookwood,AL,strike; picket,strike_out_of_scope
2,8/26/2021,Aurora,CO,strike; picket,strike_out_of_scope
2,8/26/2021,Norcross,GA,strike,strike_out_of_scope
2,8/26/2021,Chicago,IL,strike; picket,strike_out_of_scope
2,8/26/2021,Worcester,MA,strike; picket,strike_out_of_scope
2,8/26/2021,New York,NY,strike; picket,strike_out_of_scope
2,8/26/2021,Portland,OR,strike; picket,strike_out_of_scope
2,8/26/2021,Richmond,VA,strike; picket,strike_out_of_scope
2,8/27/2021,Brookwood,AL,strike; picket,strike_out_of_scope
2,8/27/2021,Aurora,CO,strike; picket,strike_out_of_scope
2,8/27/2021,Norcross,GA,strike,strike_out_of_scope
2,8/27/2021,Chicago,IL,strike; picket,strike_out_of_scope
2,8/27/2021,Worcester,MA,strike; picket,strike_out_of_scope
2,8/27/2021,New York,NY,strike; picket,strike_out_of_scope
2,8/27/2021,Portland,OR,strike; picket,strike_out_of_scope
2,8/27/2021,Richmond,VA,strike; picket,strike_out_of_scope
2,8/28/2021,Brookwood,AL,strike; picket,strike_out_of_scope
2,8/28/2021,Aurora,CO,strike; picket,strike_out_of_scope
2,8/28/2021,Norcross,GA,strike,strike_out_of_scope
2,8/28/2021,Chicago,IL,strike; picket,strike_out_of_scope
2,8/28/2021,Worcester,MA,strike; picket,strike_out_of_scope
2,8/28/2021,New York,NY,strike; picket,strike_out_of_scope
2,8/28/2021,Portland,OR,strike; picket,strike_out_of_scope
2,8/28/2021,Portland,OR,strike; picket,strike_out_of_scope
2,8/28/2021,Richmond,VA,strike; picket,strike_out_of_scope
2,8/29/2021,Brookwood,AL,strike; picket,strike_out_of_scope
2,8/29/2021,Aurora,CO,strike; picket,strike_out_of_scope
2,8/29/2021,Norcross,GA,strike,strike_out_of_scope
2,8/29/2021,Chicago,IL,strike; picket,strike_out_of_scope
2,8/29/2021,Worcester,MA,strike; picket,strike_out_of_scope
2,8/29/2021,New York,NY,strike; picket,strike_out_of_scope
2,8/29/2021,Portland,OR,strike; picket,strike_out_of_scope
2,8/29/2021,Richmond,VA,strike; picket,strike_out_of_scope
2,8/30/2021,Brookwood,AL,strike; picket,strike_out_of_scope
2,8/30/2021,Aurora,CO,strike; picket,strike_out_of_scope
2,8/30/2021,Norcross,GA,strike,strike_out_of_scope
2,8/30/2021,Chicago,IL,strike; picket,strike_out_of_scope
2,8/30/2021,Worcester,MA,strike; picket,strike_out_of_scope
2,8/30/2021,New York,NY,strike; picket,strike_out_of_scope
2,8/30/2021,Portland,OR,strike; picket,strike_out_of_scope
2,8/30/2021,Richmond,VA,strike; picket,strike_out_of_scope
2,8/31/2021,Brookwood,AL,strike; picket,strike_out_of_scope
2,8/31/2021,Aurora,CO,strike; picket,strike_out_of_scope
2,8/31/2021,Norcross,GA,strike,strike_out_of_scope
2,8/31/2021,Chicago,IL,strike; picket,strike_out_of_scope
2,8/31/2021,Worcester,MA,strike; picket,strike_out_of_scope
2,8/31/2021,New York,NY,strike; picket,strike_out_of_scope
2,8/31/2021,Portland,OR,strike; picket,strike_out_of_scope
2,8/31/2021,Richmond,VA,strike; picket,strike_out_of_scope
2,9/1/2021,Brookwood,AL,strike; picket,strike_out_of_scope
2,9/1/2021,Aurora,CO,strike; picket,strike_out_of_scope
2,9/1/2021,Norcross,GA,strike,strike_out_of_scope
2,9/1/2021,Chicago,IL,strike; picket,strike_out_of_scope
2,9/1/2021,Worcester,MA,strike; picket,strike_out_of_scope
2,9/1/2021,New York,NY,strike; picket,strike_out_of_scope
2,9/1/2021,Portland,OR,strike; picket,strike_out_of_scope
2,9/1/2021,Richmond,VA,strike; picket,strike_out_of_scope
2,9/1/2021,Tukwila,WA,strike; picket,strike_out_of_scope
2,9/2/2021,Brookwood,AL,strike; picket,strike_out_of_scope
2,9/2/2021,Stanford,CA,strike,strike_out_of_scope
2,9/2/2021,Aurora,CO,strike; picket,strike_out_of_scope
2,9/2/2021,Norcross,GA,strike,strike_out_of_scope
2,9/2/2021,Chicago,IL,strike; picket,strike_out_of_scope
2,9/2/2021,Worcester,MA,strike; picket,strike_out_of_scope
2,9/2/2021,New York,NY,strike; picket,strike_out_of_scope
2,9/2/2021,Portland,OR,strike; picket,strike_out_of_scope
2,9/2/2021,Richmond,VA,strike; picket,strike_out_of_scope
2,9/2/2021,Tukwila,WA,strike; picket; rally,strike_out_of_scope
2,9/3/2021,Brookwood,AL,strike; picket,strike_out_of_scope
2,9/3/2021,Aurora,CO,strike; picket,strike_out_of_scope
2,9/3/2021,Norcross,GA,strike,strike_out_of_scope
2,9/3/2021,Chicago,IL,strike; picket,strike_out_of_scope
2,9/3/2021,Worcester,MA,strike; picket,strike_out_of_scope
2,9/3/2021,New York,NY,strike; picket,strike_out_of_scope
2,9/3/2021,Portland,OR,strike; picket,strike_out_of_scope
2,9/3/2021,Richmond,VA,strike; picket,strike_out_of_scope
2,9/3/2021,Tukwila,WA,strike; picket,strike_out_of_scope
2,9/4/2021,Brookwood,AL,strike; picket,strike_out_of_scope
2,9/4/2021,Aurora,CO,strike; picket,strike_out_of_scope
2,9/4/2021,Norcross,GA,strike,strike_out_of_scope
2,9/4/2021,Chicago,IL,strike; picket; rally,strike_out_of_scope
2,9/4/2021,Worcester,MA,strike; picket,strike_out_of_scope
2,9/4/2021,New York,NY,strike; picket,strike_out_of_scope
2,9/4/2021,Portland,OR,strike; picket,strike_out_of_scope
2,9/4/2021,Richmond,VA,strike; picket,strike_out_of_scope
2,9/5/2021,Brookwood,AL,strike; picket,strike_out_of_scope
2,9/5/2021,Aurora,CO,strike; picket,strike_out_of_scope
2,9/5/2021,Norcross,GA,strike,strike_out_of_scope
2,9/5/2021,Chicago,IL,strike; picket,strike_out_of_scope
2,9/5/2021,Worcester,MA,strike; picket,strike_out_of_scope
2,9/5/2021,New York,NY,strike; picket,strike_out_of_scope
2,9/5/2021,Portland,OR,strike; picket,strike_out_of_scope
2,9/5/2021,Richmond,VA,strike; picket,strike_out_of_scope
2,9/6/2021,Brookwood,AL,strike; picket,strike_out_of_scope
2,9/6/2021,Aurora,CO,strike; picket,strike_out_of_scope
2,9/6/2021,Norcross,GA,strike,strike_out_of_scope
2,9/6/2021,Chicago,IL,strike; picket,strike_out_of_scope
2,9/6/2021,Worcester,MA,strike; picket,strike_out_of_scope
2,9/6/2021,New York,NY,strike; picket,strike_out_of_scope
2,9/6/2021,Portland,OR,strike; picket,strike_out_of_scope
2,9/6/2021,Richmond,VA,strike; picket,strike_out_of_scope
2,9/6/2021,Tukwila,WA,strike; picket,strike_out_of_scope
2,9/7/2021,Brookwood,AL,strike; picket,strike_out_of_scope
2,9/7/2021,Aurora,CO,strike; picket,strike_out_of_scope
2,9/7/2021,Norcross,GA,strike,strike_out_of_scope
2,9/7/2021,Chicago,IL,strike; picket,strike_out_of_scope
2,9/7/2021,Worcester,MA,strike; picket,strike_out_of_scope
2,9/7/2021,New York,NY,strike; picket,strike_out_of_scope
2,9/7/2021,Portland,OR,strike; picket,strike_out_of_scope
2,9/7/2021,Richmond,VA,strike; picket,strike_out_of_scope
2,9/7/2021,Tukwila,WA,strike; picket,strike_out_of_scope
2,9/8/2021,Brookwood,AL,strike; picket,strike_out_of_scope
2,9/8/2021,Aurora,CO,strike; picket,strike_out_of_scope
2,9/8/2021,Norcross,GA,strike,strike_out_of_scope
2,9/8/2021,Chicago,IL,strike; picket,strike_out_of_scope
2,9/8/2021,Worcester,MA,strike; picket,strike_out_of_scope
2,9/8/2021,New York,NY,strike; picket,strike_out_of_scope
2,9/8/2021,Portland,OR,strike; picket,strike_out_of_scope
2,9/8/2021,Richmond,VA,strike; picket,strike_out_of_scope
2,9/8/2021,Tukwila,WA,strike; picket,strike_out_of_scope
2,9/9/2021,Brookwood,AL,strike; picket,strike_out_of_scope
2,9/9/2021,Aurora,CO,strike; picket,strike_out_of_scope
2,9/9/2021,Norcross,GA,strike,strike_out_of_scope
2,9/9/2021,Chicago,IL,strike; picket,strike_out_of_scope
2,9/9/2021,Worcester,MA,strike; picket,strike_out_of_scope
2,9/9/2021,Marysville,MI,strike,strike_out_of_scope
2,9/9/2021,New York,NY,strike; picket,strike_out_of_scope
2,9/9/2021,Portland,OR,strike; picket,strike_out_of_scope
2,9/9/2021,Richmond,VA,strike; picket,strike_out_of_scope
2,9/9/2021,Tukwila,WA,strike; picket,strike_out_of_scope
2,9/10/2021,Brookwood,AL,strike; picket,strike_out_of_scope
2,9/10/2021,Aurora,CO,strike; picket,strike_out_of_scope
2,9/10/2021,Norcross,GA,strike,strike_out_of_scope
2,9/10/2021,Chicago,IL,strike; picket,strike_out_of_scope
2,9/10/2021,Worcester,MA,strike; picket,strike_out_of_scope
2,9/10/2021,Marysville,MI,strike,strike_out_of_scope
2,9/10/2021,New York,NY,strike; picket,strike_out_of_scope
2,9/10/2021,Portland,OR,strike; picket,strike_out_of_scope
2,9/10/2021,Richmond,VA,strike; picket,strike_out_of_scope
2,9/10/2021,Tukwila,WA,strike; picket,strike_out_of_scope
2,9/11/2021,Brookwood,AL,strike; picket,strike_out_of_scope
2,9/11/2021,Aurora,CO,strike; picket,strike_out_of_scope
2,9/11/2021,Norcross,GA,strike,strike_out_of_scope
2,9/11/2021,Chicago,IL,strike; picket,strike_out_of_scope
2,9/11/2021,Bardstown,KY,strike; picket,strike_out_of_scope
2,9/11/2021,Worcester,MA,strike; picket,strike_out_of_scope
2,9/11/2021,Marysville,MI,strike,strike_out_of_scope
2,9/11/2021,New York,NY,strike; picket,strike_out_of_scope
2,9/11/2021,Portland,OR,strike; picket,strike_out_of_scope
2,9/11/2021,Richmond,VA,strike; picket,strike_out_of_scope
2,9/12/2021,Brookwood,AL,strike; picket,strike_out_of_scope
2,9/12/2021,Aurora,CO,strike; picket,strike_out_of_scope
2,9/12/2021,Norcross,GA,strike,strike_out_of_scope
2,9/12/2021,Chicago,IL,strike; picket,strike_out_of_scope
2,9/12/2021,Bardstown,KY,strike; picket,strike_out_of_scope
2,9/12/2021,Worcester,MA,strike; picket,strike_out_of_scope
2,9/12/2021,Marysville,MI,strike,strike_out_of_scope
2,9/12/2021,New York,NY,strike; picket,strike_out_of_scope
2,9/12/2021,Portland,OR,strike; picket,strike_out_of_scope
2,9/12/2021,Richmond,VA,strike; picket,strike_out_of_scope
2,9/13/2021,Brookwood,AL,strike; picket,strike_out_of_scope
2,9/13/2021,Aurora,CO,strike; picket,strike_out_of_scope
2,9/13/2021,Norcross,GA,strike,strike_out_of_scope
2,9/13/2021,Chicago,IL,strike; picket,strike_out_of_scope
2,9/13/2021,Bardstown,KY,strike; picket,strike_out_of_scope
2,9/13/2021,Worcester,MA,strike; picket,strike_out_of_scope
2,9/13/2021,Marysville,MI,strike,strike_out_of_scope
2,9/13/2021,New York,NY,strike; picket,strike_out_of_scope
2,9/13/2021,Portland,OR,strike; picket,strike_out_of_scope
2,9/13/2021,Richmond,VA,strike; picket,strike_out_of_scope
2,9/13/2021,Tukwila,WA,strike; picket,strike_out_of_scope
2,9/14/2021,Brookwood,AL,strike; picket,strike_out_of_scope
2,9/14/2021,Aurora,CO,strike; picket,strike_out_of_scope
2,9/14/2021,Norcross,GA,strike,strike_out_of_scope
2,9/14/2021,Chicago,IL,strike; picket,strike_out_of_scope
2,9/14/2021,Bardstown,KY,strike; picket,strike_out_of_scope
2,9/14/2021,Worcester,MA,strike; picket,strike_out_of_scope
2,9/14/2021,Marysville,MI,strike,strike_out_of_scope
2,9/14/2021,New York,NY,strike; picket,strike_out_of_scope
2,9/14/2021,Portland,OR,strike; picket,strike_out_of_scope
2,9/14/2021,Richmond,VA,strike; picket,strike_out_of_scope
2,9/14/2021,Tukwila,WA,strike; picket,strike_out_of_scope
2,9/15/2021,Brookwood,AL,strike; picket,strike_out_of_scope
2,9/15/2021,Aurora,CO,strike; picket,strike_out_of_scope
2,9/15/2021,Norcross,GA,strike,strike_out_of_scope
2,9/15/2021,Chicago,IL,strike; picket,strike_out_of_scope
2,9/15/2021,Bardstown,KY,strike; picket,strike_out_of_scope
2,9/15/2021,Worcester,MA,strike; picket,strike_out_of_scope
2,9/15/2021,Marysville,MI,strike,strike_out_of_scope
2,9/15/2021,New York,NY,strike; picket,strike_out_of_scope
2,9/15/2021,Portland,OR,strike; picket,strike_out_of_scope
2,9/15/2021,Richmond,VA,strike; picket,strike_out_of_scope
2,9/15/2021,Tukwila,WA,strike; picket,strike_out_of_scope
2,9/16/2021,Brookwood,AL,strike; picket,strike_out_of_scope
2,9/16/2021,Aurora,CO,strike; picket,strike_out_of_scope
2,9/16/2021,Norcross,GA,strike,strike_out_of_scope
2,9/16/2021,Chicago,IL,strike; picket,strike_out_of_scope
2,9/16/2021,Bardstown,KY,strike; picket,strike_out_of_scope
2,9/16/2021,Worcester,MA,strike; picket,strike_out_of_scope
2,9/16/2021,Marysville,MI,strike,strike_out_of_scope
2,9/16/2021,New York,NY,strike; picket,strike_out_of_scope
2,9/16/2021,Portland,OR,strike; picket,strike_out_of_scope
2,9/16/2021,Richmond,VA,strike; picket,strike_out_of_scope
2,9/16/2021,Seattle,WA,strike; picket,strike_out_of_scope
2,9/16/2021,Tukwila,WA,strike; picket,strike_out_of_scope
2,9/17/2021,Brookwood,AL,strike; picket,strike_out_of_scope
2,9/17/2021,Aurora,CO,strike; picket,strike_out_of_scope
2,9/17/2021,Moore Haven,FL,hunger strike,strike_out_of_scope
2,9/17/2021,Norcross,GA,strike,strike_out_of_scope
2,9/17/2021,Chicago,IL,strike; picket,strike_out_of_scope
2,9/17/2021,Bardstown,KY,strike; picket,strike_out_of_scope
2,9/17/2021,Worcester,MA,strike; picket,strike_out_of_scope
2,9/17/2021,New York,NY,strike; picket,strike_out_of_scope
2,9/17/2021,Portland,OR,strike; picket,strike_out_of_scope
2,9/17/2021,Richmond,VA,strike; picket,strike_out_of_scope
2,9/17/2021,Seattle,WA,strike; picket,strike_out_of_scope
2,9/17/2021,Tukwila,WA,strike; picket,strike_out_of_scope
2,9/18/2021,Brookwood,AL,strike; picket,strike_out_of_scope
2,9/18/2021,Oakland,CA,strike; picket,strike_out_of_scope
2,9/18/2021,Redwood City,CA,strike; picket,strike_out_of_scope
2,9/18/2021,Richmond,CA,strike; picket,strike_out_of_scope
2,9/18/2021,San Francisco,CA,strike; picket,strike_out_of_scope
2,9/18/2021,Santa Rosa,CA,strike; picket,strike_out_of_scope
2,9/18/2021,Aurora,CO,strike; picket,strike_out_of_scope
2,9/18/2021,Norcross,GA,strike,strike_out_of_scope
2,9/18/2021,Chicago,IL,strike; picket,strike_out_of_scope
2,9/18/2021,Bardstown,KY,strike; picket,strike_out_of_scope
2,9/18/2021,Worcester,MA,strike; picket,strike_out_of_scope
2,9/18/2021,New York,NY,strike; picket,strike_out_of_scope
2,9/18/2021,Portland,OR,strike; picket,strike_out_of_scope
2,9/18/2021,Richmond,VA,strike; picket,strike_out_of_scope
2,9/18/2021,Seattle,WA,strike; picket,strike_out_of_scope
2,9/19/2021,Brookwood,AL,strike; picket,strike_out_of_scope
2,9/19/2021,Oakland,CA,strike; picket,strike_out_of_scope
2,9/19/2021,Redwood City,CA,strike; picket,strike_out_of_scope
2,9/19/2021,Richmond,CA,strike; picket,strike_out_of_scope
2,9/19/2021,San Francisco,CA,strike; picket,strike_out_of_scope
2,9/19/2021,Santa Rosa,CA,strike; picket,strike_out_of_scope
2,9/19/2021,Bardstown,KY,strike; picket,strike_out_of_scope
2,9/19/2021,Worcester,MA,strike; picket,strike_out_of_scope
2,9/19/2021,New York,NY,strike; picket,strike_out_of_scope
2,9/19/2021,Seattle,WA,strike; picket,strike_out_of_scope
2,9/20/2021,Brookwood,AL,strike; picket,strike_out_of_scope
2,9/20/2021,Oakland,CA,strike; picket,strike_out_of_scope
2,9/20/2021,Redwood City,CA,strike; picket,strike_out_of_scope
2,9/20/2021,Richmond,CA,strike; picket,strike_out_of_scope
2,9/20/2021,San Francisco,CA,strike; picket,strike_out_of_scope
2,9/20/2021,Santa Rosa,CA,strike; picket,strike_out_of_scope
2,9/20/2021,Bardstown,KY,strike; picket,strike_out_of_scope
2,9/20/2021,Worcester,MA,strike; picket,strike_out_of_scope
2,9/20/2021,New York,NY,strike; picket,strike_out_of_scope
2,9/20/2021,Seattle,WA,strike; picket,strike_out_of_scope
2,9/20/2021,Tukwila,WA,strike; picket,strike_out_of_scope
2,9/21/2021,Brookwood,AL,strike; picket,strike_out_of_scope
2,9/21/2021,Oakland,CA,strike; picket,strike_out_of_scope
2,9/21/2021,Redwood City,CA,strike; picket,strike_out_of_scope
2,9/21/2021,Richmond,CA,strike; picket,strike_out_of_scope
2,9/21/2021,San Francisco,CA,strike; picket,strike_out_of_scope
2,9/21/2021,Santa Rosa,CA,strike; picket,strike_out_of_scope
2,9/21/2021,Bardstown,KY,strike; picket,strike_out_of_scope
2,9/21/2021,Worcester,MA,strike; picket,strike_out_of_scope
2,9/21/2021,New York,NY,strike; picket,strike_out_of_scope
2,9/21/2021,Seattle,WA,strike; picket,strike_out_of_scope
2,9/21/2021,Tukwila,WA,strike; picket,strike_out_of_scope
2,9/22/2021,Brookwood,AL,strike; picket,strike_out_of_scope
2,9/22/2021,Oakland,CA,strike; picket,strike_out_of_scope
2,9/22/2021,Redwood City,CA,strike; picket,strike_out_of_scope
2,9/22/2021,Richmond,CA,strike; picket,strike_out_of_scope
2,9/22/2021,San Francisco,CA,strike; picket,strike_out_of_scope
2,9/22/2021,Santa Rosa,CA,strike; picket,strike_out_of_scope
2,9/22/2021,Bardstown,KY,strike; picket,strike_out_of_scope
2,9/22/2021,Worcester,MA,strike; picket,strike_out_of_scope
2,9/22/2021,New York,NY,strike; picket,strike_out_of_scope
2,9/22/2021,Seattle,WA,strike; picket,strike_out_of_scope
2,9/22/2021,Tukwila,WA,strike; picket,strike_out_of_scope
2,9/23/2021,Brookwood,AL,strike; picket,strike_out_of_scope
2,9/23/2021,Oakland,CA,strike; picket,strike_out_of_scope
2,9/23/2021,Redwood City,CA,strike; picket,strike_out_of_scope
2,9/23/2021,Richmond,CA,strike; picket,strike_out_of_scope
2,9/23/2021,San Francisco,CA,strike; picket,strike_out_of_scope
2,9/23/2021,Santa Rosa,CA,strike; picket,strike_out_of_scope
2,9/23/2021,Bardstown,KY,strike; picket,strike_out_of_scope
2,9/23/2021,Worcester,MA,strike; picket,strike_out_of_scope
2,9/23/2021,Chesterfield,MO,walkout,walkout_labor_precutoff
2,9/23/2021,New York,NY,rally; rent strike,strike_out_of_scope
2,9/23/2021,New York,NY,strike; picket,strike_out_of_scope
2,9/23/2021,Seattle,WA,strike; picket,strike_out_of_scope
2,9/23/2021,Tukwila,WA,strike; picket,strike_out_of_scope
2,9/24/2021,Brookwood,AL,strike; picket,strike_out_of_scope
2,9/24/2021,Oakland,CA,strike; picket,strike_out_of_scope
2,9/24/2021,Redwood City,CA,strike; picket,strike_out_of_scope
2,9/24/2021,Richmond,CA,strike; picket,strike_out_of_scope
2,9/24/2021,San Francisco,CA,strike; picket,strike_out_of_scope
2,9/24/2021,Santa Rosa,CA,strike; picket,strike_out_of_scope
2,9/24/2021,Bardstown,KY,strike; picket,strike_out_of_scope
2,9/24/2021,Worcester,MA,strike; picket,strike_out_of_scope
2,9/24/2021,New York,NY,strike; picket,strike_out_of_scope
2,9/24/2021,Seattle,WA,strike; picket,strike_out_of_scope
2,9/24/2021,Tukwila,WA,strike; picket,strike_out_of_scope
2,9/25/2021,Brookwood,AL,strike; picket,strike_out_of_scope
2,9/25/2021,Oakland,CA,strike; picket,strike_out_of_scope
2,9/25/2021,Redwood City,CA,strike; picket,strike_out_of_scope
2,9/25/2021,Richmond,CA,strike; picket,strike_out_of_scope
2,9/25/2021,San Francisco,CA,strike; picket,strike_out_of_scope
2,9/25/2021,Santa Rosa,CA,strike; picket,strike_out_of_scope
2,9/25/2021,Bardstown,KY,strike; picket,strike_out_of_scope
2,9/25/2021,Worcester,MA,strike; picket,strike_out_of_scope
2,9/25/2021,New York,NY,strike; picket,strike_out_of_scope
2,9/25/2021,Seattle,WA,strike; picket,strike_out_of_scope
2,9/26/2021,Brookwood,AL,strike; picket,strike_out_of_scope
2,9/26/2021,Oakland,CA,strike; picket,strike_out_of_scope
2,9/26/2021,Redwood City,CA,strike; picket,strike_out_of_scope
2,9/26/2021,Richmond,CA,strike; picket,strike_out_of_scope
2,9/26/2021,San Francisco,CA,strike; picket,strike_out_of_scope
2,9/26/2021,Santa Rosa,CA,strike; picket,strike_out_of_scope
2,9/26/2021,Bardstown,KY,strike; picket,strike_out_of_scope
2,9/26/2021,Worcester,MA,strike; picket,strike_out_of_scope
2,9/26/2021,New York,NY,strike; picket,strike_out_of_scope
2,9/26/2021,Seattle,WA,strike; picket,strike_out_of_scope
2,9/27/2021,Brookwood,AL,strike; picket,strike_out_of_scope
2,9/27/2021,Oakland,CA,strike; picket,strike_out_of_scope
2,9/27/2021,Redwood City,CA,strike; picket,strike_out_of_scope
2,9/27/2021,Richmond,CA,strike; picket,strike_out_of_scope
2,9/27/2021,San Francisco,CA,strike; picket,strike_out_of_scope
2,9/27/2021,Santa Rosa,CA,strike; picket,strike_out_of_scope
2,9/27/2021,Bardstown,KY,strike; picket,strike_out_of_scope
2,9/27/2021,Worcester,MA,strike; picket,strike_out_of_scope
2,9/27/2021,Reno,NV,strike; picket,strike_out_of_scope
2,9/27/2021,New York,NY,strike; picket,strike_out_of_scope
2,9/27/2021,San Antonio,TX,strike; picket,strike_out_of_scope
2,9/27/2021,Seattle,WA,strike; picket,strike_out_of_scope
2,9/27/2021,Tukwila,WA,strike; picket,strike_out_of_scope
2,9/28/2021,Brookwood,AL,strike; picket,strike_out_of_scope
2,9/28/2021,Oakland,CA,strike; picket,strike_out_of_scope
2,9/28/2021,Redwood City,CA,strike; picket,strike_out_of_scope
2,9/28/2021,Richmond,CA,strike; picket,strike_out_of_scope
2,9/28/2021,San Francisco,CA,strike; picket,strike_out_of_scope
2,9/28/2021,Santa Clara,CA,strike; picket,strike_out_of_scope
2,9/28/2021,Santa Rosa,CA,strike; picket,strike_out_of_scope
2,9/28/2021,Bardstown,KY,strike; picket,strike_out_of_scope
2,9/28/2021,Worcester,MA,strike; picket,strike_out_of_scope
2,9/28/2021,Reno,NV,strike; picket,strike_out_of_scope
2,9/28/2021,New York,NY,strike; picket,strike_out_of_scope
2,9/28/2021,San Antonio,TX,strike; picket,strike_out_of_scope
2,9/28/2021,Seattle,WA,strike; picket,strike_out_of_scope
2,9/28/2021,Tukwila,WA,strike; picket,strike_out_of_scope
2,9/29/2021,Brookwood,AL,strike; picket,strike_out_of_scope
2,9/29/2021,Oakland,CA,strike; picket,strike_out_of_scope
2,9/29/2021,Redwood City,CA,strike; picket,strike_out_of_scope
2,9/29/2021,Richmond,CA,strike; picket,strike_out_of_scope
2,9/29/2021,San Francisco,CA,strike; picket,strike_out_of_scope
2,9/29/2021,Santa Rosa,CA,strike; picket,strike_out_of_scope
2,9/29/2021,Bardstown,KY,strike; picket,strike_out_of_scope
2,9/29/2021,Worcester,MA,strike; picket,strike_out_of_scope
2,9/29/2021,Reno,NV,strike; picket,strike_out_of_scope
2,9/29/2021,New York,NY,strike; picket,strike_out_of_scope
2,9/29/2021,San Antonio,TX,strike; picket,strike_out_of_scope
2,9/29/2021,Seattle,WA,strike; picket,strike_out_of_scope
2,9/29/2021,Tukwila,WA,strike; picket,strike_out_of_scope
2,9/30/2021,Brookwood,AL,strike; picket,strike_out_of_scope
2,9/30/2021,Oakland,CA,strike; picket,strike_out_of_scope
2,9/30/2021,Redwood City,CA,strike; picket,strike_out_of_scope
2,9/30/2021,Richmond,CA,strike; picket,strike_out_of_scope
2,9/30/2021,San Francisco,CA,strike; picket,strike_out_of_scope
2,9/30/2021,Santa Rosa,CA,strike; picket,strike_out_of_scope
2,9/30/2021,Bardstown,KY,strike; picket,strike_out_of_scope
2,9/30/2021,Worcester,MA,strike; picket,strike_out_of_scope
2,9/30/2021,Reno,NV,strike; picket,strike_out_of_scope
2,9/30/2021,New York,NY,strike; picket,strike_out_of_scope
2,9/30/2021,San Antonio,TX,strike; picket,strike_out_of_scope
2,9/30/2021,Seattle,WA,strike; picket,strike_out_of_scope
2,9/30/2021,Tukwila,WA,strike; picket,strike_out_of_scope
2,10/1/2021,Brookwood,AL,strike; picket,strike_out_of_scope
2,10/1/2021,Oakland,CA,strike; picket,strike_out_of_scope
2,10/1/2021,Redwood City,CA,strike; picket,strike_out_of_scope
2,10/1/2021,Richmond,CA,strike; picket,strike_out_of_scope
2,10/1/2021,San Francisco,CA,strike; picket,strike_out_of_scope
2,10/1/2021,Santa Rosa,CA,strike; picket,strike_out_of_scope
2,10/1/2021,Denver,CO,strike; picket,strike_out_of_scope
2,10/1/2021,Bardstown,KY,strike; picket,strike_out_of_scope
2,10/1/2021,Worcester,MA,strike; picket,strike_out_of_scope
2,10/1/2021,Reno,NV,strike; picket,strike_out_of_scope
2,10/1/2021,Buffalo,NY,strike; picket,strike_out_of_scope
2,10/1/2021,New York,NY,strike; picket,strike_out_of_scope
2,10/1/2021,San Antonio,TX,strike; picket,strike_out_of_scope
2,10/1/2021,Seattle,WA,strike; picket,strike_out_of_scope
2,10/1/2021,Tukwila,WA,strike; picket,strike_out_of_scope
2,10/1/2021,Barboursville,WV,strike; picket,strike_out_of_scope
2,10/1/2021,Huntington,WV,strike; picket,strike_out_of_scope
2,10/2/2021,Brookwood,AL,strike; picket,strike_out_of_scope
2,10/2/2021,Oakland,CA,strike; picket,strike_out_of_scope
2,10/2/2021,Redwood City,CA,strike; picket,strike_out_of_scope
2,10/2/2021,Richmond,CA,strike; picket,strike_out_of_scope
2,10/2/2021,San Francisco,CA,strike; picket,strike_out_of_scope
2,10/2/2021,Santa Rosa,CA,strike; picket,strike_out_of_scope
2,10/2/2021,Bardstown,KY,strike; picket,strike_out_of_scope
2,10/2/2021,Worcester,MA,strike; picket,strike_out_of_scope
2,10/2/2021,Reno,NV,strike; picket,strike_out_of_scope
2,10/2/2021,New York,NY,strike; picket,strike_out_of_scope
2,10/2/2021,San Antonio,TX,strike; picket,strike_out_of_scope
2,10/2/2021,Seattle,WA,strike; picket,strike_out_of_scope
2,10/2/2021,Barboursville,WV,strike; picket,strike_out_of_scope
2,10/2/2021,Huntington,WV,strike; picket,strike_out_of_scope
2,10/3/2021,Brookwood,AL,strike; picket,strike_out_of_scope
2,10/3/2021,Oakland,CA,strike; picket,strike_out_of_scope
2,10/3/2021,Redwood City,CA,strike; picket,strike_out_of_scope
2,10/3/2021,Richmond,CA,strike; picket,strike_out_of_scope
2,10/3/2021,San Francisco,CA,strike; picket,strike_out_of_scope
2,10/3/2021,Santa Rosa,CA,strike; picket,strike_out_of_scope
2,10/3/2021,Bardstown,KY,strike; picket,strike_out_of_scope
2,10/3/2021,Worcester,MA,strike; picket,strike_out_of_scope
2,10/3/2021,Reno,NV,strike; picket,strike_out_of_scope
2,10/3/2021,New York,NY,strike; picket,strike_out_of_scope
2,10/3/2021,San Antonio,TX,strike; picket,strike_out_of_scope
2,10/3/2021,Seattle,WA,strike; picket,strike_out_of_scope
2,10/3/2021,Barboursville,WV,strike; picket,strike_out_of_scope
2,10/3/2021,Huntington,WV,strike; picket,strike_out_of_scope
2,10/4/2021,Brookwood,AL,strike; picket,strike_out_of_scope
2,10/4/2021,Antioch,CA,strike; picket,strike_out_of_scope
2,10/4/2021,Oakland,CA,strike; picket,strike_out_of_scope
2,10/4/2021,Redwood City,CA,strike; picket,strike_out_of_scope
2,10/4/2021,Richmond,CA,strike; picket,strike_out_of_scope
2,10/4/2021,San Francisco,CA,strike; picket,strike_out_of_scope
2,10/4/2021,Santa Rosa,CA,strike; picket,strike_out_of_scope
2,10/4/2021,Bardstown,KY,strike; picket,strike_out_of_scope
2,10/4/2021,Worcester,MA,strike; picket,strike_out_of_scope
2,10/4/2021,Annapolis,MD,strike,strike_out_of_scope
2,10/4/2021,Reno,NV,strike; picket,strike_out_of_scope
2,10/4/2021,New York,NY,strike; picket,strike_out_of_scope
2,10/4/2021,Erie,PA,strike; picket,strike_out_of_scope
2,10/4/2021,San Antonio,TX,strike; picket,strike_out_of_scope
2,10/4/2021,Seattle,WA,strike; picket,strike_out_of_scope
2,10/4/2021,Tukwila,WA,strike; picket,strike_out_of_scope
2,10/4/2021,Barboursville,WV,strike; picket,strike_out_of_scope
2,10/4/2021,Huntington,WV,strike; picket,strike_out_of_scope
2,10/5/2021,Brookwood,AL,strike; picket,strike_out_of_scope
2,10/5/2021,Antioch,CA,strike; picket,strike_out_of_scope
2,10/5/2021,Oakland,CA,strike; picket,strike_out_of_scope
2,10/5/2021,Redwood City,CA,strike; picket,strike_out_of_scope
2,10/5/2021,Richmond,CA,strike; picket,strike_out_of_scope
2,10/5/2021,San Francisco,CA,strike; picket,strike_out_of_scope
2,10/5/2021,Santa Rosa,CA,strike; picket,strike_out_of_scope
2,10/5/2021,Bardstown,KY,strike; picket,strike_out_of_scope
2,10/5/2021,Worcester,MA,strike; picket,strike_out_of_scope
2,10/5/2021,Annapolis,MD,strike,strike_out_of_scope
2,10/5/2021,Battle Creek,MI,strike; picket,strike_out_of_scope
2,10/5/2021,Omaha,NE,strike; picket,strike_out_of_scope
2,10/5/2021,Reno,NV,strike; picket,strike_out_of_scope
2,10/5/2021,New York,NY,strike; picket,strike_out_of_scope
2,10/5/2021,Erie,PA,strike; picket,strike_out_of_scope
2,10/5/2021,Lancaster,PA,strike; picket,strike_out_of_scope
2,10/5/2021,Memphis,TN,strike; picket,strike_out_of_scope
2,10/5/2021,San Antonio,TX,strike; picket,strike_out_of_scope
2,10/5/2021,Seattle,WA,strike; picket,strike_out_of_scope
2,10/5/2021,Tukwila,WA,strike; picket,strike_out_of_scope
2,10/5/2021,Barboursville,WV,strike; picket,strike_out_of_scope
2,10/5/2021,Huntington,WV,strike; picket,strike_out_of_scope
2,10/6/2021,Brookwood,AL,strike; picket,strike_out_of_scope
2,10/6/2021,Antioch,CA,strike; picket,strike_out_of_scope
2,10/6/2021,Oakland,CA,strike; picket,strike_out_of_scope
2,10/6/2021,Redwood City,CA,strike; picket,strike_out_of_scope
2,10/6/2021,Richmond,CA,strike; picket,strike_out_of_scope
2,10/6/2021,San Francisco,CA,strike; picket,strike_out_of_scope
2,10/6/2021,Santa Rosa,CA,strike; picket,strike_out_of_scope
2,10/6/2021,Bardstown,KY,strike; picket,strike_out_of_scope
2,10/6/2021,Worcester,MA,strike; picket,strike_out_of_scope
2,10/6/2021,Battle Creek,MI,strike; picket,strike_out_of_scope
2,10/6/2021,Omaha,NE,strike; picket,strike_out_of_scope
2,10/6/2021,Reno,NV,strike; picket,strike_out_of_scope
2,10/6/2021,Buffalo,NY,strike; picket,strike_out_of_scope
2,10/6/2021,New York,NY,strike; picket,strike_out_of_scope
2,10/6/2021,Erie,PA,strike; picket,strike_out_of_scope
2,10/6/2021,Lancaster,PA,strike; picket,strike_out_of_scope
2,10/6/2021,Memphis,TN,strike; picket,strike_out_of_scope
2,10/6/2021,San Antonio,TX,strike; picket,strike_out_of_scope
2,10/6/2021,Seattle,WA,strike; picket,strike_out_of_scope
2,10/6/2021,Tukwila,WA,strike; picket,strike_out_of_scope
2,10/6/2021,Barboursville,WV,strike; picket,strike_out_of_scope
2,10/6/2021,Huntington,WV,strike; picket,strike_out_of_scope
2,10/7/2021,Brookwood,AL,strike; picket,strike_out_of_scope
2,10/7/2021,Antioch,CA,strike; picket,strike_out_of_scope
2,10/7/2021,Oakland,CA,strike; picket,strike_out_of_scope
2,10/7/2021,Redwood City,CA,strike; picket,strike_out_of_scope
2,10/7/2021,Richmond,CA,strike; picket,strike_out_of_scope
2,10/7/2021,San Francisco,CA,strike; picket,strike_out_of_scope
2,10/7/2021,Santa Rosa,CA,strike; picket,strike_out_of_scope
2,10/7/2021,Bardstown,KY,strike; picket,strike_out_of_scope
2,10/7/2021,Worcester,MA,strike; picket,strike_out_of_scope
2,10/7/2021,Battle Creek,MI,strike; picket,strike_out_of_scope
2,10/7/2021,Omaha,NE,strike; picket,strike_out_of_scope
2,10/7/2021,Reno,NV,strike; picket,strike_out_of_scope
2,10/7/2021,Buffalo,NY,strike; picket,strike_out_of_scope
2,10/7/2021,New York,NY,strike; picket,strike_out_of_scope
2,10/7/2021,Erie,PA,strike; picket,strike_out_of_scope
2,10/7/2021,Lancaster,PA,strike; picket,strike_out_of_scope
2,10/7/2021,Memphis,TN,strike; picket,strike_out_of_scope
2,10/7/2021,San Antonio,TX,strike; picket,strike_out_of_scope
2,10/7/2021,Tukwila,WA,strike; picket,strike_out_of_scope
2,10/7/2021,Barboursville,WV,strike; picket,strike_out_of_scope
2,10/7/2021,Huntington,WV,strike; picket,strike_out_of_scope
2,10/8/2021,Brookwood,AL,strike; picket,strike_out_of_scope
2,10/8/2021,Antioch,CA,strike; picket,strike_out_of_scope
2,10/8/2021,Oakland,CA,strike; picket,strike_out_of_scope
2,10/8/2021,Redwood City,CA,strike; picket,strike_out_of_scope
2,10/8/2021,Richmond,CA,strike; picket,strike_out_of_scope
2,10/8/2021,San Francisco,CA,strike; picket,strike_out_of_scope
2,10/8/2021,Santa Rosa,CA,strike; picket,strike_out_of_scope
2,10/8/2021,Bardstown,KY,strike; picket,strike_out_of_scope
2,10/8/2021,Worcester,MA,strike; picket,strike_out_of_scope
2,10/8/2021,Battle Creek,MI,strike; picket,strike_out_of_scope
2,10/8/2021,Omaha,NE,strike; picket,strike_out_of_scope
2,10/8/2021,Reno,NV,strike; picket,strike_out_of_scope
2,10/8/2021,Buffalo,NY,strike; picket,strike_out_of_scope
2,10/8/2021,New York,NY,strike; picket,strike_out_of_scope
2,10/8/2021,Erie,PA,strike; picket,strike_out_of_scope
2,10/8/2021,Lancaster,PA,strike; picket,strike_out_of_scope
2,10/8/2021,Memphis,TN,strike; picket,strike_out_of_scope
2,10/8/2021,San Antonio,TX,strike; picket,strike_out_of_scope
2,10/8/2021,Tukwila,WA,strike; picket,strike_out_of_scope
2,10/8/2021,Barboursville,WV,strike; picket,strike_out_of_scope
2,10/8/2021,Huntington,WV,strike; picket,strike_out_of_scope
2,10/9/2021,Brookwood,AL,strike; picket,strike_out_of_scope
2,10/9/2021,Oakland,CA,strike; picket,strike_out_of_scope
2,10/9/2021,Redwood City,CA,strike; picket,strike_out_of_scope
2,10/9/2021,Richmond,CA,strike; picket,strike_out_of_scope
2,10/9/2021,San Francisco,CA,strike; picket,strike_out_of_scope
2,10/9/2021,Santa Rosa,CA,strike; picket,strike_out_of_scope
2,10/9/2021,Bardstown,KY,strike; picket,strike_out_of_scope
2,10/9/2021,Worcester,MA,strike; picket,strike_out_of_scope
2,10/9/2021,Battle Creek,MI,strike; picket,strike_out_of_scope
2,10/9/2021,Omaha,NE,strike; picket,strike_out_of_scope
2,10/9/2021,Reno,NV,strike; picket,strike_out_of_scope
2,10/9/2021,Buffalo,NY,strike; picket,strike_out_of_scope
2,10/9/2021,New York,NY,strike; picket,strike_out_of_scope
2,10/9/2021,Erie,PA,strike; picket,strike_out_of_scope
2,10/9/2021,Lancaster,PA,strike; picket,strike_out_of_scope
2,10/9/2021,Memphis,TN,strike; picket,strike_out_of_scope
2,10/9/2021,San Antonio,TX,strike; picket,strike_out_of_scope
2,10/9/2021,Barboursville,WV,strike; picket,strike_out_of_scope
2,10/9/2021,Huntington,WV,strike; picket,strike_out_of_scope
2,10/10/2021,Brookwood,AL,strike; picket,strike_out_of_scope
2,10/10/2021,Oakland,CA,strike; picket,strike_out_of_scope
2,10/10/2021,Redwood City,CA,strike; picket,strike_out_of_scope
2,10/10/2021,Richmond,CA,strike; picket,strike_out_of_scope
2,10/10/2021,San Francisco,CA,strike; picket,strike_out_of_scope
2,10/10/2021,Santa Rosa,CA,strike; picket,strike_out_of_scope
2,10/10/2021,Bardstown,KY,strike; picket,strike_out_of_scope
2,10/10/2021,Worcester,MA,strike; picket,strike_out_of_scope
2,10/10/2021,Battle Creek,MI,strike; picket,strike_out_of_scope
2,10/10/2021,Omaha,NE,strike; picket,strike_out_of_scope
2,10/10/2021,Reno,NV,strike; picket,strike_out_of_scope
2,10/10/2021,Buffalo,NY,strike; picket,strike_out_of_scope
2,10/10/2021,New York,NY,strike; picket,strike_out_of_scope
2,10/10/2021,Erie,PA,strike; picket,strike_out_of_scope
2,10/10/2021,Lancaster,PA,strike; picket,strike_out_of_scope
2,10/10/2021,Memphis,TN,strike; picket,strike_out_of_scope
2,10/10/2021,San Antonio,TX,strike; picket,strike_out_of_scope
2,10/10/2021,Barboursville,WV,strike; picket,strike_out_of_scope
2,10/10/2021,Huntington,WV,strike; picket,strike_out_of_scope
2,10/11/2021,Brookwood,AL,strike; picket,strike_out_of_scope
2,10/11/2021,Oakland,CA,strike; picket,strike_out_of_scope
2,10/11/2021,Redwood City,CA,strike; picket,strike_out_of_scope
2,10/11/2021,Richmond,CA,strike; picket,strike_out_of_scope
2,10/11/2021,San Francisco,CA,strike; picket,strike_out_of_scope
2,10/11/2021,Santa Rosa,CA,strike; picket,strike_out_of_scope
2,10/11/2021,Bardstown,KY,strike; picket,strike_out_of_scope
2,10/11/2021,Worcester,MA,strike; picket,strike_out_of_scope
2,10/11/2021,Battle Creek,MI,strike; picket,strike_out_of_scope
2,10/11/2021,Omaha,NE,strike; picket,strike_out_of_scope
2,10/11/2021,Reno,NV,strike; picket,strike_out_of_scope
2,10/11/2021,Buffalo,NY,strike; picket,strike_out_of_scope
2,10/11/2021,New York,NY,strike; picket,strike_out_of_scope
2,10/11/2021,Toledo,OH,strike; picket,strike_out_of_scope
2,10/11/2021,Erie,PA,strike; picket,strike_out_of_scope
2,10/11/2021,Lancaster,PA,strike; picket,strike_out_of_scope
2,10/11/2021,Memphis,TN,strike; picket,strike_out_of_scope
2,10/11/2021,San Antonio,TX,strike; picket,strike_out_of_scope
2,10/11/2021,Tukwila,WA,strike; picket,strike_out_of_scope
2,10/11/2021,Milwaukee,WI,strike; march,strike_out_of_scope
2,10/11/2021,Barboursville,WV,strike; picket,strike_out_of_scope
2,10/11/2021,Huntington,WV,strike; picket,strike_out_of_scope
2,10/12/2021,Brookwood,AL,strike; picket,strike_out_of_scope
2,10/12/2021,Oakland,CA,strike; picket,strike_out_of_scope
2,10/12/2021,Redwood City,CA,strike; picket,strike_out_of_scope
2,10/12/2021,Richmond,CA,strike; picket,strike_out_of_scope
2,10/12/2021,San Francisco,CA,strike; picket,strike_out_of_scope
2,10/12/2021,Santa Rosa,CA,strike; picket,strike_out_of_scope
2,10/12/2021,Columbia,CT,strike; picket,strike_out_of_scope
2,10/12/2021,Danielson,CT,strike; picket,strike_out_of_scope
2,10/12/2021,Hartford,CT,strike; picket,strike_out_of_scope
2,10/12/2021,New London,CT,strike; picket,strike_out_of_scope
2,10/12/2021,Bardstown,KY,strike; picket,strike_out_of_scope
2,10/12/2021,Worcester,MA,strike; picket,strike_out_of_scope
2,10/12/2021,Battle Creek,MI,strike; picket,strike_out_of_scope
2,10/12/2021,Omaha,NE,strike; picket,strike_out_of_scope
2,10/12/2021,Reno,NV,strike; picket,strike_out_of_scope
2,10/12/2021,Buffalo,NY,strike; picket,strike_out_of_scope
2,10/12/2021,New York,NY,strike; picket,strike_out_of_scope
2,10/12/2021,Toledo,OH,strike; picket,strike_out_of_scope
2,10/12/2021,Erie,PA,strike; picket,strike_out_of_scope
2,10/12/2021,Lancaster,PA,strike; picket,strike_out_of_scope
2,10/12/2021,Memphis,TN,strike; picket,strike_out_of_scope
2,10/12/2021,San Antonio,TX,strike; picket,strike_out_of_scope
2,10/12/2021,Tukwila,WA,strike; picket,strike_out_of_scope
2,10/12/2021,Barboursville,WV,strike; picket,strike_out_of_scope
2,10/12/2021,Huntington,WV,strike; picket,strike_out_of_scope
2,10/13/2021,Brookwood,AL,strike; picket,strike_out_of_scope
2,10/13/2021,Oakland,CA,strike; picket,strike_out_of_scope
2,10/13/2021,Redwood City,CA,strike; picket,strike_out_of_scope
2,10/13/2021,Richmond,CA,strike; picket,strike_out_of_scope
2,10/13/2021,San Francisco,CA,strike; picket,strike_out_of_scope
2,10/13/2021,Santa Rosa,CA,strike; picket,strike_out_of_scope
2,10/13/2021,Sioux City,IA,walkout,walkout_labor_precutoff
2,10/13/2021,Bardstown,KY,strike; picket,strike_out_of_scope
2,10/13/2021,Worcester,MA,strike; picket,strike_out_of_scope
2,10/13/2021,Battle Creek,MI,strike; picket,strike_out_of_scope
2,10/13/2021,Omaha,NE,strike; picket,strike_out_of_scope
2,10/13/2021,Reno,NV,strike; picket,strike_out_of_scope
2,10/13/2021,Buffalo,NY,strike; picket,strike_out_of_scope
2,10/13/2021,New York,NY,strike; picket,strike_out_of_scope
2,10/13/2021,Toledo,OH,strike; picket,strike_out_of_scope
2,10/13/2021,Warren,OH,strike; picket,strike_out_of_scope
2,10/13/2021,Erie,PA,strike; picket,strike_out_of_scope
2,10/13/2021,Lancaster,PA,strike; picket,strike_out_of_scope
2,10/13/2021,Memphis,TN,strike; picket,strike_out_of_scope
2,10/13/2021,San Antonio,TX,strike; picket,strike_out_of_scope
2,10/13/2021,Tukwila,WA,strike; picket,strike_out_of_scope
2,10/13/2021,Barboursville,WV,strike; picket,strike_out_of_scope
2,10/13/2021,Huntington,WV,strike; picket,strike_out_of_scope
2,10/14/2021,Brookwood,AL,strike; picket,strike_out_of_scope
2,10/14/2021,Folsom,CA,walkout; strike; picket,strike_out_of_scope
2,10/14/2021,Oakland,CA,strike; picket,strike_out_of_scope
2,10/14/2021,Redwood City,CA,strike; picket,strike_out_of_scope
2,10/14/2021,Richmond,CA,strike; picket,strike_out_of_scope
2,10/14/2021,Roseville,CA,strike; picket,strike_out_of_scope
2,10/14/2021,San Francisco,CA,strike; picket,strike_out_of_scope
2,10/14/2021,Santa Rosa,CA,strike; picket,strike_out_of_scope
2,10/14/2021,Denver,CO,strike; picket,strike_out_of_scope
2,10/14/2021,Grovetown,GA,strike; picket,strike_out_of_scope
2,10/14/2021,Ankeny,IA,strike; picket,strike_out_of_scope
2,10/14/2021,Davenport,IA,strike; picket,strike_out_of_scope
2,10/14/2021,Dubuque,IA,strike; picket,strike_out_of_scope
2,10/14/2021,Ottumwa,IA,strike; picket,strike_out_of_scope
2,10/14/2021,Waterloo,IA,strike; picket,strike_out_of_scope
2,10/14/2021,East Moline,IL,strike; picket,strike_out_of_scope
2,10/14/2021,Milan,IL,strike; picket,strike_out_of_scope
2,10/14/2021,Moline,IL,strike; picket,strike_out_of_scope
2,10/14/2021,Coffeyville,KS,strike; picket,strike_out_of_scope
2,10/14/2021,Bardstown,KY,strike; picket,strike_out_of_scope
2,10/14/2021,Worcester,MA,strike; picket,strike_out_of_scope
2,10/14/2021,Battle Creek,MI,strike; picket,strike_out_of_scope
2,10/14/2021,Omaha,NE,strike; picket,strike_out_of_scope
2,10/14/2021,Reno,NV,strike; picket,strike_out_of_scope
2,10/14/2021,Buffalo,NY,strike; picket,strike_out_of_scope
2,10/14/2021,New York,NY,strike; picket,strike_out_of_scope
2,10/14/2021,Toledo,OH,strike; picket,strike_out_of_scope
2,10/14/2021,Warren,OH,strike; picket,strike_out_of_scope
2,10/14/2021,Erie,PA,strike; picket,strike_out_of_scope
2,10/14/2021,Lancaster,PA,strike; picket,strike_out_of_scope
2,10/14/2021,Memphis,TN,strike; picket,strike_out_of_scope
2,10/14/2021,San Antonio,TX,strike; picket,strike_out_of_scope
2,10/14/2021,Tukwila,WA,strike; picket,strike_out_of_scope
2,10/14/2021,Milwaukee,WI,strike; picket,strike_out_of_scope
2,10/14/2021,Barboursville,WV,strike; picket,strike_out_of_scope
2,10/14/2021,Huntington,WV,strike; picket,strike_out_of_scope
2,10/15/2021,Brookwood,AL,strike; picket,strike_out_of_scope
2,10/15/2021,Folsom,CA,strike; picket,strike_out_of_scope
2,10/15/2021,Oakland,CA,strike; picket,strike_out_of_scope
2,10/15/2021,Redwood City,CA,strike; picket,strike_out_of_scope
2,10/15/2021,Richmond,CA,strike; picket,strike_out_of_scope
2,10/15/2021,San Francisco,CA,strike; picket,strike_out_of_scope
2,10/15/2021,Santa Rosa,CA,strike; picket,strike_out_of_scope
2,10/15/2021,Denver,CO,strike; picket,strike_out_of_scope
2,10/15/2021,Grovetown,GA,strike; picket,strike_out_of_scope
2,10/15/2021,Ankeny,IA,strike; picket,strike_out_of_scope
2,10/15/2021,Davenport,IA,strike; picket,strike_out_of_scope
2,10/15/2021,Dubuque,IA,strike; picket,strike_out_of_scope
2,10/15/2021,Ottumwa,IA,strike; picket,strike_out_of_scope
2,10/15/2021,Waterloo,IA,strike; picket,strike_out_of_scope
2,10/15/2021,East Moline,IL,strike; picket,strike_out_of_scope
2,10/15/2021,Milan,IL,strike; picket,strike_out_of_scope
2,10/15/2021,Moline,IL,strike; picket,strike_out_of_scope
2,10/15/2021,Coffeyville,KS,strike; picket,strike_out_of_scope
2,10/15/2021,Bardstown,KY,strike; picket,strike_out_of_scope
2,10/15/2021,Worcester,MA,strike; picket,strike_out_of_scope
2,10/15/2021,Battle Creek,MI,strike; picket,strike_out_of_scope
2,10/15/2021,Omaha,NE,strike; picket,strike_out_of_scope
2,10/15/2021,Reno,NV,strike; picket,strike_out_of_scope
2,10/15/2021,Buffalo,NY,strike; picket,strike_out_of_scope
2,10/15/2021,New York,NY,strike; picket,strike_out_of_scope
2,10/15/2021,Toledo,OH,strike; picket,strike_out_of_scope
2,10/15/2021,Warren,OH,strike; picket,strike_out_of_scope
2,10/15/2021,Erie,PA,strike; picket,strike_out_of_scope
2,10/15/2021,Lancaster,PA,strike; picket,strike_out_of_scope
2,10/15/2021,Memphis,TN,strike; picket,strike_out_of_scope
2,10/15/2021,San Antonio,TX,strike; picket,strike_out_of_scope
2,10/15/2021,Tukwila,WA,strike; picket,strike_out_of_scope
2,10/15/2021,Huntington,WV,strike; picket,strike_out_of_scope
2,10/16/2021,Brookwood,AL,strike; picket,strike_out_of_scope
2,10/16/2021,Oakland,CA,strike; picket,strike_out_of_scope
2,10/16/2021,Redwood City,CA,strike; picket,strike_out_of_scope
2,10/16/2021,Richmond,CA,strike; picket,strike_out_of_scope
2,10/16/2021,San Francisco,CA,strike; picket,strike_out_of_scope
2,10/16/2021,Santa Rosa,CA,strike; picket,strike_out_of_scope
2,10/16/2021,Denver,CO,strike; picket,strike_out_of_scope
2,10/16/2021,Grovetown,GA,strike; picket,strike_out_of_scope
2,10/16/2021,Ankeny,IA,strike; picket,strike_out_of_scope
2,10/16/2021,Davenport,IA,strike; picket,strike_out_of_scope
2,10/16/2021,Dubuque,IA,strike; picket,strike_out_of_scope
2,10/16/2021,Ottumwa,IA,strike; picket,strike_out_of_scope
2,10/16/2021,Waterloo,IA,strike; picket,strike_out_of_scope
2,10/16/2021,East Moline,IL,strike; picket,strike_out_of_scope
2,10/16/2021,Milan,IL,strike; picket,strike_out_of_scope
2,10/16/2021,Moline,IL,strike; picket,strike_out_of_scope
2,10/16/2021,Coffeyville,KS,strike; picket,strike_out_of_scope
2,10/16/2021,Bardstown,KY,strike; picket,strike_out_of_scope
2,10/16/2021,Worcester,MA,strike; picket,strike_out_of_scope
2,10/16/2021,Battle Creek,MI,strike; picket,strike_out_of_scope
2,10/16/2021,Omaha,NE,strike; picket,strike_out_of_scope
2,10/16/2021,Reno,NV,strike; picket,strike_out_of_scope
2,10/16/2021,Buffalo,NY,strike; picket,strike_out_of_scope
2,10/16/2021,New York,NY,strike; picket,strike_out_of_scope
2,10/16/2021,Toledo,OH,strike; picket,strike_out_of_scope
2,10/16/2021,Warren,OH,strike; picket,strike_out_of_scope
2,10/16/2021,Erie,PA,strike; picket,strike_out_of_scope
2,10/16/2021,Lancaster,PA,strike; picket,strike_out_of_scope
2,10/16/2021,Memphis,TN,strike; picket,strike_out_of_scope
2,10/16/2021,San Antonio,TX,strike; picket,strike_out_of_scope
2,10/16/2021,Huntington,WV,strike; picket,strike_out_of_scope
2,10/17/2021,Brookwood,AL,strike; picket,strike_out_of_scope
2,10/17/2021,Oakland,CA,strike; picket,strike_out_of_scope
2,10/17/2021,Redwood City,CA,strike; picket,strike_out_of_scope
2,10/17/2021,Richmond,CA,strike; picket,strike_out_of_scope
2,10/17/2021,San Francisco,CA,strike; picket,strike_out_of_scope
2,10/17/2021,Santa Rosa,CA,strike; picket,strike_out_of_scope
2,10/17/2021,Denver,CO,strike; picket,strike_out_of_scope
2,10/17/2021,Grovetown,GA,strike; picket,strike_out_of_scope
2,10/17/2021,Ankeny,IA,strike; picket,strike_out_of_scope
2,10/17/2021,Davenport,IA,strike; picket,strike_out_of_scope
2,10/17/2021,Dubuque,IA,strike; picket,strike_out_of_scope
2,10/17/2021,Ottumwa,IA,strike; picket,strike_out_of_scope
2,10/17/2021,Waterloo,IA,strike; picket,strike_out_of_scope
2,10/17/2021,East Moline,IL,strike; picket,strike_out_of_scope
2,10/17/2021,Milan,IL,strike; picket,strike_out_of_scope
2,10/17/2021,Moline,IL,strike; picket,strike_out_of_scope
2,10/17/2021,Coffeyville,KS,strike; picket,strike_out_of_scope
2,10/17/2021,Bardstown,KY,strike; picket,strike_out_of_scope
2,10/17/2021,Worcester,MA,strike; picket,strike_out_of_scope
2,10/17/2021,Battle Creek,MI,strike; picket,strike_out_of_scope
2,10/17/2021,Omaha,NE,strike; picket,strike_out_of_scope
2,10/17/2021,Reno,NV,strike; picket,strike_out_of_scope
2,10/17/2021,Buffalo,NY,strike; picket,strike_out_of_scope
2,10/17/2021,New York,NY,strike; picket,strike_out_of_scope
2,10/17/2021,Toledo,OH,strike; picket,strike_out_of_scope
2,10/17/2021,Warren,OH,strike; picket,strike_out_of_scope
2,10/17/2021,Erie,PA,strike; picket,strike_out_of_scope
2,10/17/2021,Lancaster,PA,strike; picket,strike_out_of_scope
2,10/17/2021,Memphis,TN,strike; picket,strike_out_of_scope
2,10/17/2021,San Antonio,TX,strike; picket,strike_out_of_scope
2,10/17/2021,Huntington,WV,strike; picket,strike_out_of_scope
2,10/18/2021,Brookwood,AL,strike; picket,strike_out_of_scope
2,10/18/2021,Oakland,CA,strike; picket,strike_out_of_scope
2,10/18/2021,Redwood City,CA,strike; picket,strike_out_of_scope
2,10/18/2021,Richmond,CA,strike; picket,strike_out_of_scope
2,10/18/2021,San Francisco,CA,strike; picket,strike_out_of_scope
2,10/18/2021,Santa Rosa,CA,strike; picket,strike_out_of_scope
2,10/18/2021,Denver,CO,strike; picket,strike_out_of_scope
2,10/18/2021,Grovetown,GA,strike; picket,strike_out_of_scope
2,10/18/2021,Ankeny,IA,strike; picket,strike_out_of_scope
2,10/18/2021,Davenport,IA,strike; picket,strike_out_of_scope
2,10/18/2021,Dubuque,IA,strike; picket,strike_out_of_scope
2,10/18/2021,Ottumwa,IA,strike; picket,strike_out_of_scope
2,10/18/2021,Waterloo,IA,strike; picket,strike_out_of_scope
2,10/18/2021,East Moline,IL,strike; picket,strike_out_of_scope
2,10/18/2021,Milan,IL,strike; picket,strike_out_of_scope
2,10/18/2021,Moline,IL,strike; picket,strike_out_of_scope
2,10/18/2021,Coffeyville,KS,strike; picket,strike_out_of_scope
2,10/18/2021,Bardstown,KY,strike; picket,strike_out_of_scope
2,10/18/2021,Worcester,MA,strike; picket,strike_out_of_scope
2,10/18/2021,Battle Creek,MI,strike; picket,strike_out_of_scope
2,10/18/2021,Omaha,NE,strike; picket,strike_out_of_scope
2,10/18/2021,Reno,NV,strike; picket,strike_out_of_scope
2,10/18/2021,Buffalo,NY,strike; picket,strike_out_of_scope
2,10/18/2021,New York,NY,strike; picket,strike_out_of_scope
2,10/18/2021,Toledo,OH,strike; picket,strike_out_of_scope
2,10/18/2021,Warren,OH,strike; picket,strike_out_of_scope
2,10/18/2021,Erie,PA,strike; picket,strike_out_of_scope
2,10/18/2021,Lancaster,PA,strike; picket,strike_out_of_scope
2,10/18/2021,Mayaguez,PR,strike,strike_out_of_scope
2,10/18/2021,Memphis,TN,strike; picket,strike_out_of_scope
2,10/18/2021,San Antonio,TX,strike; picket,strike_out_of_scope
2,10/18/2021,Tukwila,WA,strike; picket,strike_out_of_scope
2,10/18/2021,Huntington,WV,strike; picket,strike_out_of_scope
2,10/19/2021,Brookwood,AL,strike; picket,strike_out_of_scope
2,10/19/2021,Oakland,CA,strike; picket,strike_out_of_scope
2,10/19/2021,Redwood City,CA,strike; picket,strike_out_of_scope
2,10/19/2021,Richmond,CA,strike; picket,strike_out_of_scope
2,10/19/2021,Salinas,CA,demonstration; hunger strike,strike_out_of_scope
2,10/19/2021,San Francisco,CA,strike; picket,strike_out_of_scope
2,10/19/2021,Santa Rosa,CA,strike; picket,strike_out_of_scope
2,10/19/2021,Denver,CO,strike; picket,strike_out_of_scope
2,10/19/2021,Grovetown,GA,strike; picket,strike_out_of_scope
2,10/19/2021,Ankeny,IA,strike; picket,strike_out_of_scope
2,10/19/2021,Davenport,IA,strike; picket,strike_out_of_scope
2,10/19/2021,Dubuque,IA,strike; picket,strike_out_of_scope
2,10/19/2021,Ottumwa,IA,strike; picket,strike_out_of_scope
2,10/19/2021,Waterloo,IA,strike; picket,strike_out_of_scope
2,10/19/2021,East Moline,IL,strike; picket,strike_out_of_scope
2,10/19/2021,Milan,IL,strike; picket,strike_out_of_scope
2,10/19/2021,Moline,IL,strike; picket,strike_out_of_scope
2,10/19/2021,Coffeyville,KS,strike; picket,strike_out_of_scope
2,10/19/2021,Bardstown,KY,strike; picket,strike_out_of_scope
2,10/19/2021,Worcester,MA,strike; picket,strike_out_of_scope
2,10/19/2021,Battle Creek,MI,strike; picket,strike_out_of_scope
2,10/19/2021,Omaha,NE,strike; picket,strike_out_of_scope
2,10/19/2021,Reno,NV,strike; picket,strike_out_of_scope
2,10/19/2021,Buffalo,NY,strike; picket,strike_out_of_scope
2,10/19/2021,New York,NY,strike; picket,strike_out_of_scope
2,10/19/2021,Toledo,OH,strike; picket,strike_out_of_scope
2,10/19/2021,Warren,OH,strike; picket,strike_out_of_scope
2,10/19/2021,Erie,PA,strike; picket,strike_out_of_scope
2,10/19/2021,Lancaster,PA,strike; picket,strike_out_of_scope
2,10/19/2021,Memphis,TN,strike; picket,strike_out_of_scope
2,10/19/2021,San Antonio,TX,strike; picket,strike_out_of_scope
2,10/19/2021,Tukwila,WA,strike; picket,strike_out_of_scope
2,10/19/2021,Huntington,WV,strike; picket,strike_out_of_scope
2,10/20/2021,Brookwood,AL,strike; picket,strike_out_of_scope
2,10/20/2021,Oakland,CA,strike; picket,strike_out_of_scope
2,10/20/2021,Redwood City,CA,strike; picket,strike_out_of_scope
2,10/20/2021,Richmond,CA,strike; picket,strike_out_of_scope
2,10/20/2021,San Francisco,CA,strike; picket,strike_out_of_scope
2,10/20/2021,Santa Rosa,CA,strike; picket,strike_out_of_scope
2,10/20/2021,Denver,CO,strike; picket,strike_out_of_scope
2,10/20/2021,Grovetown,GA,strike; picket,strike_out_of_scope
2,10/20/2021,Ankeny,IA,strike; picket,strike_out_of_scope
2,10/20/2021,Davenport,IA,strike; picket,strike_out_of_scope
2,10/20/2021,Dubuque,IA,strike; picket,strike_out_of_scope
2,10/20/2021,Ottumwa,IA,strike; picket,strike_out_of_scope
2,10/20/2021,Waterloo,IA,strike; picket,strike_out_of_scope
2,10/20/2021,East Moline,IL,strike; picket,strike_out_of_scope
2,10/20/2021,Milan,IL,strike; picket,strike_out_of_scope
2,10/20/2021,Moline,IL,strike; picket,strike_out_of_scope
2,10/20/2021,Coffeyville,KS,strike; picket,strike_out_of_scope
2,10/20/2021,Bardstown,KY,strike; picket,strike_out_of_scope
2,10/20/2021,Worcester,MA,strike; picket,strike_out_of_scope
2,10/20/2021,Battle Creek,MI,strike; picket,strike_out_of_scope
2,10/20/2021,Omaha,NE,strike; picket,strike_out_of_scope
2,10/20/2021,Buffalo,NY,strike; picket,strike_out_of_scope
2,10/20/2021,New York,NY,demonstration; hunger strike,strike_out_of_scope
2,10/20/2021,New York,NY,strike; picket,strike_out_of_scope
2,10/20/2021,Toledo,OH,strike; picket,strike_out_of_scope
2,10/20/2021,Warren,OH,strike; picket,strike_out_of_scope
2,10/20/2021,Erie,PA,strike; picket,strike_out_of_scope
2,10/20/2021,Lancaster,PA,strike; picket,strike_out_of_scope
2,10/20/2021,Memphis,TN,strike; picket,strike_out_of_scope
2,10/20/2021,San Antonio,TX,strike; picket,strike_out_of_scope
2,10/20/2021,Tukwila,WA,strike; picket,strike_out_of_scope
2,10/20/2021,Huntington,WV,strike; picket,strike_out_of_scope
2,10/21/2021,Brookwood,AL,strike; picket,strike_out_of_scope
2,10/21/2021,Hemet,CA,strike; picket,strike_out_of_scope
2,10/21/2021,Menifee,CA,strike; picket,strike_out_of_scope
2,10/21/2021,Oakland,CA,strike; picket,strike_out_of_scope
2,10/21/2021,Redwood City,CA,strike; picket,strike_out_of_scope
2,10/21/2021,Richmond,CA,strike; picket,strike_out_of_scope
2,10/21/2021,San Francisco,CA,strike; picket,strike_out_of_scope
2,10/21/2021,San Jose,CA,walkout,walkout_labor_precutoff
2,10/21/2021,Santa Rosa,CA,strike; picket,strike_out_of_scope
2,10/21/2021,Denver,CO,strike; picket,strike_out_of_scope
2,10/21/2021,Grovetown,GA,strike; picket,strike_out_of_scope
2,10/21/2021,Ankeny,IA,strike; picket,strike_out_of_scope
2,10/21/2021,Davenport,IA,strike; picket,strike_out_of_scope
2,10/21/2021,Dubuque,IA,strike; picket,strike_out_of_scope
2,10/21/2021,Ottumwa,IA,strike; picket,strike_out_of_scope
2,10/21/2021,Waterloo,IA,strike; picket,strike_out_of_scope
2,10/21/2021,East Moline,IL,strike; picket,strike_out_of_scope
2,10/21/2021,Milan,IL,strike; picket,strike_out_of_scope
2,10/21/2021,Moline,IL,strike; picket,strike_out_of_scope
2,10/21/2021,Coffeyville,KS,strike; picket,strike_out_of_scope
2,10/21/2021,Bardstown,KY,strike; picket,strike_out_of_scope
2,10/21/2021,Worcester,MA,strike; picket,strike_out_of_scope
2,10/21/2021,Battle Creek,MI,strike; picket,strike_out_of_scope
2,10/21/2021,Omaha,NE,strike; picket,strike_out_of_scope
2,10/21/2021,Buffalo,NY,strike; picket,strike_out_of_scope
2,10/21/2021,New York,NY,demonstration; hunger strike,strike_out_of_scope
2,10/21/2021,New York,NY,strike; picket,strike_out_of_scope
2,10/21/2021,Toledo,OH,strike; picket,strike_out_of_scope
2,10/21/2021,Warren,OH,strike; picket,strike_out_of_scope
2,10/21/2021,Erie,PA,strike; picket,strike_out_of_scope
2,10/21/2021,Lancaster,PA,strike; picket,strike_out_of_scope
2,10/21/2021,Philadelphia,PA,strike; picket,strike_out_of_scope
2,10/21/2021,Memphis,TN,strike; picket,strike_out_of_scope
2,10/21/2021,San Antonio,TX,strike; picket,strike_out_of_scope
2,10/21/2021,Tukwila,WA,strike; picket,strike_out_of_scope
2,10/21/2021,Huntington,WV,strike; picket,strike_out_of_scope
2,10/22/2021,Brookwood,AL,strike; picket,strike_out_of_scope
2,10/22/2021,Oakland,CA,strike; picket,strike_out_of_scope
2,10/22/2021,Redwood City,CA,strike; picket,strike_out_of_scope
2,10/22/2021,Richmond,CA,strike; picket,strike_out_of_scope
2,10/22/2021,San Francisco,CA,strike; picket,strike_out_of_scope
2,10/22/2021,Santa Rosa,CA,strike; picket,strike_out_of_scope
2,10/22/2021,Denver,CO,strike; picket,strike_out_of_scope
2,10/22/2021,Grovetown,GA,strike; picket,strike_out_of_scope
2,10/22/2021,Ankeny,IA,strike; picket,strike_out_of_scope
2,10/22/2021,Davenport,IA,strike; picket,strike_out_of_scope
2,10/22/2021,Dubuque,IA,strike; picket,strike_out_of_scope
2,10/22/2021,Ottumwa,IA,strike; picket,strike_out_of_scope
2,10/22/2021,Waterloo,IA,strike; picket,strike_out_of_scope
2,10/22/2021,East Moline,IL,strike; picket,strike_out_of_scope
2,10/22/2021,Milan,IL,strike; picket,strike_out_of_scope
2,10/22/2021,Moline,IL,strike; picket,strike_out_of_scope
2,10/22/2021,Coffeyville,KS,strike; picket,strike_out_of_scope
2,10/22/2021,Bardstown,KY,strike; picket,strike_out_of_scope
2,10/22/2021,Worcester,MA,strike; picket,strike_out_of_scope
2,10/22/2021,Battle Creek,MI,strike; picket,strike_out_of_scope
2,10/22/2021,Omaha,NE,strike; picket,strike_out_of_scope
2,10/22/2021,Buffalo,NY,strike; picket,strike_out_of_scope
2,10/22/2021,New York,NY,demonstration; hunger strike,strike_out_of_scope
2,10/22/2021,New York,NY,strike; picket,strike_out_of_scope
2,10/22/2021,Toledo,OH,strike; picket,strike_out_of_scope
2,10/22/2021,Warren,OH,strike; picket,strike_out_of_scope
2,10/22/2021,Erie,PA,strike; picket,strike_out_of_scope
2,10/22/2021,Lancaster,PA,strike; picket,strike_out_of_scope
2,10/22/2021,Memphis,TN,strike; picket,strike_out_of_scope
2,10/22/2021,San Antonio,TX,strike; picket,strike_out_of_scope
2,10/22/2021,Tukwila,WA,strike; picket,strike_out_of_scope
2,10/22/2021,Huntington,WV,strike; picket,strike_out_of_scope
2,10/23/2021,Brookwood,AL,strike; picket,strike_out_of_scope
2,10/23/2021,Oakland,CA,strike; picket,strike_out_of_scope
2,10/23/2021,Redwood City,CA,strike; picket,strike_out_of_scope
2,10/23/2021,Richmond,CA,strike; picket,strike_out_of_scope
2,10/23/2021,San Francisco,CA,strike; picket,strike_out_of_scope
2,10/23/2021,Santa Rosa,CA,strike; picket,strike_out_of_scope
2,10/23/2021,Denver,CO,strike; picket,strike_out_of_scope
2,10/23/2021,Grovetown,GA,strike; picket,strike_out_of_scope
2,10/23/2021,Ankeny,IA,strike; picket,strike_out_of_scope
2,10/23/2021,Davenport,IA,strike; picket,strike_out_of_scope
2,10/23/2021,Dubuque,IA,strike; picket,strike_out_of_scope
2,10/23/2021,Ottumwa,IA,strike; picket,strike_out_of_scope
2,10/23/2021,Waterloo,IA,strike; picket,strike_out_of_scope
2,10/23/2021,East Moline,IL,strike; picket,strike_out_of_scope
2,10/23/2021,Milan,IL,strike; picket,strike_out_of_scope
2,10/23/2021,Moline,IL,strike; picket,strike_out_of_scope
2,10/23/2021,Coffeyville,KS,strike; picket,strike_out_of_scope
2,10/23/2021,Bardstown,KY,strike; picket,strike_out_of_scope
2,10/23/2021,Worcester,MA,strike; picket,strike_out_of_scope
2,10/23/2021,Battle Creek,MI,strike; picket,strike_out_of_scope
2,10/23/2021,Omaha,NE,strike; picket,strike_out_of_scope
2,10/23/2021,Buffalo,NY,strike; picket,strike_out_of_scope
2,10/23/2021,New York,NY,demonstration; hunger strike,strike_out_of_scope
2,10/23/2021,New York,NY,strike; picket,strike_out_of_scope
2,10/23/2021,Toledo,OH,strike; picket,strike_out_of_scope
2,10/23/2021,Warren,OH,strike; picket,strike_out_of_scope
2,10/23/2021,Erie,PA,strike; picket,strike_out_of_scope
2,10/23/2021,Lancaster,PA,strike; picket,strike_out_of_scope
2,10/23/2021,Memphis,TN,strike; picket,strike_out_of_scope
2,10/23/2021,San Antonio,TX,strike; picket,strike_out_of_scope
2,10/23/2021,Huntington,WV,strike; picket,strike_out_of_scope
2,10/24/2021,Brookwood,AL,strike; picket,strike_out_of_scope
2,10/24/2021,Oakland,CA,strike; picket,strike_out_of_scope
2,10/24/2021,Redwood City,CA,strike; picket,strike_out_of_scope
2,10/24/2021,Richmond,CA,strike; picket,strike_out_of_scope
2,10/24/2021,San Francisco,CA,strike; picket,strike_out_of_scope
2,10/24/2021,Santa Rosa,CA,strike; picket,strike_out_of_scope
2,10/24/2021,Denver,CO,strike; picket,strike_out_of_scope
2,10/24/2021,Grovetown,GA,strike; picket,strike_out_of_scope
2,10/24/2021,Ankeny,IA,strike; picket,strike_out_of_scope
2,10/24/2021,Davenport,IA,strike; picket,strike_out_of_scope
2,10/24/2021,Dubuque,IA,strike; picket,strike_out_of_scope
2,10/24/2021,Ottumwa,IA,strike; picket,strike_out_of_scope
2,10/24/2021,Waterloo,IA,strike; picket,strike_out_of_scope
2,10/24/2021,East Moline,IL,strike; picket,strike_out_of_scope
2,10/24/2021,Milan,IL,strike; picket,strike_out_of_scope
2,10/24/2021,Moline,IL,strike; picket,strike_out_of_scope
2,10/24/2021,Coffeyville,KS,strike; picket,strike_out_of_scope
2,10/24/2021,Bardstown,KY,strike; picket,strike_out_of_scope
2,10/24/2021,Worcester,MA,strike; picket,strike_out_of_scope
2,10/24/2021,Battle Creek,MI,strike; picket,strike_out_of_scope
2,10/24/2021,Omaha,NE,strike; picket,strike_out_of_scope
2,10/24/2021,Buffalo,NY,strike; picket,strike_out_of_scope
2,10/24/2021,New York,NY,demonstration; hunger strike,strike_out_of_scope
2,10/24/2021,New York,NY,strike; picket,strike_out_of_scope
2,10/24/2021,Toledo,OH,strike; picket,strike_out_of_scope
2,10/24/2021,Warren,OH,strike; picket,strike_out_of_scope
2,10/24/2021,Erie,PA,strike; picket,strike_out_of_scope
2,10/24/2021,Lancaster,PA,strike; picket,strike_out_of_scope
2,10/24/2021,Memphis,TN,strike; picket,strike_out_of_scope
2,10/24/2021,San Antonio,TX,strike; picket,strike_out_of_scope
2,10/24/2021,Huntington,WV,strike; picket,strike_out_of_scope
2,10/25/2021,Brookwood,AL,strike; picket,strike_out_of_scope
2,10/25/2021,Oakland,CA,strike; picket,strike_out_of_scope
2,10/25/2021,Redwood City,CA,strike; picket,strike_out_of_scope
2,10/25/2021,Richmond,CA,strike; picket,strike_out_of_scope
2,10/25/2021,San Francisco,CA,strike; picket,strike_out_of_scope
2,10/25/2021,Santa Rosa,CA,strike; picket,strike_out_of_scope
2,10/25/2021,Denver,CO,strike; picket,strike_out_of_scope
2,10/25/2021,Grovetown,GA,strike; picket,strike_out_of_scope
2,10/25/2021,Ankeny,IA,strike; picket,strike_out_of_scope
2,10/25/2021,Davenport,IA,strike; picket,strike_out_of_scope
2,10/25/2021,Dubuque,IA,strike; picket,strike_out_of_scope
2,10/25/2021,Ottumwa,IA,strike; picket,strike_out_of_scope
2,10/25/2021,Waterloo,IA,strike; picket,strike_out_of_scope
2,10/25/2021,East Moline,IL,strike; picket,strike_out_of_scope
2,10/25/2021,Milan,IL,strike; picket,strike_out_of_scope
2,10/25/2021,Moline,IL,strike; picket,strike_out_of_scope
2,10/25/2021,Coffeyville,KS,strike; picket,strike_out_of_scope
2,10/25/2021,Worcester,MA,strike; picket,strike_out_of_scope
2,10/25/2021,Battle Creek,MI,strike; picket,strike_out_of_scope
2,10/25/2021,Omaha,NE,strike; picket,strike_out_of_scope
2,10/25/2021,Buffalo,NY,strike; picket,strike_out_of_scope
2,10/25/2021,New York,NY,strike; picket,strike_out_of_scope
2,10/25/2021,Toledo,OH,strike; picket,strike_out_of_scope
2,10/25/2021,Warren,OH,strike; picket,strike_out_of_scope
2,10/25/2021,Erie,PA,strike; picket,strike_out_of_scope
2,10/25/2021,Lancaster,PA,strike; picket,strike_out_of_scope
2,10/25/2021,Memphis,TN,strike; picket,strike_out_of_scope
2,10/25/2021,San Antonio,TX,strike; picket,strike_out_of_scope
2,10/25/2021,Tukwila,WA,strike; picket,strike_out_of_scope
2,10/25/2021,Huntington,WV,strike; picket,strike_out_of_scope
2,10/26/2021,Brookwood,AL,strike; picket,strike_out_of_scope
2,10/26/2021,Oakland,CA,strike; picket,strike_out_of_scope
2,10/26/2021,Redwood City,CA,strike; picket,strike_out_of_scope
2,10/26/2021,Richmond,CA,strike; picket,strike_out_of_scope
2,10/26/2021,San Francisco,CA,strike; picket,strike_out_of_scope
2,10/26/2021,Santa Rosa,CA,strike; picket,strike_out_of_scope
2,10/26/2021,Denver,CO,strike; picket,strike_out_of_scope
2,10/26/2021,Fort Lauderdale,FL,strike; picket,strike_out_of_scope
2,10/26/2021,Miami,FL,strike; picket,strike_out_of_scope
2,10/26/2021,Sanford,FL,strike; picket,strike_out_of_scope
2,10/26/2021,Tampa,FL,strike; picket,strike_out_of_scope
2,10/26/2021,Grovetown,GA,strike; picket,strike_out_of_scope
2,10/26/2021,Ankeny,IA,strike; picket,strike_out_of_scope
2,10/26/2021,Davenport,IA,strike; picket,strike_out_of_scope
2,10/26/2021,Dubuque,IA,strike; picket,strike_out_of_scope
2,10/26/2021,Ottumwa,IA,strike; picket,strike_out_of_scope
2,10/26/2021,Waterloo,IA,strike; picket,strike_out_of_scope
2,10/26/2021,Chicago,IL,strike; picket; march; press conference,strike_out_of_scope
2,10/26/2021,East Moline,IL,strike; picket,strike_out_of_scope
2,10/26/2021,Milan,IL,strike; picket,strike_out_of_scope
2,10/26/2021,Moline,IL,strike; picket,strike_out_of_scope
2,10/26/2021,Coffeyville,KS,strike; picket,strike_out_of_scope
2,10/26/2021,Worcester,MA,strike; picket,strike_out_of_scope
2,10/26/2021,Battle Creek,MI,strike; picket,strike_out_of_scope
2,10/26/2021,Detroit,MI,strike; picket,strike_out_of_scope
2,10/26/2021,Saint Louis,MO,strike; picket,strike_out_of_scope
2,10/26/2021,Charlotte,NC,strike; picket,strike_out_of_scope
2,10/26/2021,Durham,NC,strike; picket,strike_out_of_scope
2,10/26/2021,Marion,NC,strike; rally,strike_out_of_scope
2,10/26/2021,Morganton,NC,strike; picket,strike_out_of_scope
2,10/26/2021,Omaha,NE,strike; picket,strike_out_of_scope
2,10/26/2021,Buffalo,NY,strike; picket,strike_out_of_scope
2,10/26/2021,New York,NY,demonstration; hunger strike,strike_out_of_scope
2,10/26/2021,New York,NY,strike; picket,strike_out_of_scope
2,10/26/2021,Toledo,OH,strike; picket,strike_out_of_scope
2,10/26/2021,Warren,OH,strike; picket,strike_out_of_scope
2,10/26/2021,Erie,PA,strike; picket,strike_out_of_scope
2,10/26/2021,Lancaster,PA,strike; picket,strike_out_of_scope
2,10/26/2021,Mayaguez,PR,strike,strike_out_of_scope
2,10/26/2021,Charleston,SC,strike; picket,strike_out_of_scope
2,10/26/2021,Memphis,TN,strike; picket,strike_out_of_scope
2,10/26/2021,Houston,TX,strike; picket,strike_out_of_scope
2,10/26/2021,San Antonio,TX,strike; picket,strike_out_of_scope
2,10/26/2021,Tukwila,WA,strike; picket,strike_out_of_scope
2,10/26/2021,Milwaukee,WI,strike; picket,strike_out_of_scope
2,10/26/2021,Huntington,WV,strike; picket,strike_out_of_scope
2,10/27/2021,Brookwood,AL,strike; picket,strike_out_of_scope
2,10/27/2021,Oakland,CA,strike; picket,strike_out_of_scope
2,10/27/2021,Redwood City,CA,strike; picket,strike_out_of_scope
2,10/27/2021,Richmond,CA,strike; picket,strike_out_of_scope
2,10/27/2021,San Francisco,CA,strike; picket,strike_out_of_scope
2,10/27/2021,Santa Rosa,CA,strike; picket,strike_out_of_scope
2,10/27/2021,Denver,CO,strike; picket,strike_out_of_scope
2,10/27/2021,Grovetown,GA,strike; picket,strike_out_of_scope
2,10/27/2021,Ankeny,IA,strike; picket,strike_out_of_scope
2,10/27/2021,Davenport,IA,strike; picket,strike_out_of_scope
2,10/27/2021,Dubuque,IA,strike; picket,strike_out_of_scope
2,10/27/2021,Ottumwa,IA,strike; picket,strike_out_of_scope
2,10/27/2021,Waterloo,IA,strike; picket,strike_out_of_scope
2,10/27/2021,East Moline,IL,strike; picket,strike_out_of_scope
2,10/27/2021,Milan,IL,strike; picket,strike_out_of_scope
2,10/27/2021,Moline,IL,strike; picket,strike_out_of_scope
2,10/27/2021,Coffeyville,KS,strike; picket,strike_out_of_scope
2,10/27/2021,Boston,MA,strike; rally,strike_out_of_scope
2,10/27/2021,Cambridge,MA,strike; rally,strike_out_of_scope
2,10/27/2021,Worcester,MA,strike; picket,strike_out_of_scope
2,10/27/2021,Battle Creek,MI,strike; picket; rally,strike_out_of_scope
2,10/27/2021,Omaha,NE,strike; picket,strike_out_of_scope
2,10/27/2021,Buffalo,NY,strike; picket,strike_out_of_scope
2,10/27/2021,New York,NY,demonstration; hunger strike,strike_out_of_scope
2,10/27/2021,New York,NY,strike; picket,strike_out_of_scope
2,10/27/2021,Toledo,OH,strike; picket,strike_out_of_scope
2,10/27/2021,Warren,OH,strike; picket,strike_out_of_scope
2,10/27/2021,Erie,PA,strike; picket,strike_out_of_scope
2,10/27/2021,Lancaster,PA,strike; picket,strike_out_of_scope
2,10/27/2021,Carolina,PR,strike,strike_out_of_scope
2,10/27/2021,Mayaguez,PR,strike,strike_out_of_scope
2,10/27/2021,Memphis,TN,strike; picket,strike_out_of_scope
2,10/27/2021,San Antonio,TX,strike; picket,strike_out_of_scope
2,10/27/2021,Tukwila,WA,strike; picket,strike_out_of_scope
2,10/27/2021,Huntington,WV,strike; picket,strike_out_of_scope
2,10/28/2021,Brookwood,AL,strike; picket,strike_out_of_scope
2,10/28/2021,Oakland,CA,strike; picket,strike_out_of_scope
2,10/28/2021,Redwood City,CA,strike; picket,strike_out_of_scope
2,10/28/2021,Richmond,CA,strike; picket,strike_out_of_scope
2,10/28/2021,San Francisco,CA,strike; picket,strike_out_of_scope
2,10/28/2021,Santa Rosa,CA,strike; picket,strike_out_of_scope
2,10/28/2021,Denver,CO,strike; picket,strike_out_of_scope
2,10/28/2021,Grovetown,GA,strike; picket,strike_out_of_scope
2,10/28/2021,Ankeny,IA,strike; picket,strike_out_of_scope
2,10/28/2021,Davenport,IA,strike; picket,strike_out_of_scope
2,10/28/2021,Dubuque,IA,strike; picket,strike_out_of_scope
2,10/28/2021,Ottumwa,IA,strike; picket,strike_out_of_scope
2,10/28/2021,Waterloo,IA,strike; picket,strike_out_of_scope
2,10/28/2021,East Moline,IL,strike; picket,strike_out_of_scope
2,10/28/2021,Milan,IL,strike; picket,strike_out_of_scope
2,10/28/2021,Moline,IL,strike; picket,strike_out_of_scope
2,10/28/2021,Coffeyville,KS,strike; picket,strike_out_of_scope
2,10/28/2021,Boston,MA,strike; picket,strike_out_of_scope
2,10/28/2021,Cambridge,MA,strike; picket; walkout,strike_out_of_scope
2,10/28/2021,Worcester,MA,strike; picket,strike_out_of_scope
2,10/28/2021,Battle Creek,MI,strike; picket,strike_out_of_scope
2,10/28/2021,Omaha,NE,strike; picket; rally,strike_out_of_scope
2,10/28/2021,Las Cruces,NM,strike; picket,strike_out_of_scope
2,10/28/2021,Buffalo,NY,strike; picket,strike_out_of_scope
2,10/28/2021,New York,NY,demonstration; hunger strike,strike_out_of_scope
2,10/28/2021,New York,NY,strike; picket,strike_out_of_scope
2,10/28/2021,Toledo,OH,strike; picket,strike_out_of_scope
2,10/28/2021,Warren,OH,strike; picket,strike_out_of_scope
2,10/28/2021,Erie,PA,strike; picket,strike_out_of_scope
2,10/28/2021,Lancaster,PA,strike; picket,strike_out_of_scope
2,10/28/2021,Carolina,PR,strike,strike_out_of_scope
2,10/28/2021,Mayaguez,PR,strike,strike_out_of_scope
2,10/28/2021,Memphis,TN,strike; picket,strike_out_of_scope
2,10/28/2021,San Antonio,TX,strike; picket,strike_out_of_scope
2,10/28/2021,Tukwila,WA,strike; picket,strike_out_of_scope
2,10/28/2021,Huntington,WV,strike; picket,strike_out_of_scope
2,10/29/2021,Brookwood,AL,strike; picket,strike_out_of_scope
2,10/29/2021,Oakland,CA,strike; picket,strike_out_of_scope
2,10/29/2021,Redwood City,CA,strike; picket,strike_out_of_scope
2,10/29/2021,Richmond,CA,strike; picket,strike_out_of_scope
2,10/29/2021,San Francisco,CA,strike; picket,strike_out_of_scope
2,10/29/2021,Santa Rosa,CA,strike; picket,strike_out_of_scope
2,10/29/2021,Denver,CO,strike; picket,strike_out_of_scope
2,10/29/2021,Grovetown,GA,strike; picket,strike_out_of_scope
2,10/29/2021,Ankeny,IA,strike; picket,strike_out_of_scope
2,10/29/2021,Davenport,IA,strike; picket,strike_out_of_scope
2,10/29/2021,Dubuque,IA,strike; picket,strike_out_of_scope
2,10/29/2021,Ottumwa,IA,strike; picket,strike_out_of_scope
2,10/29/2021,Waterloo,IA,strike; picket,strike_out_of_scope
2,10/29/2021,East Moline,IL,strike; picket,strike_out_of_scope
2,10/29/2021,Milan,IL,strike; picket,strike_out_of_scope
2,10/29/2021,Moline,IL,strike; picket,strike_out_of_scope
2,10/29/2021,Coffeyville,KS,strike; picket,strike_out_of_scope
2,10/29/2021,Cambridge,MA,strike; picket,strike_out_of_scope
2,10/29/2021,Worcester,MA,strike; picket,strike_out_of_scope
2,10/29/2021,Battle Creek,MI,strike; picket,strike_out_of_scope
2,10/29/2021,Omaha,NE,strike; picket,strike_out_of_scope
2,10/29/2021,Buffalo,NY,strike; picket,strike_out_of_scope
2,10/29/2021,New York,NY,demonstration; hunger strike,strike_out_of_scope
2,10/29/2021,New York,NY,strike; picket,strike_out_of_scope
2,10/29/2021,Toledo,OH,strike; picket,strike_out_of_scope
2,10/29/2021,Warren,OH,strike; picket,strike_out_of_scope
2,10/29/2021,Erie,PA,strike; picket,strike_out_of_scope
2,10/29/2021,Lancaster,PA,strike; picket,strike_out_of_scope
2,10/29/2021,Carolina,PR,strike,strike_out_of_scope
2,10/29/2021,Mayaguez,PR,strike,strike_out_of_scope
2,10/29/2021,San Juan,PR,strike,strike_out_of_scope
2,10/29/2021,Memphis,TN,strike; picket,strike_out_of_scope
2,10/29/2021,San Antonio,TX,strike; picket; rally,strike_out_of_scope
2,10/29/2021,Tukwila,WA,strike; picket,strike_out_of_scope
2,10/29/2021,Huntington,WV,strike; picket,strike_out_of_scope
2,10/30/2021,Brookwood,AL,strike; picket,strike_out_of_scope
2,10/30/2021,Oakland,CA,strike; picket,strike_out_of_scope
2,10/30/2021,Redwood City,CA,strike; picket,strike_out_of_scope
2,10/30/2021,Richmond,CA,strike; picket,strike_out_of_scope
2,10/30/2021,San Francisco,CA,strike; picket,strike_out_of_scope
2,10/30/2021,Santa Rosa,CA,strike; picket,strike_out_of_scope
2,10/30/2021,Denver,CO,strike; picket,strike_out_of_scope
2,10/30/2021,Grovetown,GA,strike; picket,strike_out_of_scope
2,10/30/2021,Ankeny,IA,strike; picket,strike_out_of_scope
2,10/30/2021,Davenport,IA,strike; picket,strike_out_of_scope
2,10/30/2021,Dubuque,IA,strike; picket,strike_out_of_scope
2,10/30/2021,Ottumwa,IA,strike; picket,strike_out_of_scope
2,10/30/2021,Waterloo,IA,strike; picket,strike_out_of_scope
2,10/30/2021,East Moline,IL,strike; picket,strike_out_of_scope
2,10/30/2021,Milan,IL,strike; picket,strike_out_of_scope
2,10/30/2021,Moline,IL,strike; picket,strike_out_of_scope
2,10/30/2021,Coffeyville,KS,strike; picket,strike_out_of_scope
2,10/30/2021,Worcester,MA,strike; picket,strike_out_of_scope
2,10/30/2021,Battle Creek,MI,strike; picket,strike_out_of_scope
2,10/30/2021,Omaha,NE,strike; picket,strike_out_of_scope
2,10/30/2021,Buffalo,NY,strike; picket,strike_out_of_scope
2,10/30/2021,New York,NY,demonstration; hunger strike,strike_out_of_scope
2,10/30/2021,New York,NY,strike; picket,strike_out_of_scope
2,10/30/2021,Toledo,OH,strike; picket,strike_out_of_scope
2,10/30/2021,Warren,OH,strike; picket,strike_out_of_scope
2,10/30/2021,Erie,PA,strike; picket,strike_out_of_scope
2,10/30/2021,Lancaster,PA,strike; picket,strike_out_of_scope
2,10/30/2021,Mayaguez,PR,strike,strike_out_of_scope
2,10/30/2021,San Juan,PR,strike,strike_out_of_scope
2,10/30/2021,Memphis,TN,strike; picket,strike_out_of_scope
2,10/30/2021,San Antonio,TX,strike; picket,strike_out_of_scope
2,10/30/2021,Huntington,WV,strike; picket,strike_out_of_scope
2,10/31/2021,Brookwood,AL,strike; picket,strike_out_of_scope
2,10/31/2021,Oakland,CA,strike; picket,strike_out_of_scope
2,10/31/2021,Redwood City,CA,strike; picket,strike_out_of_scope
2,10/31/2021,Richmond,CA,strike; picket,strike_out_of_scope
2,10/31/2021,San Francisco,CA,strike; picket,strike_out_of_scope
2,10/31/2021,Santa Rosa,CA,strike; picket,strike_out_of_scope
2,10/31/2021,Denver,CO,strike; picket,strike_out_of_scope
2,10/31/2021,Grovetown,GA,strike; picket,strike_out_of_scope
2,10/31/2021,Ankeny,IA,strike; picket,strike_out_of_scope
2,10/31/2021,Davenport,IA,strike; picket,strike_out_of_scope
2,10/31/2021,Dubuque,IA,strike; picket,strike_out_of_scope
2,10/31/2021,Ottumwa,IA,strike; picket,strike_out_of_scope
2,10/31/2021,Waterloo,IA,strike; picket,strike_out_of_scope
2,10/31/2021,East Moline,IL,strike; picket,strike_out_of_scope
2,10/31/2021,Milan,IL,strike; picket,strike_out_of_scope
2,10/31/2021,Moline,IL,strike; picket,strike_out_of_scope
2,10/31/2021,Coffeyville,KS,strike; picket,strike_out_of_scope
2,10/31/2021,Worcester,MA,strike; picket,strike_out_of_scope
2,10/31/2021,Battle Creek,MI,strike; picket,strike_out_of_scope
2,10/31/2021,Omaha,NE,strike; picket,strike_out_of_scope
2,10/31/2021,Buffalo,NY,strike; picket,strike_out_of_scope
2,10/31/2021,New York,NY,demonstration; hunger strike,strike_out_of_scope
2,10/31/2021,New York,NY,walkout; picket,walkout_labor_precutoff
2,10/31/2021,New York,NY,strike; picket,strike_out_of_scope
2,10/31/2021,Toledo,OH,strike; picket,strike_out_of_scope
2,10/31/2021,Warren,OH,strike; picket,strike_out_of_scope
2,10/31/2021,Erie,PA,strike; picket,strike_out_of_scope
2,10/31/2021,Lancaster,PA,strike; picket,strike_out_of_scope
2,10/31/2021,Mayaguez,PR,strike,strike_out_of_scope
2,10/31/2021,San Juan,PR,strike,strike_out_of_scope
2,10/31/2021,Memphis,TN,strike; picket,strike_out_of_scope
2,10/31/2021,San Antonio,TX,strike; picket,strike_out_of_scope
2,10/31/2021,Huntington,WV,strike; picket,strike_out_of_scope
2,11/1/2021,Brookwood,AL,strike; picket,strike_out_of_scope
2,11/1/2021,Oakland,CA,strike; picket,strike_out_of_scope
2,11/1/2021,Redwood City,CA,strike; picket,strike_out_of_scope
2,11/1/2021,Richmond,CA,strike; picket,strike_out_of_scope
2,11/1/2021,San Francisco,CA,strike; picket,strike_out_of_scope
2,11/1/2021,Santa Rosa,CA,strike; picket,strike_out_of_scope
2,11/1/2021,Denver,CO,strike; picket,strike_out_of_scope
2,11/1/2021,Grovetown,GA,strike; picket,strike_out_of_scope
2,11/1/2021,Ankeny,IA,strike; picket,strike_out_of_scope
2,11/1/2021,Davenport,IA,strike; picket,strike_out_of_scope
2,11/1/2021,Dubuque,IA,strike; picket,strike_out_of_scope
2,11/1/2021,Ottumwa,IA,strike; picket,strike_out_of_scope
2,11/1/2021,Waterloo,IA,strike; picket,strike_out_of_scope
2,11/1/2021,East Moline,IL,strike; picket,strike_out_of_scope
2,11/1/2021,Milan,IL,strike; picket,strike_out_of_scope
2,11/1/2021,Moline,IL,strike; picket,strike_out_of_scope
2,11/1/2021,Coffeyville,KS,strike; picket,strike_out_of_scope
2,11/1/2021,Worcester,MA,strike; picket,strike_out_of_scope
2,11/1/2021,Battle Creek,MI,strike; picket,strike_out_of_scope
2,11/1/2021,Omaha,NE,strike; picket,strike_out_of_scope
2,11/1/2021,Buffalo,NY,strike; picket,strike_out_of_scope
2,11/1/2021,New York,NY,demonstration; hunger strike,strike_out_of_scope
2,11/1/2021,New York,NY,rally; strike,strike_out_of_scope
2,11/1/2021,New York,NY,strike; picket,strike_out_of_scope
2,11/1/2021,Palmyra,NY,strike; picket,strike_out_of_scope
2,11/1/2021,Toledo,OH,strike; picket,strike_out_of_scope
2,11/1/2021,Warren,OH,strike; picket,strike_out_of_scope
2,11/1/2021,Erie,PA,strike; picket,strike_out_of_scope
2,11/1/2021,Lancaster,PA,strike; picket,strike_out_of_scope
2,11/1/2021,Mayaguez,PR,strike,strike_out_of_scope
2,11/1/2021,Memphis,TN,strike; picket,strike_out_of_scope
2,11/1/2021,San Antonio,TX,strike; picket,strike_out_of_scope
2,11/1/2021,Tukwila,WA,strike; picket,strike_out_of_scope
2,11/1/2021,Huntington,WV,strike; picket,strike_out_of_scope
2,11/2/2021,Brookwood,AL,strike; picket,strike_out_of_scope
2,11/2/2021,Oakland,CA,strike; picket,strike_out_of_scope
2,11/2/2021,Redwood City,CA,strike; picket,strike_out_of_scope
2,11/2/2021,Richmond,CA,strike; picket,strike_out_of_scope
2,11/2/2021,San Francisco,CA,strike; picket,strike_out_of_scope
2,11/2/2021,Santa Rosa,CA,strike; picket,strike_out_of_scope
2,11/2/2021,Denver,CO,strike; picket,strike_out_of_scope
2,11/2/2021,Grovetown,GA,strike; picket,strike_out_of_scope
2,11/2/2021,Ankeny,IA,strike; picket,strike_out_of_scope
2,11/2/2021,Davenport,IA,strike; picket,strike_out_of_scope
2,11/2/2021,Dubuque,IA,strike; picket,strike_out_of_scope
2,11/2/2021,Ottumwa,IA,strike; picket,strike_out_of_scope
2,11/2/2021,Waterloo,IA,strike; picket,strike_out_of_scope
2,11/2/2021,East Moline,IL,strike; picket,strike_out_of_scope
2,11/2/2021,Milan,IL,strike; picket,strike_out_of_scope
2,11/2/2021,Moline,IL,strike; picket,strike_out_of_scope
2,11/2/2021,Coffeyville,KS,strike; picket,strike_out_of_scope
2,11/2/2021,Worcester,MA,strike; picket,strike_out_of_scope
2,11/2/2021,Battle Creek,MI,strike; picket,strike_out_of_scope
2,11/2/2021,Omaha,NE,strike; picket,strike_out_of_scope
2,11/2/2021,Buffalo,NY,strike; picket,strike_out_of_scope
2,11/2/2021,New York,NY,demonstration; hunger strike,strike_out_of_scope
2,11/2/2021,New York,NY,strike; picket,strike_out_of_scope
2,11/2/2021,Palmyra,NY,strike; picket,strike_out_of_scope
2,11/2/2021,Toledo,OH,strike; picket,strike_out_of_scope
2,11/2/2021,Warren,OH,strike; picket,strike_out_of_scope
2,11/2/2021,Erie,PA,strike; picket,strike_out_of_scope
2,11/2/2021,Lancaster,PA,strike; picket,strike_out_of_scope
2,11/2/2021,Cayey,PR,strike,strike_out_of_scope
2,11/2/2021,Mayaguez,PR,strike,strike_out_of_scope
2,11/2/2021,North Hills,SD,strike,strike_out_of_scope
2,11/2/2021,Memphis,TN,strike; picket,strike_out_of_scope
2,11/2/2021,San Antonio,TX,strike; picket,strike_out_of_scope
2,11/2/2021,Tukwila,WA,strike; picket,strike_out_of_scope
2,11/2/2021,Huntington,WV,strike; picket,strike_out_of_scope
2,11/3/2021,Brookwood,AL,strike; picket,strike_out_of_scope
2,11/3/2021,Oakland,CA,strike; picket,strike_out_of_scope
2,11/3/2021,Redwood City,CA,strike; picket,strike_out_of_scope
2,11/3/2021,Richmond,CA,strike; picket,strike_out_of_scope
2,11/3/2021,San Francisco,CA,strike; picket,strike_out_of_scope
2,11/3/2021,Santa Fe Springs,CA,strike; picket,strike_out_of_scope
2,11/3/2021,Santa Rosa,CA,strike; picket,strike_out_of_scope
2,11/3/2021,Denver,CO,strike; picket,strike_out_of_scope
2,11/3/2021,Grovetown,GA,strike; picket,strike_out_of_scope
2,11/3/2021,Ankeny,IA,strike; picket,strike_out_of_scope
2,11/3/2021,Davenport,IA,strike; picket,strike_out_of_scope
2,11/3/2021,Dubuque,IA,strike; picket,strike_out_of_scope
2,11/3/2021,Ottumwa,IA,strike; picket,strike_out_of_scope
2,11/3/2021,Waterloo,IA,strike; picket,strike_out_of_scope
2,11/3/2021,East Moline,IL,strike; picket,strike_out_of_scope
2,11/3/2021,Milan,IL,strike; picket,strike_out_of_scope
2,11/3/2021,Moline,IL,strike; picket,strike_out_of_scope
2,11/3/2021,Coffeyville,KS,strike; picket,strike_out_of_scope
2,11/3/2021,Worcester,MA,strike; picket,strike_out_of_scope
2,11/3/2021,Battle Creek,MI,strike; picket,strike_out_of_scope
2,11/3/2021,Omaha,NE,strike; picket,strike_out_of_scope
2,11/3/2021,Buffalo,NY,strike; picket,strike_out_of_scope
2,11/3/2021,Friendship,NY,strike; picket,strike_out_of_scope
2,11/3/2021,New York,NY,demonstration; hunger strike,strike_out_of_scope
2,11/3/2021,New York,NY,strike; picket,strike_out_of_scope
2,11/3/2021,New York,NY,strike; picket,strike_out_of_scope
2,11/3/2021,Palmyra,NY,strike; picket,strike_out_of_scope
2,11/3/2021,Geneva,OH,walkout; strike; picket,strike_out_of_scope
2,11/3/2021,Toledo,OH,strike; picket,strike_out_of_scope
2,11/3/2021,Warren,OH,strike; picket,strike_out_of_scope
2,11/3/2021,Erie,PA,strike; picket,strike_out_of_scope
2,11/3/2021,Lancaster,PA,strike; picket,strike_out_of_scope
2,11/3/2021,Scranton,PA,strike; picket,strike_out_of_scope
2,11/3/2021,Bayamon,PR,strike,strike_out_of_scope
2,11/3/2021,Cayey,PR,strike,strike_out_of_scope
2,11/3/2021,Humacao,PR,strike,strike_out_of_scope
2,11/3/2021,Mayaguez,PR,strike,strike_out_of_scope
2,11/3/2021,Memphis,TN,strike; picket,strike_out_of_scope
2,11/3/2021,San Antonio,TX,strike; picket,strike_out_of_scope
2,11/3/2021,Tukwila,WA,strike; picket,strike_out_of_scope
2,11/3/2021,Huntington,WV,walkout; strike; picket,strike_out_of_scope
2,11/3/2021,Huntington,WV,strike; picket,strike_out_of_scope
2,11/4/2021,Brookwood,AL,strike; picket,strike_out_of_scope
2,11/4/2021,Oakland,CA,strike; picket,strike_out_of_scope
2,11/4/2021,Redwood City,CA,strike; picket,strike_out_of_scope
2,11/4/2021,Richmond,CA,strike; picket,strike_out_of_scope
2,11/4/2021,San Francisco,CA,strike; picket,strike_out_of_scope
2,11/4/2021,Santa Fe Springs,CA,strike; picket,strike_out_of_scope
2,11/4/2021,Santa Rosa,CA,strike; picket,strike_out_of_scope
2,11/4/2021,Denver,CO,strike; picket,strike_out_of_scope
2,11/4/2021,Grovetown,GA,strike; picket,strike_out_of_scope
2,11/4/2021,Ankeny,IA,strike; picket,strike_out_of_scope
2,11/4/2021,Davenport,IA,strike; picket,strike_out_of_scope
2,11/4/2021,Dubuque,IA,strike; picket,strike_out_of_scope
2,11/4/2021,Ottumwa,IA,strike; picket,strike_out_of_scope
2,11/4/2021,Waterloo,IA,strike; picket,strike_out_of_scope
2,11/4/2021,East Moline,IL,strike; picket,strike_out_of_scope
2,11/4/2021,Milan,IL,strike; picket,strike_out_of_scope
2,11/4/2021,Moline,IL,strike; picket,strike_out_of_scope
2,11/4/2021,Coffeyville,KS,strike; picket,strike_out_of_scope
2,11/4/2021,Worcester,MA,strike; picket,strike_out_of_scope
2,11/4/2021,Battle Creek,MI,strike; picket,strike_out_of_scope
2,11/4/2021,Omaha,NE,strike; picket,strike_out_of_scope
2,11/4/2021,Buffalo,NY,strike; picket,strike_out_of_scope
2,11/4/2021,Friendship,NY,strike; picket,strike_out_of_scope
2,11/4/2021,New York,NY,strike; picket,strike_out_of_scope
2,11/4/2021,New York,NY,strike; picket,strike_out_of_scope
2,11/4/2021,Geneva,OH,strike; picket,strike_out_of_scope
2,11/4/2021,Toledo,OH,strike; picket,strike_out_of_scope
2,11/4/2021,Warren,OH,strike; picket,strike_out_of_scope
2,11/4/2021,Erie,PA,strike; picket,strike_out_of_scope
2,11/4/2021,Lancaster,PA,strike; picket,strike_out_of_scope
2,11/4/2021,Scranton,PA,strike; picket,strike_out_of_scope
2,11/4/2021,Bayamon,PR,strike,strike_out_of_scope
2,11/4/2021,Cayey,PR,strike,strike_out_of_scope
2,11/4/2021,Humacao,PR,strike,strike_out_of_scope
2,11/4/2021,Mayaguez,PR,strike,strike_out_of_scope
2,11/4/2021,San Juan,PR,strike,strike_out_of_scope
2,11/4/2021,Memphis,TN,strike; picket,strike_out_of_scope
2,11/4/2021,San Antonio,TX,strike; picket,strike_out_of_scope
2,11/4/2021,Tukwila,WA,strike; picket,strike_out_of_scope
2,11/4/2021,Huntington,WV,walkout; strike,strike_out_of_scope
2,11/4/2021,Huntington,WV,strike; picket,strike_out_of_scope
2,11/5/2021,Brookwood,AL,strike; picket,strike_out_of_scope
2,11/5/2021,Oakland,CA,strike; picket,strike_out_of_scope
2,11/5/2021,Redwood City,CA,strike; picket,strike_out_of_scope
2,11/5/2021,Richmond,CA,strike; picket,strike_out_of_scope
2,11/5/2021,San Francisco,CA,strike; picket,strike_out_of_scope
2,11/5/2021,Santa Fe Springs,CA,strike; picket,strike_out_of_scope
2,11/5/2021,Santa Rosa,CA,strike; picket,strike_out_of_scope
2,11/5/2021,Denver,CO,strike; picket,strike_out_of_scope
2,11/5/2021,Grovetown,GA,strike; picket,strike_out_of_scope
2,11/5/2021,Ankeny,IA,strike; picket,strike_out_of_scope
2,11/5/2021,Davenport,IA,strike; picket,strike_out_of_scope
2,11/5/2021,Dubuque,IA,strike; picket,strike_out_of_scope
2,11/5/2021,Ottumwa,IA,strike; picket,strike_out_of_scope
2,11/5/2021,Waterloo,IA,strike; picket,strike_out_of_scope
2,11/5/2021,East Moline,IL,strike; picket,strike_out_of_scope
2,11/5/2021,Milan,IL,strike; picket,strike_out_of_scope
2,11/5/2021,Moline,IL,strike; picket,strike_out_of_scope
2,11/5/2021,Coffeyville,KS,strike; picket,strike_out_of_scope
2,11/5/2021,Metarie,LA,strike; picket,strike_out_of_scope
2,11/5/2021,Worcester,MA,strike; picket,strike_out_of_scope
2,11/5/2021,Battle Creek,MI,strike; picket,strike_out_of_scope
2,11/5/2021,Saint Louis,MO,strike; picket,strike_out_of_scope
2,11/5/2021,Omaha,NE,strike; picket,strike_out_of_scope
2,11/5/2021,Buffalo,NY,strike; picket,strike_out_of_scope
2,11/5/2021,Friendship,NY,strike; picket,strike_out_of_scope
2,11/5/2021,New York,NY,strike; picket,strike_out_of_scope
2,11/5/2021,New York,NY,strike; picket,strike_out_of_scope
2,11/5/2021,Toledo,OH,strike; picket,strike_out_of_scope
2,11/5/2021,Warren,OH,strike; picket,strike_out_of_scope
2,11/5/2021,Erie,PA,strike; picket,strike_out_of_scope
2,11/5/2021,Lancaster,PA,strike; picket,strike_out_of_scope
2,11/5/2021,Scranton,PA,strike; picket,strike_out_of_scope
2,11/5/2021,Bayamon,PR,strike,strike_out_of_scope
2,11/5/2021,Cayey,PR,strike,strike_out_of_scope
2,11/5/2021,Humacao,PR,strike,strike_out_of_scope
2,11/5/2021,Mayaguez,PR,strike,strike_out_of_scope
2,11/5/2021,San Juan,PR,strike,strike_out_of_scope
2,11/5/2021,Memphis,TN,strike; picket,strike_out_of_scope
2,11/5/2021,San Antonio,TX,strike; picket,strike_out_of_scope
2,11/5/2021,Tukwila,WA,strike; picket,strike_out_of_scope
2,11/5/2021,Huntington,WV,walkout; strike,strike_out_of_scope
2,11/5/2021,Huntington,WV,strike; picket,strike_out_of_scope
2,11/6/2021,Brookwood,AL,strike; picket,strike_out_of_scope
2,11/6/2021,Oakland,CA,strike; picket,strike_out_of_scope
2,11/6/2021,Redwood City,CA,strike; picket,strike_out_of_scope
2,11/6/2021,Richmond,CA,strike; picket,strike_out_of_scope
2,11/6/2021,San Francisco,CA,strike; picket,strike_out_of_scope
2,11/6/2021,Santa Fe Springs,CA,strike; picket,strike_out_of_scope
2,11/6/2021,Santa Rosa,CA,strike; picket,strike_out_of_scope
2,11/6/2021,Denver,CO,strike; picket,strike_out_of_scope
2,11/6/2021,Grovetown,GA,strike; picket,strike_out_of_scope
2,11/6/2021,Ankeny,IA,strike; picket,strike_out_of_scope
2,11/6/2021,Davenport,IA,strike; picket,strike_out_of_scope
2,11/6/2021,Dubuque,IA,strike; picket,strike_out_of_scope
2,11/6/2021,Ottumwa,IA,strike; picket,strike_out_of_scope
2,11/6/2021,Waterloo,IA,strike; picket,strike_out_of_scope
2,11/6/2021,East Moline,IL,strike; picket,strike_out_of_scope
2,11/6/2021,Milan,IL,strike; picket,strike_out_of_scope
2,11/6/2021,Moline,IL,strike; picket,strike_out_of_scope
2,11/6/2021,Coffeyville,KS,strike; picket,strike_out_of_scope
2,11/6/2021,Worcester,MA,strike; picket,strike_out_of_scope
2,11/6/2021,Battle Creek,MI,strike; picket,strike_out_of_scope
2,11/6/2021,Saint Louis,MO,strike; picket,strike_out_of_scope
2,11/6/2021,Burnsville,NC,strike; picket,strike_out_of_scope
2,11/6/2021,Omaha,NE,strike; picket,strike_out_of_scope
2,11/6/2021,Buffalo,NY,strike; picket,strike_out_of_scope
2,11/6/2021,Friendship,NY,strike; picket,strike_out_of_scope
2,11/6/2021,New York,NY,strike; picket,strike_out_of_scope
2,11/6/2021,Toledo,OH,strike; picket,strike_out_of_scope
2,11/6/2021,Warren,OH,strike; picket,strike_out_of_scope
2,11/6/2021,Erie,PA,strike; picket,strike_out_of_scope
2,11/6/2021,Lancaster,PA,strike; picket,strike_out_of_scope
2,11/6/2021,Scranton,PA,strike; picket,strike_out_of_scope
2,11/6/2021,Bayamon,PR,strike,strike_out_of_scope
2,11/6/2021,Cayey,PR,strike,strike_out_of_scope
2,11/6/2021,Humacao,PR,strike,strike_out_of_scope
2,11/6/2021,Mayaguez,PR,strike,strike_out_of_scope
2,11/6/2021,San Juan,PR,strike,strike_out_of_scope
2,11/6/2021,Memphis,TN,strike; picket,strike_out_of_scope
2,11/6/2021,San Antonio,TX,strike; picket,strike_out_of_scope
2,11/6/2021,Richmond,VA,strike,strike_out_of_scope
2,11/6/2021,Huntington,WV,walkout; strike,strike_out_of_scope
2,11/6/2021,Huntington,WV,strike; picket,strike_out_of_scope
2,11/7/2021,Brookwood,AL,strike; picket,strike_out_of_scope
2,11/7/2021,Oakland,CA,strike; picket,strike_out_of_scope
2,11/7/2021,Redwood City,CA,strike; picket,strike_out_of_scope
2,11/7/2021,Richmond,CA,strike; picket,strike_out_of_scope
2,11/7/2021,San Francisco,CA,strike; picket,strike_out_of_scope
2,11/7/2021,Santa Fe Springs,CA,strike; picket,strike_out_of_scope
2,11/7/2021,Santa Rosa,CA,strike; picket,strike_out_of_scope
2,11/7/2021,Denver,CO,strike; picket,strike_out_of_scope
2,11/7/2021,Grovetown,GA,strike; picket,strike_out_of_scope
2,11/7/2021,Ankeny,IA,strike; picket,strike_out_of_scope
2,11/7/2021,Davenport,IA,strike; picket,strike_out_of_scope
2,11/7/2021,Dubuque,IA,strike; picket,strike_out_of_scope
2,11/7/2021,Ottumwa,IA,strike; picket,strike_out_of_scope
2,11/7/2021,Waterloo,IA,strike; picket,strike_out_of_scope
2,11/7/2021,East Moline,IL,strike; picket,strike_out_of_scope
2,11/7/2021,Milan,IL,strike; picket,strike_out_of_scope
2,11/7/2021,Moline,IL,strike; picket,strike_out_of_scope
2,11/7/2021,Coffeyville,KS,strike; picket,strike_out_of_scope
2,11/7/2021,Worcester,MA,strike; picket,strike_out_of_scope
2,11/7/2021,Battle Creek,MI,strike; picket,strike_out_of_scope
2,11/7/2021,Saint Louis,MO,strike; picket,strike_out_of_scope
2,11/7/2021,Burnsville,NC,strike; picket,strike_out_of_scope
2,11/7/2021,Omaha,NE,strike; picket,strike_out_of_scope
2,11/7/2021,Buffalo,NY,strike; picket,strike_out_of_scope
2,11/7/2021,Friendship,NY,strike; picket,strike_out_of_scope
2,11/7/2021,New York,NY,strike; picket,strike_out_of_scope
2,11/7/2021,Erie,PA,strike; picket,strike_out_of_scope
2,11/7/2021,Lancaster,PA,strike; picket,strike_out_of_scope
2,11/7/2021,Scranton,PA,strike; picket,strike_out_of_scope
2,11/7/2021,Bayamon,PR,strike,strike_out_of_scope
2,11/7/2021,Cayey,PR,strike,strike_out_of_scope
2,11/7/2021,Humacao,PR,strike,strike_out_of_scope
2,11/7/2021,Mayaguez,PR,strike,strike_out_of_scope
2,11/7/2021,San Juan,PR,strike,strike_out_of_scope
2,11/7/2021,Memphis,TN,strike; picket,strike_out_of_scope
2,11/7/2021,San Antonio,TX,strike; picket,strike_out_of_scope
2,11/7/2021,Richmond,VA,strike; picket,strike_out_of_scope
2,11/7/2021,Huntington,WV,walkout; strike,strike_out_of_scope
2,11/7/2021,Huntington,WV,strike; picket,strike_out_of_scope
2,11/8/2021,Brookwood,AL,strike; picket,strike_out_of_scope
2,11/8/2021,Antioch,CA,strike; picket,strike_out_of_scope
2,11/8/2021,Oakland,CA,strike; picket,strike_out_of_scope
2,11/8/2021,Redwood City,CA,strike; picket,strike_out_of_scope
2,11/8/2021,Richmond,CA,strike; picket,strike_out_of_scope
2,11/8/2021,San Francisco,CA,strike; picket,strike_out_of_scope
2,11/8/2021,Santa Fe Springs,CA,strike; picket,strike_out_of_scope
2,11/8/2021,Santa Rosa,CA,strike; picket,strike_out_of_scope
2,11/8/2021,Denver,CO,strike; picket,strike_out_of_scope
2,11/8/2021,Washington,DC,hunger strike,strike_out_of_scope
2,11/8/2021,Grovetown,GA,strike; picket,strike_out_of_scope
2,11/8/2021,Ankeny,IA,strike; picket,strike_out_of_scope
2,11/8/2021,Davenport,IA,strike; picket,strike_out_of_scope
2,11/8/2021,Dubuque,IA,strike; picket,strike_out_of_scope
2,11/8/2021,Ottumwa,IA,strike; picket,strike_out_of_scope
2,11/8/2021,Waterloo,IA,strike; picket,strike_out_of_scope
2,11/8/2021,East Moline,IL,strike; picket,strike_out_of_scope
2,11/8/2021,Milan,IL,strike; picket,strike_out_of_scope
2,11/8/2021,Moline,IL,strike; picket,strike_out_of_scope
2,11/8/2021,Coffeyville,KS,strike; picket,strike_out_of_scope
2,11/8/2021,Worcester,MA,strike; picket,strike_out_of_scope
2,11/8/2021,Battle Creek,MI,strike; picket,strike_out_of_scope
2,11/8/2021,Saint Louis,MO,strike; picket,strike_out_of_scope
2,11/8/2021,Burnsville,NC,strike; picket,strike_out_of_scope
2,11/8/2021,Omaha,NE,strike; picket,strike_out_of_scope
2,11/8/2021,Buffalo,NY,strike; picket,strike_out_of_scope
2,11/8/2021,Friendship,NY,strike; picket,strike_out_of_scope
2,11/8/2021,New York,NY,strike; picket,strike_out_of_scope
2,11/8/2021,New York,NY,strike; picket,strike_out_of_scope
2,11/8/2021,Erie,PA,strike; picket,strike_out_of_scope
2,11/8/2021,Lancaster,PA,strike; picket,strike_out_of_scope
2,11/8/2021,Scranton,PA,strike; picket,strike_out_of_scope
2,11/8/2021,Bayamon,PR,strike,strike_out_of_scope
2,11/8/2021,Cayey,PR,strike,strike_out_of_scope
2,11/8/2021,Humacao,PR,strike,strike_out_of_scope
2,11/8/2021,Mayaguez,PR,strike,strike_out_of_scope
2,11/8/2021,San Juan,PR,strike,strike_out_of_scope
2,11/8/2021,Memphis,TN,strike; picket,strike_out_of_scope
2,11/8/2021,San Antonio,TX,strike; picket,strike_out_of_scope
2,11/8/2021,Richmond,VA,strike; picket,strike_out_of_scope
2,11/8/2021,Huntington,WV,walkout; strike,strike_out_of_scope
2,11/8/2021,Huntington,WV,strike; picket,strike_out_of_scope
2,11/9/2021,Brookwood,AL,strike; picket,strike_out_of_scope
2,11/9/2021,Antioch,CA,strike; picket,strike_out_of_scope
2,11/9/2021,Campbell,CA,strike; picket,strike_out_of_scope
2,11/9/2021,Los Angeles,CA,strike; picket,strike_out_of_scope
2,11/9/2021,Los Angeles,CA,strike; picket,strike_out_of_scope
2,11/9/2021,Monterey Park,CA,strike; picket,strike_out_of_scope
2,11/9/2021,Oakland,CA,strike; picket,strike_out_of_scope
2,11/9/2021,Oakland,CA,strike; picket,strike_out_of_scope
2,11/9/2021,Orangevale,CA,strike; picket,strike_out_of_scope
2,11/9/2021,Redwood City,CA,strike; picket,strike_out_of_scope
2,11/9/2021,Richmond,CA,strike; picket,strike_out_of_scope
2,11/9/2021,San Diego,CA,strike; picket,strike_out_of_scope
2,11/9/2021,San Francisco,CA,strike; picket,strike_out_of_scope
2,11/9/2021,Santa Fe Springs,CA,strike; picket,strike_out_of_scope
2,11/9/2021,Santa Rosa,CA,strike; picket,strike_out_of_scope
2,11/9/2021,Denver,CO,strike; picket,strike_out_of_scope
2,11/9/2021,Grovetown,GA,strike; picket,strike_out_of_scope
2,11/9/2021,Ankeny,IA,strike; picket,strike_out_of_scope
2,11/9/2021,Davenport,IA,strike; picket,strike_out_of_scope
2,11/9/2021,Dubuque,IA,strike; picket,strike_out_of_scope
2,11/9/2021,Ottumwa,IA,strike; picket,strike_out_of_scope
2,11/9/2021,Waterloo,IA,strike; picket,strike_out_of_scope
2,11/9/2021,East Moline,IL,strike; picket,strike_out_of_scope
2,11/9/2021,Milan,IL,strike; picket,strike_out_of_scope
2,11/9/2021,Moline,IL,strike; picket,strike_out_of_scope
2,11/9/2021,Coffeyville,KS,strike; picket,strike_out_of_scope
2,11/9/2021,Worcester,MA,strike; picket,strike_out_of_scope
2,11/9/2021,Battle Creek,MI,strike; picket,strike_out_of_scope
2,11/9/2021,Burnsville,NC,strike; picket,strike_out_of_scope
2,11/9/2021,Omaha,NE,strike; picket,strike_out_of_scope
2,11/9/2021,Reno,NV,strike; picket,strike_out_of_scope
2,11/9/2021,Friendship,NY,strike; picket,strike_out_of_scope
2,11/9/2021,New York,NY,strike; picket,strike_out_of_scope
2,11/9/2021,New York,NY,strike; picket,strike_out_of_scope
2,11/9/2021,Erie,PA,strike; picket,strike_out_of_scope
2,11/9/2021,Lancaster,PA,strike; picket,strike_out_of_scope
2,11/9/2021,Scranton,PA,strike; picket,strike_out_of_scope
2,11/9/2021,Bayamon,PR,strike,strike_out_of_scope
2,11/9/2021,Cayey,PR,strike,strike_out_of_scope
2,11/9/2021,Humacao,PR,strike,strike_out_of_scope
2,11/9/2021,Mayaguez,PR,strike,strike_out_of_scope
2,11/9/2021,San Juan,PR,strike,strike_out_of_scope
2,11/9/2021,Memphis,TN,strike; picket,strike_out_of_scope
2,11/9/2021,San Antonio,TX,strike; picket,strike_out_of_scope
2,11/9/2021,Richmond,VA,strike; picket,strike_out_of_scope
2,11/9/2021,Huntington,WV,walkout; strike,strike_out_of_scope
2,11/9/2021,Huntington,WV,strike; picket,strike_out_of_scope
2,11/10/2021,Brookwood,AL,strike; picket,strike_out_of_scope
2,11/10/2021,Antioch,CA,strike; picket,strike_out_of_scope
2,11/10/2021,Oakland,CA,strike; picket,strike_out_of_scope
2,11/10/2021,Redwood City,CA,strike; picket,strike_out_of_scope
2,11/10/2021,Richmond,CA,strike; picket,strike_out_of_scope
2,11/10/2021,San Francisco,CA,strike; picket,strike_out_of_scope
2,11/10/2021,Santa Fe Springs,CA,strike; picket,strike_out_of_scope
2,11/10/2021,Santa Rosa,CA,strike; picket,strike_out_of_scope
2,11/10/2021,Denver,CO,strike; picket,strike_out_of_scope
2,11/10/2021,Grovetown,GA,strike; picket,strike_out_of_scope
2,11/10/2021,Ankeny,IA,strike; picket,strike_out_of_scope
2,11/10/2021,Davenport,IA,strike; picket,strike_out_of_scope
2,11/10/2021,Dubuque,IA,strike; picket,strike_out_of_scope
2,11/10/2021,Ottumwa,IA,strike; picket,strike_out_of_scope
2,11/10/2021,Waterloo,IA,strike; picket,strike_out_of_scope
2,11/10/2021,East Moline,IL,strike; picket,strike_out_of_scope
2,11/10/2021,Milan,IL,strike; picket,strike_out_of_scope
2,11/10/2021,Moline,IL,strike; picket,strike_out_of_scope
2,11/10/2021,Coffeyville,KS,strike; picket,strike_out_of_scope
2,11/10/2021,Worcester,MA,strike; picket,strike_out_of_scope
2,11/10/2021,Battle Creek,MI,strike; picket,strike_out_of_scope
2,11/10/2021,Burnsville,NC,strike; picket,strike_out_of_scope
2,11/10/2021,Omaha,NE,strike; picket,strike_out_of_scope
2,11/10/2021,Reno,NV,strike; picket,strike_out_of_scope
2,11/10/2021,Friendship,NY,strike; picket,strike_out_of_scope
2,11/10/2021,New York,NY,strike; picket,strike_out_of_scope
2,11/10/2021,New York,NY,strike; picket,strike_out_of_scope
2,11/10/2021,Erie,PA,strike; picket,strike_out_of_scope
2,11/10/2021,Lancaster,PA,strike; picket,strike_out_of_scope
2,11/10/2021,Scranton,PA,strike; picket,strike_out_of_scope
2,11/10/2021,Bayamon,PR,strike,strike_out_of_scope
2,11/10/2021,Cayey,PR,strike,strike_out_of_scope
2,11/10/2021,Humacao,PR,strike,strike_out_of_scope
2,11/10/2021,Mayaguez,PR,strike,strike_out_of_scope
2,11/10/2021,San Juan,PR,strike,strike_out_of_scope
2,11/10/2021,Memphis,TN,strike; picket,strike_out_of_scope
2,11/10/2021,San Antonio,TX,strike; picket,strike_out_of_scope
2,11/10/2021,Huntington,WV,walkout; strike,strike_out_of_scope
2,11/10/2021,Huntington,WV,strike; picket,strike_out_of_scope
2,11/11/2021,Brookwood,AL,strike; picket,strike_out_of_scope
2,11/11/2021,Antioch,CA,strike; picket,strike_out_of_scope
2,11/11/2021,Oakland,CA,strike; picket,strike_out_of_scope
2,11/11/2021,Redwood City,CA,strike; picket,strike_out_of_scope
2,11/11/2021,Richmond,CA,strike; picket,strike_out_of_scope
2,11/11/2021,San Francisco,CA,strike; picket,strike_out_of_scope
2,11/11/2021,Santa Fe Springs,CA,strike; picket,strike_out_of_scope
2,11/11/2021,Santa Rosa,CA,strike; picket,strike_out_of_scope
2,11/11/2021,Denver,CO,strike; picket,strike_out_of_scope
2,11/11/2021,Grovetown,GA,strike; picket,strike_out_of_scope
2,11/11/2021,Ankeny,IA,strike; picket,strike_out_of_scope
2,11/11/2021,Davenport,IA,strike; picket,strike_out_of_scope
2,11/11/2021,Dubuque,IA,strike; picket,strike_out_of_scope
2,11/11/2021,Ottumwa,IA,strike; picket,strike_out_of_scope
2,11/11/2021,Waterloo,IA,strike; picket,strike_out_of_scope
2,11/11/2021,East Moline,IL,strike; picket,strike_out_of_scope
2,11/11/2021,Milan,IL,strike; picket,strike_out_of_scope
2,11/11/2021,Moline,IL,strike; picket,strike_out_of_scope
2,11/11/2021,Coffeyville,KS,strike; picket,strike_out_of_scope
2,11/11/2021,Worcester,MA,strike; picket,strike_out_of_scope
2,11/11/2021,Battle Creek,MI,strike; picket,strike_out_of_scope
2,11/11/2021,Burnsville,NC,strike; picket,strike_out_of_scope
2,11/11/2021,Omaha,NE,strike; picket,strike_out_of_scope
2,11/11/2021,Reno,NV,strike; picket,strike_out_of_scope
2,11/11/2021,Friendship,NY,strike; picket,strike_out_of_scope
2,11/11/2021,New York,NY,strike; picket,strike_out_of_scope
2,11/11/2021,New York,NY,strike; picket,strike_out_of_scope
2,11/11/2021,Erie,PA,strike; picket,strike_out_of_scope
2,11/11/2021,Lancaster,PA,strike; picket,strike_out_of_scope
2,11/11/2021,Scranton,PA,strike; picket,strike_out_of_scope
2,11/11/2021,Bayamon,PR,strike,strike_out_of_scope
2,11/11/2021,Cayey,PR,strike,strike_out_of_scope
2,11/11/2021,Humacao,PR,strike,strike_out_of_scope
2,11/11/2021,Mayaguez,PR,strike,strike_out_of_scope
2,11/11/2021,San Juan,PR,strike,strike_out_of_scope
2,11/11/2021,Memphis,TN,strike; picket,strike_out_of_scope
2,11/11/2021,San Antonio,TX,strike; picket,strike_out_of_scope
2,11/11/2021,Huntington,WV,walkout; strike,strike_out_of_scope
2,11/11/2021,Huntington,WV,strike; picket,strike_out_of_scope
2,11/12/2021,Brookwood,AL,strike; picket,strike_out_of_scope
2,11/12/2021,Antioch,CA,strike; picket,strike_out_of_scope
2,11/12/2021,Oakland,CA,strike; picket,strike_out_of_scope
2,11/12/2021,Redwood City,CA,strike; picket,strike_out_of_scope
2,11/12/2021,Richmond,CA,strike; picket,strike_out_of_scope
2,11/12/2021,San Francisco,CA,strike; picket,strike_out_of_scope
2,11/12/2021,Santa Fe Springs,CA,strike; picket,strike_out_of_scope
2,11/12/2021,Santa Rosa,CA,strike; picket,strike_out_of_scope
2,11/12/2021,Denver,CO,strike; picket,strike_out_of_scope
2,11/12/2021,Grovetown,GA,strike; picket,strike_out_of_scope
2,11/12/2021,Ankeny,IA,strike; picket,strike_out_of_scope
2,11/12/2021,Davenport,IA,strike; picket,strike_out_of_scope
2,11/12/2021,Dubuque,IA,strike; picket,strike_out_of_scope
2,11/12/2021,Ottumwa,IA,strike; picket,strike_out_of_scope
2,11/12/2021,Waterloo,IA,strike; picket,strike_out_of_scope
2,11/12/2021,East Moline,IL,strike; picket,strike_out_of_scope
2,11/12/2021,Milan,IL,strike; picket,strike_out_of_scope
2,11/12/2021,Moline,IL,strike; picket,strike_out_of_scope
2,11/12/2021,Coffeyville,KS,strike; picket,strike_out_of_scope
2,11/12/2021,Worcester,MA,strike; picket,strike_out_of_scope
2,11/12/2021,Battle Creek,MI,strike; picket,strike_out_of_scope
2,11/12/2021,Burnsville,NC,strike; picket,strike_out_of_scope
2,11/12/2021,Omaha,NE,strike; picket,strike_out_of_scope
2,11/12/2021,Reno,NV,strike; picket,strike_out_of_scope
2,11/12/2021,Friendship,NY,strike; picket,strike_out_of_scope
2,11/12/2021,New York,NY,strike; picket,strike_out_of_scope
2,11/12/2021,New York,NY,strike; picket,strike_out_of_scope
2,11/12/2021,Erie,PA,strike; picket,strike_out_of_scope
2,11/12/2021,Lancaster,PA,strike; picket,strike_out_of_scope
2,11/12/2021,Scranton,PA,strike; picket,strike_out_of_scope
2,11/12/2021,Bayamon,PR,strike,strike_out_of_scope
2,11/12/2021,Cayey,PR,strike,strike_out_of_scope
2,11/12/2021,Humacao,PR,strike,strike_out_of_scope
2,11/12/2021,Mayaguez,PR,strike,strike_out_of_scope
2,11/12/2021,San Juan,PR,strike,strike_out_of_scope
2,11/12/2021,Moncks Corner,SC,strike; rally,strike_out_of_scope
2,11/12/2021,Memphis,TN,strike; picket,strike_out_of_scope
2,11/12/2021,San Antonio,TX,strike; picket,strike_out_of_scope
2,11/12/2021,Huntington,WV,walkout; strike,strike_out_of_scope
2,11/12/2021,Huntington,WV,strike; picket,strike_out_of_scope
2,11/13/2021,Brookwood,AL,strike; picket,strike_out_of_scope
2,11/13/2021,Oakland,CA,strike; picket,strike_out_of_scope
2,11/13/2021,Redwood City,CA,strike; picket,strike_out_of_scope
2,11/13/2021,Richmond,CA,strike; picket,strike_out_of_scope
2,11/13/2021,San Francisco,CA,strike; picket,strike_out_of_scope
2,11/13/2021,Santa Fe Springs,CA,strike; picket,strike_out_of_scope
2,11/13/2021,Santa Rosa,CA,strike; picket,strike_out_of_scope
2,11/13/2021,Denver,CO,strike; picket,strike_out_of_scope
2,11/13/2021,Grovetown,GA,strike; picket,strike_out_of_scope
2,11/13/2021,Ankeny,IA,strike; picket,strike_out_of_scope
2,11/13/2021,Davenport,IA,strike; picket,strike_out_of_scope
2,11/13/2021,Dubuque,IA,strike; picket,strike_out_of_scope
2,11/13/2021,Ottumwa,IA,strike; picket,strike_out_of_scope
2,11/13/2021,Waterloo,IA,strike; picket,strike_out_of_scope
2,11/13/2021,East Moline,IL,strike; picket,strike_out_of_scope
2,11/13/2021,Milan,IL,strike; picket,strike_out_of_scope
2,11/13/2021,Moline,IL,strike; picket,strike_out_of_scope
2,11/13/2021,Coffeyville,KS,strike; picket,strike_out_of_scope
2,11/13/2021,Worcester,MA,strike; picket,strike_out_of_scope
2,11/13/2021,Battle Creek,MI,strike; picket,strike_out_of_scope
2,11/13/2021,Omaha,NE,strike; picket,strike_out_of_scope
2,11/13/2021,Reno,NV,strike; picket,strike_out_of_scope
2,11/13/2021,Friendship,NY,strike; picket,strike_out_of_scope
2,11/13/2021,New York,NY,strike; picket,strike_out_of_scope
2,11/13/2021,Erie,PA,strike; picket,strike_out_of_scope
2,11/13/2021,Lancaster,PA,strike; picket,strike_out_of_scope
2,11/13/2021,Scranton,PA,strike; picket,strike_out_of_scope
2,11/13/2021,Bayamon,PR,strike,strike_out_of_scope
2,11/13/2021,Cayey,PR,strike,strike_out_of_scope
2,11/13/2021,Humacao,PR,strike,strike_out_of_scope
2,11/13/2021,Mayaguez,PR,strike,strike_out_of_scope
2,11/13/2021,San Juan,PR,strike,strike_out_of_scope
2,11/13/2021,Memphis,TN,strike; picket,strike_out_of_scope
2,11/13/2021,San Antonio,TX,strike; picket,strike_out_of_scope
2,11/13/2021,Huntington,WV,walkout; strike,strike_out_of_scope
2,11/13/2021,Huntington,WV,strike; picket,strike_out_of_scope
2,11/14/2021,Brookwood,AL,strike; picket,strike_out_of_scope
2,11/14/2021,Oakland,CA,strike; picket,strike_out_of_scope
2,11/14/2021,Redwood City,CA,strike; picket,strike_out_of_scope
2,11/14/2021,Richmond,CA,strike; picket,strike_out_of_scope
2,11/14/2021,San Francisco,CA,strike; picket,strike_out_of_scope
2,11/14/2021,Santa Fe Springs,CA,strike; picket,strike_out_of_scope
2,11/14/2021,Santa Rosa,CA,strike; picket,strike_out_of_scope
2,11/14/2021,Denver,CO,strike; picket,strike_out_of_scope
2,11/14/2021,Grovetown,GA,strike; picket,strike_out_of_scope
2,11/14/2021,Ankeny,IA,strike; picket,strike_out_of_scope
2,11/14/2021,Davenport,IA,strike; picket,strike_out_of_scope
2,11/14/2021,Dubuque,IA,strike; picket,strike_out_of_scope
2,11/14/2021,Ottumwa,IA,strike; picket,strike_out_of_scope
2,11/14/2021,Waterloo,IA,strike; picket,strike_out_of_scope
2,11/14/2021,East Moline,IL,strike; picket,strike_out_of_scope
2,11/14/2021,Milan,IL,strike; picket,strike_out_of_scope
2,11/14/2021,Moline,IL,strike; picket,strike_out_of_scope
2,11/14/2021,Coffeyville,KS,strike; picket,strike_out_of_scope
2,11/14/2021,Worcester,MA,strike; picket,strike_out_of_scope
2,11/14/2021,Battle Creek,MI,strike; picket,strike_out_of_scope
2,11/14/2021,Raymond,MS,strike,strike_out_of_scope
2,11/14/2021,Omaha,NE,strike; picket,strike_out_of_scope
2,11/14/2021,Reno,NV,strike; picket,strike_out_of_scope
2,11/14/2021,New York,NY,strike; picket,strike_out_of_scope
2,11/14/2021,Erie,PA,strike; picket,strike_out_of_scope
2,11/14/2021,Lancaster,PA,strike; picket,strike_out_of_scope
2,11/14/2021,Scranton,PA,strike; picket,strike_out_of_scope
2,11/14/2021,Bayamon,PR,strike,strike_out_of_scope
2,11/14/2021,Cayey,PR,strike,strike_out_of_scope
2,11/14/2021,Humacao,PR,strike,strike_out_of_scope
2,11/14/2021,Mayaguez,PR,strike,strike_out_of_scope
2,11/14/2021,San Juan,PR,strike,strike_out_of_scope
2,11/14/2021,Memphis,TN,strike; picket,strike_out_of_scope
2,11/14/2021,San Antonio,TX,strike; picket,strike_out_of_scope
2,11/14/2021,Huntington,WV,walkout; strike,strike_out_of_scope
2,11/14/2021,Huntington,WV,strike; picket,strike_out_of_scope
2,11/15/2021,Brookwood,AL,strike; picket,strike_out_of_scope
2,11/15/2021,Oakland,CA,strike; picket,strike_out_of_scope
2,11/15/2021,Redwood City,CA,strike; picket,strike_out_of_scope
2,11/15/2021,Richmond,CA,strike; picket,strike_out_of_scope
2,11/15/2021,San Francisco,CA,strike; picket,strike_out_of_scope
2,11/15/2021,Santa Fe Springs,CA,strike; picket,strike_out_of_scope
2,11/15/2021,Santa Rosa,CA,strike; picket,strike_out_of_scope
2,11/15/2021,Denver,CO,strike; picket,strike_out_of_scope
2,11/15/2021,Grovetown,GA,strike; picket,strike_out_of_scope
2,11/15/2021,Ankeny,IA,strike; picket,strike_out_of_scope
2,11/15/2021,Davenport,IA,strike; picket,strike_out_of_scope
2,11/15/2021,Dubuque,IA,strike; picket,strike_out_of_scope
2,11/15/2021,Ottumwa,IA,strike; picket,strike_out_of_scope
2,11/15/2021,Waterloo,IA,strike; picket,strike_out_of_scope
2,11/15/2021,East Moline,IL,strike; picket,strike_out_of_scope
2,11/15/2021,Milan,IL,strike; picket,strike_out_of_scope
2,11/15/2021,Moline,IL,strike; picket,strike_out_of_scope
2,11/15/2021,Coffeyville,KS,strike; picket,strike_out_of_scope
2,11/15/2021,Worcester,MA,strike; picket,strike_out_of_scope
2,11/15/2021,Battle Creek,MI,strike; picket,strike_out_of_scope
2,11/15/2021,Omaha,NE,strike; picket,strike_out_of_scope
2,11/15/2021,Union Township,NJ,walkout; protest,walkout_labor_precutoff
2,11/15/2021,Reno,NV,strike; picket,strike_out_of_scope
2,11/15/2021,New York,NY,strike; picket,strike_out_of_scope
2,11/15/2021,New York,NY,strike; picket,strike_out_of_scope
2,11/15/2021,Erie,PA,strike; picket,strike_out_of_scope
2,11/15/2021,Lancaster,PA,strike; picket,strike_out_of_scope
2,11/15/2021,Scranton,PA,strike; picket,strike_out_of_scope
2,11/15/2021,Bayamon,PR,strike,strike_out_of_scope
2,11/15/2021,Cayey,PR,strike,strike_out_of_scope
2,11/15/2021,Humacao,PR,strike,strike_out_of_scope
2,11/15/2021,Mayaguez,PR,strike,strike_out_of_scope
2,11/15/2021,San Juan,PR,strike,strike_out_of_scope
2,11/15/2021,Memphis,TN,strike; picket,strike_out_of_scope
2,11/15/2021,San Antonio,TX,strike; picket,strike_out_of_scope
2,11/15/2021,Huntington,WV,walkout; strike,strike_out_of_scope
2,11/15/2021,Huntington,WV,strike; picket,strike_out_of_scope
2,11/16/2021,Brookwood,AL,strike; picket,strike_out_of_scope
2,11/16/2021,Oakland,CA,strike; picket,strike_out_of_scope
2,11/16/2021,Redwood City,CA,strike; picket,strike_out_of_scope
2,11/16/2021,Richmond,CA,strike; picket,strike_out_of_scope
2,11/16/2021,San Francisco,CA,strike; picket,strike_out_of_scope
2,11/16/2021,Santa Fe Springs,CA,strike; picket,strike_out_of_scope
2,11/16/2021,Santa Monica,CA,walkout,walkout_labor_precutoff
2,11/16/2021,Santa Rosa,CA,strike; picket,strike_out_of_scope
2,11/16/2021,Denver,CO,strike; picket,strike_out_of_scope
2,11/16/2021,Grovetown,GA,strike; picket,strike_out_of_scope
2,11/16/2021,Ankeny,IA,strike; picket,strike_out_of_scope
2,11/16/2021,Davenport,IA,strike; picket,strike_out_of_scope
2,11/16/2021,Dubuque,IA,strike; picket,strike_out_of_scope
2,11/16/2021,Ottumwa,IA,strike; picket,strike_out_of_scope
2,11/16/2021,Waterloo,IA,strike; picket,strike_out_of_scope
2,11/16/2021,East Moline,IL,strike; picket,strike_out_of_scope
2,11/16/2021,Milan,IL,strike; picket,strike_out_of_scope
2,11/16/2021,Moline,IL,strike; picket,strike_out_of_scope
2,11/16/2021,Coffeyville,KS,strike; picket,strike_out_of_scope
2,11/16/2021,Worcester,MA,strike; picket,strike_out_of_scope
2,11/16/2021,Battle Creek,MI,strike; picket,strike_out_of_scope
2,11/16/2021,Omaha,NE,strike; picket,strike_out_of_scope
2,11/16/2021,Reno,NV,strike; picket,strike_out_of_scope
2,11/16/2021,New York,NY,strike; picket,strike_out_of_scope
2,11/16/2021,New York,NY,strike; picket,strike_out_of_scope
2,11/16/2021,Erie,PA,strike; picket,strike_out_of_scope
2,11/16/2021,Lancaster,PA,strike; picket,strike_out_of_scope
2,11/16/2021,Scranton,PA,strike; picket,strike_out_of_scope
2,11/16/2021,Bayamon,PR,strike,strike_out_of_scope
2,11/16/2021,Cayey,PR,strike,strike_out_of_scope
2,11/16/2021,Humacao,PR,strike,strike_out_of_scope
2,11/16/2021,Mayaguez,PR,strike,strike_out_of_scope
2,11/16/2021,San Juan,PR,strike,strike_out_of_scope
2,11/16/2021,Memphis,TN,strike; picket,strike_out_of_scope
2,11/16/2021,El Paso,TX,strike; picket,strike_out_of_scope
2,11/16/2021,San Antonio,TX,strike; picket,strike_out_of_scope
2,11/16/2021,Huntington,WV,walkout; strike,strike_out_of_scope
2,11/16/2021,Huntington,WV,strike; picket,strike_out_of_scope
2,11/17/2021,Brookwood,AL,strike; picket,strike_out_of_scope
2,11/17/2021,Oakland,CA,strike; picket,strike_out_of_scope
2,11/17/2021,Redwood City,CA,strike; picket,strike_out_of_scope
2,11/17/2021,Richmond,CA,strike; picket,strike_out_of_scope
2,11/17/2021,San Francisco,CA,strike; picket,strike_out_of_scope
2,11/17/2021,Santa Fe Springs,CA,strike; picket,strike_out_of_scope
2,11/17/2021,Santa Rosa,CA,strike; picket,strike_out_of_scope
2,11/17/2021,Denver,CO,strike; picket,strike_out_of_scope
2,11/17/2021,Grovetown,GA,strike; picket,strike_out_of_scope
2,11/17/2021,Ankeny,IA,strike; picket,strike_out_of_scope
2,11/17/2021,Davenport,IA,strike; picket,strike_out_of_scope
2,11/17/2021,Dubuque,IA,strike; picket,strike_out_of_scope
2,11/17/2021,Ottumwa,IA,strike; picket,strike_out_of_scope
2,11/17/2021,Waterloo,IA,strike; picket,strike_out_of_scope
2,11/17/2021,East Moline,IL,strike; picket,strike_out_of_scope
2,11/17/2021,Milan,IL,strike; picket,strike_out_of_scope
2,11/17/2021,Moline,IL,strike; picket,strike_out_of_scope
2,11/17/2021,Coffeyville,KS,strike; picket,strike_out_of_scope
2,11/17/2021,Boston,MA,strike; picket,strike_out_of_scope
2,11/17/2021,Worcester,MA,strike; picket,strike_out_of_scope
2,11/17/2021,Battle Creek,MI,strike; picket,strike_out_of_scope
2,11/17/2021,Omaha,NE,strike; picket,strike_out_of_scope
2,11/17/2021,Reno,NV,strike; picket,strike_out_of_scope
2,11/17/2021,New York,NY,strike; picket,strike_out_of_scope
2,11/17/2021,New York,NY,strike; picket,strike_out_of_scope
2,11/17/2021,Erie,PA,strike; picket,strike_out_of_scope
2,11/17/2021,Lancaster,PA,strike; picket,strike_out_of_scope
2,11/17/2021,Scranton,PA,strike; picket,strike_out_of_scope
2,11/17/2021,Bayamon,PR,strike,strike_out_of_scope
2,11/17/2021,Cayey,PR,strike,strike_out_of_scope
2,11/17/2021,Humacao,PR,strike,strike_out_of_scope
2,11/17/2021,Mayaguez,PR,strike,strike_out_of_scope
2,11/17/2021,Memphis,TN,strike; picket,strike_out_of_scope
2,11/17/2021,San Antonio,TX,strike; picket,strike_out_of_scope
2,11/17/2021,Huntington,WV,walkout; strike,strike_out_of_scope
2,11/17/2021,Huntington,WV,strike; picket,strike_out_of_scope
2,11/18/2021,Brookwood,AL,strike; picket,strike_out_of_scope
2,11/18/2021,Antioch,CA,strike; picket,strike_out_of_scope
2,11/18/2021,Fremont,CA,strike; picket,strike_out_of_scope
2,11/18/2021,Fresno,CA,strike; picket,strike_out_of_scope
2,11/18/2021,Manteca,CA,strike; picket,strike_out_of_scope
2,11/18/2021,Modesto,CA,strike; picket,strike_out_of_scope
2,11/18/2021,Oakland,CA,strike; picket,strike_out_of_scope
2,11/18/2021,Oakland,CA,strike; picket,strike_out_of_scope
2,11/18/2021,Redwood City,CA,strike; picket,strike_out_of_scope
2,11/18/2021,Redwood City,CA,strike; picket,strike_out_of_scope
2,11/18/2021,Richmond,CA,strike; picket,strike_out_of_scope
2,11/18/2021,Richmond,CA,strike; picket,strike_out_of_scope
2,11/18/2021,Roseville,CA,strike; picket,strike_out_of_scope
2,11/18/2021,Sacramento,CA,strike; picket,strike_out_of_scope
2,11/18/2021,Sacramento,CA,strike; picket,strike_out_of_scope
2,11/18/2021,San Francisco,CA,strike; picket,strike_out_of_scope
2,11/18/2021,San Francisco,CA,strike; picket,strike_out_of_scope
2,11/18/2021,San Jose,CA,strike; picket,strike_out_of_scope
2,11/18/2021,San Leandro,CA,strike; picket,strike_out_of_scope
2,11/18/2021,San Rafael,CA,strike; picket,strike_out_of_scope
2,11/18/2021,Santa Clara,CA,strike; picket,strike_out_of_scope
2,11/18/2021,Santa Fe Springs,CA,strike; picket,strike_out_of_scope
2,11/18/2021,Santa Rosa,CA,strike; picket,strike_out_of_scope
2,11/18/2021,Santa Rosa,CA,strike; picket,strike_out_of_scope
2,11/18/2021,South San Francisco,CA,strike; picket,strike_out_of_scope
2,11/18/2021,Vacaville,CA,strike; picket,strike_out_of_scope
2,11/18/2021,Vallejo,CA,strike; picket,strike_out_of_scope
2,11/18/2021,Vallejo,CA,strike; picket,strike_out_of_scope
2,11/18/2021,Walnut Creek,CA,strike; picket,strike_out_of_scope
2,11/18/2021,Orlando,FL,strike; rally,strike_out_of_scope
2,11/18/2021,Worcester,MA,strike; picket,strike_out_of_scope
2,11/18/2021,Battle Creek,MI,strike; picket,strike_out_of_scope
2,11/18/2021,Omaha,NE,strike; picket,strike_out_of_scope
2,11/18/2021,Reno,NV,strike; picket,strike_out_of_scope
2,11/18/2021,Altamont,NY,strike; picket,strike_out_of_scope
2,11/18/2021,New York,NY,strike; picket,strike_out_of_scope
2,11/18/2021,New York,NY,strike; picket,strike_out_of_scope
2,11/18/2021,Rensselaer,NY,strike; picket,strike_out_of_scope
2,11/18/2021,Erie,PA,strike; picket,strike_out_of_scope
2,11/18/2021,Lancaster,PA,strike; picket,strike_out_of_scope
2,11/18/2021,Pittsburgh,PA,strike; picket,strike_out_of_scope
2,11/18/2021,Scranton,PA,strike; picket,strike_out_of_scope
2,11/18/2021,Bayamon,PR,strike,strike_out_of_scope
2,11/18/2021,Cayey,PR,strike,strike_out_of_scope
2,11/18/2021,Humacao,PR,strike,strike_out_of_scope
2,11/18/2021,Mayaguez,PR,strike,strike_out_of_scope
2,11/18/2021,San Juan,PR,strike; picket,strike_out_of_scope
2,11/18/2021,Memphis,TN,strike; picket,strike_out_of_scope
2,11/18/2021,San Antonio,TX,strike; picket,strike_out_of_scope
2,11/18/2021,Huntington,WV,walkout; strike,strike_out_of_scope
2,11/18/2021,Huntington,WV,strike; picket,strike_out_of_scope
2,11/19/2021,Brookwood,AL,strike; picket,strike_out_of_scope
2,11/19/2021,Antioch,CA,strike; picket,strike_out_of_scope
2,11/19/2021,Fremont,CA,strike; picket,strike_out_of_scope
2,11/19/2021,Fresno,CA,strike; picket,strike_out_of_scope
2,11/19/2021,Manteca,CA,strike; picket,strike_out_of_scope
2,11/19/2021,Modesto,CA,strike; picket,strike_out_of_scope
2,11/19/2021,Oakland,CA,strike; picket,strike_out_of_scope
2,11/19/2021,Oakland,CA,strike; picket,strike_out_of_scope
2,11/19/2021,Redwood City,CA,strike; picket,strike_out_of_scope
2,11/19/2021,Redwood City,CA,strike; picket,strike_out_of_scope
2,11/19/2021,Richmond,CA,strike; picket,strike_out_of_scope
2,11/19/2021,Richmond,CA,strike; picket,strike_out_of_scope
2,11/19/2021,Roseville,CA,strike; picket,strike_out_of_scope
2,11/19/2021,Sacramento,CA,strike; picket,strike_out_of_scope
2,11/19/2021,Sacramento,CA,strike; picket,strike_out_of_scope
2,11/19/2021,San Francisco,CA,strike; picket,strike_out_of_scope
2,11/19/2021,San Francisco,CA,strike; picket,strike_out_of_scope
2,11/19/2021,San Jose,CA,strike; picket,strike_out_of_scope
2,11/19/2021,San Leandro,CA,strike; picket,strike_out_of_scope
2,11/19/2021,San Rafael,CA,strike; picket,strike_out_of_scope
2,11/19/2021,Santa Clara,CA,strike; picket,strike_out_of_scope
2,11/19/2021,Santa Fe Springs,CA,strike; picket,strike_out_of_scope
2,11/19/2021,Santa Rosa,CA,strike; picket,strike_out_of_scope
2,11/19/2021,Santa Rosa,CA,strike; picket,strike_out_of_scope
2,11/19/2021,South San Francisco,CA,strike; picket,strike_out_of_scope
2,11/19/2021,Vacaville,CA,strike; picket,strike_out_of_scope
2,11/19/2021,Vallejo,CA,strike; picket,strike_out_of_scope
2,11/19/2021,Walnut Creek,CA,strike; picket,strike_out_of_scope
2,11/19/2021,Worcester,MA,strike; picket,strike_out_of_scope
2,11/19/2021,Battle Creek,MI,strike; picket,strike_out_of_scope
2,11/19/2021,Omaha,NE,strike; picket,strike_out_of_scope
2,11/19/2021,Reno,NV,strike; picket,strike_out_of_scope
2,11/19/2021,New York,NY,strike; picket; rally,strike_out_of_scope
2,11/19/2021,New York,NY,strike; picket,strike_out_of_scope
2,11/19/2021,Erie,PA,strike; picket,strike_out_of_scope
2,11/19/2021,Lancaster,PA,strike; picket,strike_out_of_scope
2,11/19/2021,Scranton,PA,strike; picket,strike_out_of_scope
2,11/19/2021,Bayamon,PR,strike,strike_out_of_scope
2,11/19/2021,Cayey,PR,strike,strike_out_of_scope
2,11/19/2021,Humacao,PR,strike,strike_out_of_scope
2,11/19/2021,Mayaguez,PR,strike,strike_out_of_scope
2,11/19/2021,San Juan,PR,strike,strike_out_of_scope
2,11/19/2021,Memphis,TN,strike; picket,strike_out_of_scope
2,11/19/2021,San Antonio,TX,strike; picket,strike_out_of_scope
2,11/19/2021,Renton,WA,strike; picket,strike_out_of_scope
2,11/19/2021,Renton,WA,strike; picket,strike_out_of_scope
2,11/19/2021,Seattle,WA,strike; picket,strike_out_of_scope
2,11/19/2021,Huntington,WV,walkout; strike,strike_out_of_scope
2,11/19/2021,Huntington,WV,strike; picket,strike_out_of_scope
2,11/20/2021,Brookwood,AL,strike; picket,strike_out_of_scope
2,11/20/2021,Oakland,CA,strike; picket,strike_out_of_scope
2,11/20/2021,Redwood City,CA,strike; picket,strike_out_of_scope
2,11/20/2021,Richmond,CA,strike; picket,strike_out_of_scope
2,11/20/2021,San Francisco,CA,strike; picket,strike_out_of_scope
2,11/20/2021,Santa Fe Springs,CA,strike; picket,strike_out_of_scope
2,11/20/2021,Santa Rosa,CA,strike; picket,strike_out_of_scope
2,11/20/2021,Denver,CO,strike; picket,strike_out_of_scope
2,11/20/2021,Worcester,MA,strike; picket,strike_out_of_scope
2,11/20/2021,Battle Creek,MI,strike; picket,strike_out_of_scope
2,11/20/2021,Omaha,NE,strike; picket,strike_out_of_scope
2,11/20/2021,Reno,NV,strike; picket,strike_out_of_scope
2,11/20/2021,New York,NY,strike; picket,strike_out_of_scope
2,11/20/2021,Erie,PA,strike; picket,strike_out_of_scope
2,11/20/2021,Lancaster,PA,strike; picket,strike_out_of_scope
2,11/20/2021,Bayamon,PR,strike,strike_out_of_scope
2,11/20/2021,Cayey,PR,strike,strike_out_of_scope
2,11/20/2021,Humacao,PR,strike,strike_out_of_scope
2,11/20/2021,Mayaguez,PR,strike,strike_out_of_scope
2,11/20/2021,San Juan,PR,strike,strike_out_of_scope
2,11/20/2021,Memphis,TN,strike; picket,strike_out_of_scope
2,11/20/2021,San Antonio,TX,strike; picket,strike_out_of_scope
2,11/20/2021,Renton,WA,strike; picket,strike_out_of_scope
2,11/20/2021,Renton,WA,strike; picket,strike_out_of_scope
2,11/20/2021,Seattle,WA,strike; picket,strike_out_of_scope
2,11/20/2021,Huntington,WV,walkout; strike,strike_out_of_scope
2,11/20/2021,Huntington,WV,strike; picket,strike_out_of_scope
2,11/21/2021,Brookwood,AL,strike; picket,strike_out_of_scope
2,11/21/2021,Oakland,CA,strike; picket,strike_out_of_scope
2,11/21/2021,Redwood City,CA,strike; picket,strike_out_of_scope
2,11/21/2021,Richmond,CA,strike; picket,strike_out_of_scope
2,11/21/2021,San Francisco,CA,strike; picket,strike_out_of_scope
2,11/21/2021,Santa Fe Springs,CA,strike; picket,strike_out_of_scope
2,11/21/2021,Santa Rosa,CA,strike; picket,strike_out_of_scope
2,11/21/2021,Worcester,MA,strike; picket,strike_out_of_scope
2,11/21/2021,Battle Creek,MI,strike; picket,strike_out_of_scope
2,11/21/2021,Omaha,NE,strike; picket,strike_out_of_scope
2,11/21/2021,Reno,NV,strike; picket,strike_out_of_scope
2,11/21/2021,New York,NY,strike; picket,strike_out_of_scope
2,11/21/2021,Erie,PA,strike; picket,strike_out_of_scope
2,11/21/2021,Lancaster,PA,strike; picket,strike_out_of_scope
2,11/21/2021,Philadelphia,PA,walkout; strike; picket,strike_out_of_scope
2,11/21/2021,Bayamon,PR,strike,strike_out_of_scope
2,11/21/2021,Cayey,PR,strike,strike_out_of_scope
2,11/21/2021,Humacao,PR,strike,strike_out_of_scope
2,11/21/2021,Mayaguez,PR,strike,strike_out_of_scope
2,11/21/2021,San Juan,PR,strike,strike_out_of_scope
2,11/21/2021,Memphis,TN,strike; picket,strike_out_of_scope
2,11/21/2021,San Antonio,TX,strike; picket,strike_out_of_scope
2,11/21/2021,Renton,WA,strike; picket,strike_out_of_scope
2,11/21/2021,Renton,WA,strike; picket,strike_out_of_scope
2,11/21/2021,Seattle,WA,strike; picket,strike_out_of_scope
2,11/21/2021,Huntington,WV,walkout; strike,strike_out_of_scope
2,11/21/2021,Huntington,WV,strike; picket,strike_out_of_scope
2,11/22/2021,Brookwood,AL,strike; picket,strike_out_of_scope
2,11/22/2021,Phoenix,AZ,strike; picket,strike_out_of_scope
2,11/22/2021,Oakland,CA,strike; picket,strike_out_of_scope
2,11/22/2021,Redwood City,CA,strike; picket,strike_out_of_scope
2,11/22/2021,Richmond,CA,strike; picket,strike_out_of_scope
2,11/22/2021,San Francisco,CA,strike; picket,strike_out_of_scope
2,11/22/2021,Santa Fe Springs,CA,strike; picket,strike_out_of_scope
2,11/22/2021,Santa Rosa,CA,strike; picket,strike_out_of_scope
2,11/22/2021,Worcester,MA,strike; picket,strike_out_of_scope
2,11/22/2021,Battle Creek,MI,strike; picket,strike_out_of_scope
2,11/22/2021,Omaha,NE,strike; picket,strike_out_of_scope
2,11/22/2021,Reno,NV,strike; picket,strike_out_of_scope
2,11/22/2021,New York,NY,strike; picket,strike_out_of_scope
2,11/22/2021,New York,NY,strike; picket,strike_out_of_scope
2,11/22/2021,Erie,PA,strike; picket,strike_out_of_scope
2,11/22/2021,Lancaster,PA,strike; picket,strike_out_of_scope
2,11/22/2021,Bayamon,PR,strike,strike_out_of_scope
2,11/22/2021,Cayey,PR,strike,strike_out_of_scope
2,11/22/2021,Humacao,PR,strike,strike_out_of_scope
2,11/22/2021,Mayaguez,PR,strike,strike_out_of_scope
2,11/22/2021,San Juan,PR,strike,strike_out_of_scope
2,11/22/2021,Memphis,TN,strike; picket,strike_out_of_scope
2,11/22/2021,San Antonio,TX,strike; picket,strike_out_of_scope
2,11/22/2021,Renton,WA,strike; picket,strike_out_of_scope
2,11/22/2021,Renton,WA,strike; picket,strike_out_of_scope
2,11/22/2021,Seattle,WA,strike; picket,strike_out_of_scope
2,11/22/2021,Huntington,WV,walkout; strike,strike_out_of_scope
2,11/22/2021,Huntington,WV,strike; picket,strike_out_of_scope
2,11/23/2021,Brookwood,AL,strike; picket,strike_out_of_scope
2,11/23/2021,Phoenix,AZ,strike; picket,strike_out_of_scope
2,11/23/2021,Oakland,CA,strike; picket,strike_out_of_scope
2,11/23/2021,Redwood City,CA,strike; picket,strike_out_of_scope
2,11/23/2021,Richmond,CA,strike; picket,strike_out_of_scope
2,11/23/2021,San Francisco,CA,strike; picket,strike_out_of_scope
2,11/23/2021,Santa Fe Springs,CA,strike; picket,strike_out_of_scope
2,11/23/2021,Santa Rosa,CA,strike; picket,strike_out_of_scope
2,11/23/2021,Washington,DC,virtual strike,strike_out_of_scope
2,11/23/2021,Worcester,MA,strike; picket,strike_out_of_scope
2,11/23/2021,Battle Creek,MI,strike; picket,strike_out_of_scope
2,11/23/2021,Burnsville,NC,strike; picket,strike_out_of_scope
2,11/23/2021,Omaha,NE,strike; picket,strike_out_of_scope
2,11/23/2021,Reno,NV,strike; picket,strike_out_of_scope
2,11/23/2021,New York,NY,strike; picket; rally,strike_out_of_scope
2,11/23/2021,New York,NY,strike; picket,strike_out_of_scope
2,11/23/2021,Erie,PA,strike; picket,strike_out_of_scope
2,11/23/2021,Lancaster,PA,strike; picket,strike_out_of_scope
2,11/23/2021,Bayamon,PR,strike,strike_out_of_scope
2,11/23/2021,Cayey,PR,strike,strike_out_of_scope
2,11/23/2021,Humacao,PR,strike,strike_out_of_scope
2,11/23/2021,Mayaguez,PR,strike,strike_out_of_scope
2,11/23/2021,San Juan,PR,strike,strike_out_of_scope
2,11/23/2021,Memphis,TN,strike; picket,strike_out_of_scope
2,11/23/2021,San Antonio,TX,strike; picket,strike_out_of_scope
2,11/23/2021,Renton,WA,strike; picket,strike_out_of_scope
2,11/23/2021,Renton,WA,strike; picket,strike_out_of_scope
2,11/23/2021,Seattle,WA,strike; picket,strike_out_of_scope
2,11/23/2021,Huntington,WV,walkout; strike,strike_out_of_scope
2,11/23/2021,Huntington,WV,strike; picket,strike_out_of_scope
2,11/24/2021,Brookwood,AL,strike; picket,strike_out_of_scope
2,11/24/2021,Phoenix,AZ,strike; picket,strike_out_of_scope
2,11/24/2021,Los Angeles,CA,strike; picket,strike_out_of_scope
2,11/24/2021,Oakland,CA,strike; picket,strike_out_of_scope
2,11/24/2021,Redwood City,CA,strike; picket,strike_out_of_scope
2,11/24/2021,Richmond,CA,strike; picket,strike_out_of_scope
2,11/24/2021,San Francisco,CA,strike; picket,strike_out_of_scope
2,11/24/2021,San Francisco,CA,strike; picket,strike_out_of_scope
2,11/24/2021,Santa Fe Springs,CA,strike; picket,strike_out_of_scope
2,11/24/2021,Santa Rosa,CA,strike; picket,strike_out_of_scope
2,11/24/2021,Worcester,MA,strike; picket,strike_out_of_scope
2,11/24/2021,Battle Creek,MI,strike; picket,strike_out_of_scope
2,11/24/2021,Burnsville,NC,strike; picket,strike_out_of_scope
2,11/24/2021,Omaha,NE,strike; picket,strike_out_of_scope
2,11/24/2021,Secaucus,NJ,strike; picket,strike_out_of_scope
2,11/24/2021,Reno,NV,strike; picket,strike_out_of_scope
2,11/24/2021,New York,NY,strike; virtual picket,strike_out_of_scope
2,11/24/2021,New York,NY,strike; picket,strike_out_of_scope
2,11/24/2021,Erie,PA,strike; picket,strike_out_of_scope
2,11/24/2021,Lancaster,PA,strike; picket,strike_out_of_scope
2,11/24/2021,Memphis,TN,strike; picket,strike_out_of_scope
2,11/24/2021,San Antonio,TX,strike; picket,strike_out_of_scope
2,11/24/2021,Renton,WA,strike; picket,strike_out_of_scope
2,11/24/2021,Renton,WA,strike; picket,strike_out_of_scope
2,11/24/2021,Seattle,WA,strike; picket,strike_out_of_scope
2,11/24/2021,Huntington,WV,walkout; strike,strike_out_of_scope
2,11/24/2021,Huntington,WV,strike; picket,strike_out_of_scope
2,11/25/2021,Brookwood,AL,strike; picket,strike_out_of_scope
2,11/25/2021,Phoenix,AZ,strike; picket,strike_out_of_scope
2,11/25/2021,Oakland,CA,strike; picket,strike_out_of_scope
2,11/25/2021,Redwood City,CA,strike; picket,strike_out_of_scope
2,11/25/2021,Richmond,CA,strike; picket,strike_out_of_scope
2,11/25/2021,San Francisco,CA,strike; picket,strike_out_of_scope
2,11/25/2021,Santa Fe Springs,CA,strike; picket,strike_out_of_scope
2,11/25/2021,Santa Rosa,CA,strike; picket,strike_out_of_scope
2,11/25/2021,Worcester,MA,strike; picket,strike_out_of_scope
2,11/25/2021,Battle Creek,MI,strike; picket,strike_out_of_scope
2,11/25/2021,Burnsville,NC,strike; picket,strike_out_of_scope
2,11/25/2021,Omaha,NE,strike; picket,strike_out_of_scope
2,11/25/2021,Reno,NV,strike; picket,strike_out_of_scope
2,11/25/2021,New York,NY,strike; picket,strike_out_of_scope
2,11/25/2021,Erie,PA,strike; picket,strike_out_of_scope
2,11/25/2021,Lancaster,PA,strike; picket,strike_out_of_scope
2,11/25/2021,Memphis,TN,strike; picket,strike_out_of_scope
2,11/25/2021,San Antonio,TX,strike; picket,strike_out_of_scope
2,11/25/2021,Renton,WA,strike; picket,strike_out_of_scope
2,11/25/2021,Renton,WA,strike; picket,strike_out_of_scope
2,11/25/2021,Seattle,WA,strike; picket,strike_out_of_scope
2,11/25/2021,Huntington,WV,walkout; strike,strike_out_of_scope
2,11/25/2021,Huntington,WV,strike; picket,strike_out_of_scope
2,11/26/2021,Brookwood,AL,strike; picket,strike_out_of_scope
2,11/26/2021,Phoenix,AZ,strike; picket,strike_out_of_scope
2,11/26/2021,Oakland,CA,strike; picket,strike_out_of_scope
2,11/26/2021,Redwood City,CA,strike; picket,strike_out_of_scope
2,11/26/2021,Richmond,CA,strike; picket,strike_out_of_scope
2,11/26/2021,San Francisco,CA,strike; picket,strike_out_of_scope
2,11/26/2021,Santa Fe Springs,CA,strike; picket,strike_out_of_scope
2,11/26/2021,Santa Rosa,CA,strike; picket,strike_out_of_scope
2,11/26/2021,Worcester,MA,strike; picket,strike_out_of_scope
2,11/26/2021,Battle Creek,MI,strike; picket,strike_out_of_scope
2,11/26/2021,Burnsville,NC,strike; picket,strike_out_of_scope
2,11/26/2021,Mooresville,NC,walkout; strike; picket,strike_out_of_scope
2,11/26/2021,Omaha,NE,strike; picket,strike_out_of_scope
2,11/26/2021,Reno,NV,strike; picket,strike_out_of_scope
2,11/26/2021,New York,NY,strike; picket,strike_out_of_scope
2,11/26/2021,Erie,PA,strike; picket,strike_out_of_scope
2,11/26/2021,Lancaster,PA,strike; picket,strike_out_of_scope
2,11/26/2021,Memphis,TN,strike; picket,strike_out_of_scope
2,11/26/2021,San Antonio,TX,strike; picket,strike_out_of_scope
2,11/26/2021,Renton,WA,strike; picket,strike_out_of_scope
2,11/26/2021,Renton,WA,strike; picket,strike_out_of_scope
2,11/26/2021,Seattle,WA,strike; picket,strike_out_of_scope
2,11/26/2021,Huntington,WV,walkout; strike,strike_out_of_scope
2,11/26/2021,Huntington,WV,strike; picket,strike_out_of_scope
2,11/27/2021,Brookwood,AL,strike; picket,strike_out_of_scope
2,11/27/2021,Phoenix,AZ,strike; picket,strike_out_of_scope
2,11/27/2021,Oakland,CA,strike; picket,strike_out_of_scope
2,11/27/2021,Redwood City,CA,strike; picket,strike_out_of_scope
2,11/27/2021,Richmond,CA,strike; picket,strike_out_of_scope
2,11/27/2021,San Francisco,CA,strike; picket,strike_out_of_scope
2,11/27/2021,Santa Fe Springs,CA,strike; picket,strike_out_of_scope
2,11/27/2021,Santa Rosa,CA,strike; picket,strike_out_of_scope
2,11/27/2021,Worcester,MA,strike; picket,strike_out_of_scope
2,11/27/2021,Battle Creek,MI,strike; picket,strike_out_of_scope
2,11/27/2021,Burnsville,NC,strike; picket,strike_out_of_scope
2,11/27/2021,Omaha,NE,strike; picket,strike_out_of_scope
2,11/27/2021,Reno,NV,strike; picket,strike_out_of_scope
2,11/27/2021,New York,NY,strike; picket,strike_out_of_scope
2,11/27/2021,Erie,PA,strike; picket,strike_out_of_scope
2,11/27/2021,Lancaster,PA,strike; picket,strike_out_of_scope
2,11/27/2021,Memphis,TN,strike; picket,strike_out_of_scope
2,11/27/2021,San Antonio,TX,strike; picket,strike_out_of_scope
2,11/27/2021,Renton,WA,strike; picket,strike_out_of_scope
2,11/27/2021,Renton,WA,strike; picket,strike_out_of_scope
2,11/27/2021,Seattle,WA,strike; picket,strike_out_of_scope
2,11/27/2021,Huntington,WV,walkout; strike,strike_out_of_scope
2,11/27/2021,Huntington,WV,strike; picket,strike_out_of_scope
2,11/28/2021,Brookwood,AL,strike; picket,strike_out_of_scope
2,11/28/2021,Phoenix,AZ,strike; picket,strike_out_of_scope
2,11/28/2021,Oakland,CA,strike; picket,strike_out_of_scope
2,11/28/2021,Redwood City,CA,strike; picket,strike_out_of_scope
2,11/28/2021,Richmond,CA,strike; picket,strike_out_of_scope
2,11/28/2021,San Francisco,CA,strike; picket,strike_out_of_scope
2,11/28/2021,Santa Fe Springs,CA,strike; picket,strike_out_of_scope
2,11/28/2021,Santa Rosa,CA,strike; picket,strike_out_of_scope
2,11/28/2021,Worcester,MA,strike; picket,strike_out_of_scope
2,11/28/2021,Battle Creek,MI,strike; picket,strike_out_of_scope
2,11/28/2021,Burnsville,NC,strike; picket,strike_out_of_scope
2,11/28/2021,Omaha,NE,strike; picket,strike_out_of_scope
2,11/28/2021,Reno,NV,strike; picket,strike_out_of_scope
2,11/28/2021,New York,NY,strike; picket,strike_out_of_scope
2,11/28/2021,Erie,PA,strike; picket,strike_out_of_scope
2,11/28/2021,Lancaster,PA,strike; picket,strike_out_of_scope
2,11/28/2021,Memphis,TN,strike; picket,strike_out_of_scope
2,11/28/2021,San Antonio,TX,strike; picket,strike_out_of_scope
2,11/28/2021,Renton,WA,strike; picket,strike_out_of_scope
2,11/28/2021,Renton,WA,strike; picket,strike_out_of_scope
2,11/28/2021,Seattle,WA,strike; picket,strike_out_of_scope
2,11/28/2021,Huntington,WV,walkout; strike,strike_out_of_scope
2,11/28/2021,Huntington,WV,strike; picket,strike_out_of_scope
2,11/29/2021,Brookwood,AL,strike; picket,strike_out_of_scope
2,11/29/2021,Phoenix,AZ,strike; picket,strike_out_of_scope
2,11/29/2021,Oakland,CA,strike; picket,strike_out_of_scope
2,11/29/2021,Redwood City,CA,strike; picket,strike_out_of_scope
2,11/29/2021,Richmond,CA,strike; picket,strike_out_of_scope
2,11/29/2021,San Francisco,CA,strike; picket,strike_out_of_scope
2,11/29/2021,Santa Fe Springs,CA,strike; picket,strike_out_of_scope
2,11/29/2021,Santa Rosa,CA,strike; picket,strike_out_of_scope
2,11/29/2021,Worcester,MA,strike; picket,strike_out_of_scope
2,11/29/2021,Battle Creek,MI,strike; picket,strike_out_of_scope
2,11/29/2021,Burnsville,NC,strike; picket,strike_out_of_scope
2,11/29/2021,Omaha,NE,strike; picket,strike_out_of_scope
2,11/29/2021,Reno,NV,strike; picket,strike_out_of_scope
2,11/29/2021,New York,NY,strike; picket,strike_out_of_scope
2,11/29/2021,New York,NY,strike; picket,strike_out_of_scope
2,11/29/2021,New York,NY,strike; picket,strike_out_of_scope
2,11/29/2021,Erie,PA,strike; picket,strike_out_of_scope
2,11/29/2021,Lancaster,PA,strike; picket,strike_out_of_scope
2,11/29/2021,Memphis,TN,strike; picket,strike_out_of_scope
2,11/29/2021,San Antonio,TX,strike; picket,strike_out_of_scope
2,11/29/2021,Renton,WA,strike; picket,strike_out_of_scope
2,11/29/2021,Renton,WA,strike; picket,strike_out_of_scope
2,11/29/2021,Seattle,WA,strike; picket,strike_out_of_scope
2,11/29/2021,Huntington,WV,walkout; strike,strike_out_of_scope
2,11/29/2021,Huntington,WV,strike; picket,strike_out_of_scope
2,11/30/2021,Brookwood,AL,strike; picket,strike_out_of_scope
2,11/30/2021,Phoenix,AZ,strike; picket,strike_out_of_scope
2,11/30/2021,Oakland,CA,strike; picket,strike_out_of_scope
2,11/30/2021,Redwood City,CA,strike; picket,strike_out_of_scope
2,11/30/2021,Richmond,CA,strike; picket,strike_out_of_scope
2,11/30/2021,San Francisco,CA,strike; picket,strike_out_of_scope
2,11/30/2021,Santa Fe Springs,CA,strike; picket,strike_out_of_scope
2,11/30/2021,Santa Rosa,CA,strike; picket,strike_out_of_scope
2,11/30/2021,Worcester,MA,strike; picket,strike_out_of_scope
2,11/30/2021,Battle Creek,MI,strike; picket,strike_out_of_scope
2,11/30/2021,Burnsville,NC,strike; picket,strike_out_of_scope
2,11/30/2021,Omaha,NE,strike; picket,strike_out_of_scope
2,11/30/2021,Reno,NV,strike; picket,strike_out_of_scope
2,11/30/2021,New York,NY,strike; picket,strike_out_of_scope
2,11/30/2021,New York,NY,strike; picket,strike_out_of_scope
2,11/30/2021,Erie,PA,strike; picket,strike_out_of_scope
2,11/30/2021,Lancaster,PA,strike; picket,strike_out_of_scope
2,11/30/2021,Memphis,TN,strike; picket,strike_out_of_scope
2,11/30/2021,San Antonio,TX,strike; picket,strike_out_of_scope
2,11/30/2021,Renton,WA,strike; picket,strike_out_of_scope
2,11/30/2021,Renton,WA,strike; picket,strike_out_of_scope
2,11/30/2021,Seattle,WA,strike; picket,strike_out_of_scope
2,11/30/2021,Huntington,WV,walkout; strike,strike_out_of_scope
2,11/30/2021,Huntington,WV,strike; picket,strike_out_of_scope
2,12/1/2021,Brookwood,AL,strike; picket,strike_out_of_scope
2,12/1/2021,Phoenix,AZ,strike; picket,strike_out_of_scope
2,12/1/2021,Oakland,CA,strike; picket,strike_out_of_scope
2,12/1/2021,Redwood City,CA,strike; picket,strike_out_of_scope
2,12/1/2021,Richmond,CA,strike; picket,strike_out_of_scope
2,12/1/2021,San Francisco,CA,strike; picket,strike_out_of_scope
2,12/1/2021,Santa Fe Springs,CA,strike; picket,strike_out_of_scope
2,12/1/2021,Santa Rosa,CA,strike; picket,strike_out_of_scope
2,12/1/2021,Worcester,MA,strike; picket,strike_out_of_scope
2,12/1/2021,Battle Creek,MI,strike; picket,strike_out_of_scope
2,12/1/2021,Omaha,NE,strike; picket,strike_out_of_scope
2,12/1/2021,Reno,NV,strike; picket,strike_out_of_scope
2,12/1/2021,New York,NY,strike; picket,strike_out_of_scope
2,12/1/2021,New York,NY,strike; picket; march; rally,strike_out_of_scope
2,12/1/2021,New York,NY,strike; picket,strike_out_of_scope
2,12/1/2021,Erie,PA,strike; picket,strike_out_of_scope
2,12/1/2021,Lancaster,PA,strike; picket,strike_out_of_scope
2,12/1/2021,Memphis,TN,strike; picket,strike_out_of_scope
2,12/1/2021,San Antonio,TX,strike; picket,strike_out_of_scope
2,12/1/2021,Renton,WA,strike; picket,strike_out_of_scope
2,12/1/2021,Renton,WA,strike; picket,strike_out_of_scope
2,12/1/2021,Seattle,WA,strike; picket,strike_out_of_scope
2,12/1/2021,Huntington,WV,walkout; strike,strike_out_of_scope
2,12/1/2021,Huntington,WV,strike; picket,strike_out_of_scope
2,12/2/2021,Brookwood,AL,strike; picket,strike_out_of_scope
2,12/2/2021,Oakland,CA,strike; picket,strike_out_of_scope
2,12/2/2021,Redwood City,CA,strike; picket,strike_out_of_scope
2,12/2/2021,Richmond,CA,strike; picket,strike_out_of_scope
2,12/2/2021,San Francisco,CA,strike; picket,strike_out_of_scope
2,12/2/2021,Santa Fe Springs,CA,strike; picket,strike_out_of_scope
2,12/2/2021,Santa Rosa,CA,strike; picket,strike_out_of_scope
2,12/2/2021,Monroe,LA,hunger strike,strike_out_of_scope
2,12/2/2021,Worcester,MA,strike; picket,strike_out_of_scope
2,12/2/2021,Battle Creek,MI,strike; picket,strike_out_of_scope
2,12/2/2021,Omaha,NE,strike; picket,strike_out_of_scope
2,12/2/2021,New York,NY,walkout,walkout_labor_precutoff
2,12/2/2021,New York,NY,strike; picket,strike_out_of_scope
2,12/2/2021,New York,NY,strike; picket,strike_out_of_scope
2,12/2/2021,Erie,PA,strike; picket,strike_out_of_scope
2,12/2/2021,Lancaster,PA,strike; picket,strike_out_of_scope
2,12/2/2021,Memphis,TN,strike; picket,strike_out_of_scope
2,12/2/2021,San Antonio,TX,strike; picket,strike_out_of_scope
2,12/2/2021,Renton,WA,strike; picket,strike_out_of_scope
2,12/2/2021,Renton,WA,strike; picket,strike_out_of_scope
2,12/2/2021,Seattle,WA,strike; picket,strike_out_of_scope
2,12/2/2021,Huntington,WV,walkout; strike,strike_out_of_scope
2,12/2/2021,Huntington,WV,strike; picket,strike_out_of_scope
2,12/3/2021,Brookwood,AL,strike; picket,strike_out_of_scope
2,12/3/2021,Oakland,CA,strike; picket,strike_out_of_scope
2,12/3/2021,Redwood City,CA,strike; picket,strike_out_of_scope
2,12/3/2021,Richmond,CA,strike; picket,strike_out_of_scope
2,12/3/2021,San Francisco,CA,strike; picket,strike_out_of_scope
2,12/3/2021,Santa Fe Springs,CA,strike; picket,strike_out_of_scope
2,12/3/2021,Santa Rosa,CA,strike; picket,strike_out_of_scope
2,12/3/2021,Worcester,MA,strike; picket,strike_out_of_scope
2,12/3/2021,Battle Creek,MI,strike; picket,strike_out_of_scope
2,12/3/2021,Omaha,NE,strike; picket,strike_out_of_scope
2,12/3/2021,New York,NY,strike; picket,strike_out_of_scope
2,12/3/2021,New York,NY,strike; picket,strike_out_of_scope
2,12/3/2021,Erie,PA,strike; picket,strike_out_of_scope
2,12/3/2021,Lancaster,PA,strike; picket,strike_out_of_scope
2,12/3/2021,Memphis,TN,strike; picket,strike_out_of_scope
2,12/3/2021,San Antonio,TX,strike; picket,strike_out_of_scope
2,12/3/2021,Renton,WA,strike; picket,strike_out_of_scope
2,12/3/2021,Renton,WA,strike; picket,strike_out_of_scope
2,12/3/2021,Seattle,WA,strike; picket,strike_out_of_scope
2,12/3/2021,Huntington,WV,strike; picket,strike_out_of_scope
2,12/4/2021,Brookwood,AL,strike; picket,strike_out_of_scope
2,12/4/2021,Oakland,CA,strike; picket,strike_out_of_scope
2,12/4/2021,Redwood City,CA,strike; picket,strike_out_of_scope
2,12/4/2021,Richmond,CA,strike; picket,strike_out_of_scope
2,12/4/2021,San Francisco,CA,strike; picket,strike_out_of_scope
2,12/4/2021,Santa Fe Springs,CA,strike; picket,strike_out_of_scope
2,12/4/2021,Santa Rosa,CA,strike; picket,strike_out_of_scope
2,12/4/2021,Worcester,MA,strike; picket,strike_out_of_scope
2,12/4/2021,Battle Creek,MI,strike; picket,strike_out_of_scope
2,12/4/2021,Omaha,NE,strike; picket,strike_out_of_scope
2,12/4/2021,New York,NY,strike; picket,strike_out_of_scope
2,12/4/2021,Erie,PA,strike; picket,strike_out_of_scope
2,12/4/2021,Lancaster,PA,strike; picket,strike_out_of_scope
2,12/4/2021,Memphis,TN,strike; picket,strike_out_of_scope
2,12/4/2021,San Antonio,TX,strike; picket,strike_out_of_scope
2,12/4/2021,Renton,WA,strike; picket,strike_out_of_scope
2,12/4/2021,Renton,WA,strike; picket,strike_out_of_scope
2,12/4/2021,Seattle,WA,strike; picket,strike_out_of_scope
2,12/4/2021,Huntington,WV,strike; picket,strike_out_of_scope
2,12/5/2021,Brookwood,AL,strike; picket,strike_out_of_scope
2,12/5/2021,Oakland,CA,strike; picket,strike_out_of_scope
2,12/5/2021,Redwood City,CA,strike; picket,strike_out_of_scope
2,12/5/2021,Richmond,CA,strike; picket,strike_out_of_scope
2,12/5/2021,San Francisco,CA,strike; picket,strike_out_of_scope
2,12/5/2021,Santa Fe Springs,CA,strike; picket,strike_out_of_scope
2,12/5/2021,Santa Rosa,CA,strike; picket,strike_out_of_scope
2,12/5/2021,Worcester,MA,strike; picket,strike_out_of_scope
2,12/5/2021,Battle Creek,MI,strike; picket,strike_out_of_scope
2,12/5/2021,Omaha,NE,strike; picket,strike_out_of_scope
2,12/5/2021,New York,NY,strike; picket,strike_out_of_scope
2,12/5/2021,Erie,PA,strike; picket,strike_out_of_scope
2,12/5/2021,Lancaster,PA,strike; picket,strike_out_of_scope
2,12/5/2021,Memphis,TN,strike; picket,strike_out_of_scope
2,12/5/2021,San Antonio,TX,strike; picket,strike_out_of_scope
2,12/5/2021,Renton,WA,strike; picket,strike_out_of_scope
2,12/5/2021,Renton,WA,strike; picket,strike_out_of_scope
2,12/5/2021,Seattle,WA,strike; picket,strike_out_of_scope
2,12/5/2021,Huntington,WV,strike; picket,strike_out_of_scope
2,12/6/2021,Brookwood,AL,strike; picket,strike_out_of_scope
2,12/6/2021,Oakland,CA,strike; picket,strike_out_of_scope
2,12/6/2021,Redwood City,CA,strike; picket,strike_out_of_scope
2,12/6/2021,Richmond,CA,strike; picket,strike_out_of_scope
2,12/6/2021,San Francisco,CA,strike; picket,strike_out_of_scope
2,12/6/2021,Santa Fe Springs,CA,strike; picket,strike_out_of_scope
2,12/6/2021,Santa Rosa,CA,strike; picket,strike_out_of_scope
2,12/6/2021,Worcester,MA,strike; picket,strike_out_of_scope
2,12/6/2021,Battle Creek,MI,strike; picket,strike_out_of_scope
2,12/6/2021,Omaha,NE,strike; picket,strike_out_of_scope
2,12/6/2021,New York,NY,strike; picket; walkout; rally,strike_out_of_scope
2,12/6/2021,New York,NY,strike; picket,strike_out_of_scope
2,12/6/2021,Springfield,OR,strike; picket,strike_out_of_scope
2,12/6/2021,Bethlehem,PA,strike; picket,strike_out_of_scope
2,12/6/2021,Erie,PA,strike; picket,strike_out_of_scope
2,12/6/2021,Lancaster,PA,strike; picket,strike_out_of_scope
2,12/6/2021,Memphis,TN,strike; picket,strike_out_of_scope
2,12/6/2021,San Antonio,TX,strike; picket,strike_out_of_scope
2,12/6/2021,Renton,WA,strike; picket,strike_out_of_scope
2,12/6/2021,Renton,WA,strike; picket,strike_out_of_scope
2,12/6/2021,Seattle,WA,strike; picket,strike_out_of_scope
2,12/6/2021,Huntington,WV,strike; picket,strike_out_of_scope
2,12/7/2021,Brookwood,AL,strike; picket,strike_out_of_scope
2,12/7/2021,Oakland,CA,strike; picket,strike_out_of_scope
2,12/7/2021,Redwood City,CA,strike; picket,strike_out_of_scope
2,12/7/2021,Richmond,CA,strike; picket,strike_out_of_scope
2,12/7/2021,San Francisco,CA,strike; picket,strike_out_of_scope
2,12/7/2021,Santa Fe Springs,CA,strike; picket,strike_out_of_scope
2,12/7/2021,Santa Rosa,CA,strike; picket,strike_out_of_scope
2,12/7/2021,Worcester,MA,strike; picket,strike_out_of_scope
2,12/7/2021,Battle Creek,MI,strike; picket,strike_out_of_scope
2,12/7/2021,Omaha,NE,strike; picket,strike_out_of_scope
2,12/7/2021,New York,NY,strike; picket,strike_out_of_scope
2,12/7/2021,New York,NY,strike; picket,strike_out_of_scope
2,12/7/2021,Springfield,OR,strike; picket,strike_out_of_scope
2,12/7/2021,Bethlehem,PA,strike; picket,strike_out_of_scope
2,12/7/2021,Erie,PA,strike; picket,strike_out_of_scope
2,12/7/2021,Lancaster,PA,strike; picket,strike_out_of_scope
2,12/7/2021,Memphis,TN,strike; picket,strike_out_of_scope
2,12/7/2021,San Antonio,TX,strike; picket,strike_out_of_scope
2,12/7/2021,Renton,WA,strike; picket,strike_out_of_scope
2,12/7/2021,Renton,WA,strike; picket,strike_out_of_scope
2,12/7/2021,Seattle,WA,strike; picket,strike_out_of_scope
2,12/7/2021,Huntington,WV,strike; picket,strike_out_of_scope
2,12/8/2021,Brookwood,AL,strike; picket,strike_out_of_scope
2,12/8/2021,Oakland,CA,strike; picket,strike_out_of_scope
2,12/8/2021,Redwood City,CA,strike; picket,strike_out_of_scope
2,12/8/2021,Richmond,CA,strike; picket,strike_out_of_scope
2,12/8/2021,San Francisco,CA,strike; picket,strike_out_of_scope
2,12/8/2021,Santa Fe Springs,CA,strike; picket,strike_out_of_scope
2,12/8/2021,Santa Rosa,CA,strike; picket,strike_out_of_scope
2,12/8/2021,Worcester,MA,strike; picket,strike_out_of_scope
2,12/8/2021,Battle Creek,MI,strike; picket,strike_out_of_scope
2,12/8/2021,Omaha,NE,strike; picket,strike_out_of_scope
2,12/8/2021,New York,NY,strike; picket,strike_out_of_scope
2,12/8/2021,New York,NY,strike; picket,strike_out_of_scope
2,12/8/2021,Springfield,OR,strike; picket,strike_out_of_scope
2,12/8/2021,Bethlehem,PA,strike; picket,strike_out_of_scope
2,12/8/2021,Erie,PA,strike; picket,strike_out_of_scope
2,12/8/2021,Lancaster,PA,strike; picket,strike_out_of_scope
2,12/8/2021,Memphis,TN,strike; picket,strike_out_of_scope
2,12/8/2021,San Antonio,TX,strike; picket,strike_out_of_scope
2,12/8/2021,Renton,WA,strike; picket,strike_out_of_scope
2,12/8/2021,Renton,WA,strike; picket,strike_out_of_scope
2,12/8/2021,Seattle,WA,strike; picket,strike_out_of_scope
2,12/8/2021,Huntington,WV,strike; picket,strike_out_of_scope
2,12/9/2021,Brookwood,AL,strike; picket,strike_out_of_scope
2,12/9/2021,Anaheim,CA,strike; picket,strike_out_of_scope
2,12/9/2021,Huntington Beach,CA,strike; picket,strike_out_of_scope
2,12/9/2021,Oakland,CA,strike; picket,strike_out_of_scope
2,12/9/2021,Redwood City,CA,strike; picket,strike_out_of_scope
2,12/9/2021,Richmond,CA,strike; picket,strike_out_of_scope
2,12/9/2021,San Francisco,CA,strike; picket,strike_out_of_scope
2,12/9/2021,Santa Fe Springs,CA,strike; picket,strike_out_of_scope
2,12/9/2021,Santa Rosa,CA,strike; picket,strike_out_of_scope
2,12/9/2021,Worcester,MA,strike; picket,strike_out_of_scope
2,12/9/2021,Battle Creek,MI,strike; picket,strike_out_of_scope
2,12/9/2021,Omaha,NE,strike; picket,strike_out_of_scope
2,12/9/2021,New York,NY,strike; picket,strike_out_of_scope
2,12/9/2021,New York,NY,strike; picket,strike_out_of_scope
2,12/9/2021,Springfield,OR,strike; picket,strike_out_of_scope
2,12/9/2021,Bethlehem,PA,strike; picket,strike_out_of_scope
2,12/9/2021,Erie,PA,strike; picket,strike_out_of_scope
2,12/9/2021,Lancaster,PA,strike; picket,strike_out_of_scope
2,12/9/2021,Memphis,TN,strike; picket,strike_out_of_scope
2,12/9/2021,San Antonio,TX,strike; picket,strike_out_of_scope
2,12/9/2021,Renton,WA,strike; picket,strike_out_of_scope
2,12/9/2021,Renton,WA,strike; picket,strike_out_of_scope
2,12/9/2021,Seattle,WA,strike; picket,strike_out_of_scope
2,12/9/2021,Huntington,WV,strike; picket,strike_out_of_scope
2,12/10/2021,Brookwood,AL,strike; picket,strike_out_of_scope
2,12/10/2021,Anaheim,CA,strike; picket,strike_out_of_scope
2,12/10/2021,Huntington Beach,CA,strike; picket,strike_out_of_scope
2,12/10/2021,Oakland,CA,strike; picket,strike_out_of_scope
2,12/10/2021,Redwood City,CA,strike; picket,strike_out_of_scope
2,12/10/2021,Richmond,CA,strike; picket,strike_out_of_scope
2,12/10/2021,San Francisco,CA,strike; picket,strike_out_of_scope
2,12/10/2021,Santa Fe Springs,CA,strike; picket,strike_out_of_scope
2,12/10/2021,Santa Rosa,CA,strike; picket,strike_out_of_scope
2,12/10/2021,Worcester,MA,strike; picket,strike_out_of_scope
2,12/10/2021,Battle Creek,MI,strike; picket,strike_out_of_scope
2,12/10/2021,Omaha,NE,strike; picket,strike_out_of_scope
2,12/10/2021,New York,NY,strike; picket,strike_out_of_scope
2,12/10/2021,New York,NY,strike; picket,strike_out_of_scope
2,12/10/2021,Springfield,OR,strike; picket,strike_out_of_scope
2,12/10/2021,Bethlehem,PA,strike; picket,strike_out_of_scope
2,12/10/2021,Erie,PA,strike; picket,strike_out_of_scope
2,12/10/2021,Lancaster,PA,strike; picket,strike_out_of_scope
2,12/10/2021,Memphis,TN,strike; picket,strike_out_of_scope
2,12/10/2021,San Antonio,TX,strike; picket,strike_out_of_scope
2,12/10/2021,Renton,WA,strike; picket,strike_out_of_scope
2,12/10/2021,Renton,WA,strike; picket,strike_out_of_scope
2,12/10/2021,Seattle,WA,strike; picket,strike_out_of_scope
2,12/10/2021,Huntington,WV,strike; picket,strike_out_of_scope
2,12/11/2021,Brookwood,AL,strike; picket,strike_out_of_scope
2,12/11/2021,Anaheim,CA,strike; picket,strike_out_of_scope
2,12/11/2021,Huntington Beach,CA,strike; picket,strike_out_of_scope
2,12/11/2021,Oakland,CA,strike; picket,strike_out_of_scope
2,12/11/2021,Redwood City,CA,strike; picket,strike_out_of_scope
2,12/11/2021,Richmond,CA,strike; picket,strike_out_of_scope
2,12/11/2021,San Francisco,CA,strike; picket,strike_out_of_scope
2,12/11/2021,Santa Fe Springs,CA,strike; picket,strike_out_of_scope
2,12/11/2021,Santa Rosa,CA,strike; picket,strike_out_of_scope
2,12/11/2021,Worcester,MA,strike; picket,strike_out_of_scope
2,12/11/2021,Battle Creek,MI,strike; picket,strike_out_of_scope
2,12/11/2021,Omaha,NE,strike; picket,strike_out_of_scope
2,12/11/2021,New York,NY,strike; picket,strike_out_of_scope
2,12/11/2021,Bethlehem,PA,strike; picket,strike_out_of_scope
2,12/11/2021,Erie,PA,strike; picket,strike_out_of_scope
2,12/11/2021,Lancaster,PA,strike; picket,strike_out_of_scope
2,12/11/2021,Memphis,TN,strike; picket,strike_out_of_scope
2,12/11/2021,San Antonio,TX,strike; picket,strike_out_of_scope
2,12/11/2021,Renton,WA,strike; picket,strike_out_of_scope
2,12/11/2021,Renton,WA,strike; picket,strike_out_of_scope
2,12/11/2021,Seattle,WA,strike; picket,strike_out_of_scope
2,12/11/2021,Huntington,WV,strike; picket,strike_out_of_scope
2,12/12/2021,Brookwood,AL,strike; picket,strike_out_of_scope
2,12/12/2021,Anaheim,CA,strike; picket,strike_out_of_scope
2,12/12/2021,Huntington Beach,CA,strike; picket,strike_out_of_scope
2,12/12/2021,Oakland,CA,strike; picket,strike_out_of_scope
2,12/12/2021,Redwood City,CA,strike; picket,strike_out_of_scope
2,12/12/2021,Richmond,CA,strike; picket,strike_out_of_scope
2,12/12/2021,San Francisco,CA,strike; picket,strike_out_of_scope
2,12/12/2021,Santa Fe Springs,CA,strike; picket,strike_out_of_scope
2,12/12/2021,Santa Rosa,CA,strike; picket,strike_out_of_scope
2,12/12/2021,Worcester,MA,strike; picket,strike_out_of_scope
2,12/12/2021,Battle Creek,MI,strike; picket,strike_out_of_scope
2,12/12/2021,Omaha,NE,strike; picket,strike_out_of_scope
2,12/12/2021,New York,NY,strike; picket,strike_out_of_scope
2,12/12/2021,Bethlehem,PA,strike; picket,strike_out_of_scope
2,12/12/2021,Erie,PA,strike; picket,strike_out_of_scope
2,12/12/2021,Lancaster,PA,strike; picket,strike_out_of_scope
2,12/12/2021,Memphis,TN,strike; picket,strike_out_of_scope
2,12/12/2021,San Antonio,TX,strike; picket,strike_out_of_scope
2,12/12/2021,Renton,WA,strike; picket,strike_out_of_scope
2,12/12/2021,Renton,WA,strike; picket,strike_out_of_scope
2,12/12/2021,Seattle,WA,strike; picket,strike_out_of_scope
2,12/12/2021,Huntington,WV,strike; picket,strike_out_of_scope
2,12/13/2021,Brookwood,AL,strike; picket,strike_out_of_scope
2,12/13/2021,Anaheim,CA,strike; picket,strike_out_of_scope
2,12/13/2021,Huntington Beach,CA,strike; picket,strike_out_of_scope
2,12/13/2021,Oakland,CA,strike; picket,strike_out_of_scope
2,12/13/2021,Redwood City,CA,strike; picket,strike_out_of_scope
2,12/13/2021,Richmond,CA,strike; picket,strike_out_of_scope
2,12/13/2021,San Francisco,CA,strike; picket,strike_out_of_scope
2,12/13/2021,Santa Fe Springs,CA,strike; picket,strike_out_of_scope
2,12/13/2021,Santa Rosa,CA,strike; picket,strike_out_of_scope
2,12/13/2021,Worcester,MA,strike; picket,strike_out_of_scope
2,12/13/2021,Battle Creek,MI,strike; picket,strike_out_of_scope
2,12/13/2021,Omaha,NE,strike; picket,strike_out_of_scope
2,12/13/2021,New York,NY,strike; picket; rally,strike_out_of_scope
2,12/13/2021,New York,NY,strike; picket,strike_out_of_scope
2,12/13/2021,Bethlehem,PA,strike; picket,strike_out_of_scope
2,12/13/2021,Erie,PA,strike; picket,strike_out_of_scope
2,12/13/2021,Lancaster,PA,strike; picket,strike_out_of_scope
2,12/13/2021,Memphis,TN,strike; picket,strike_out_of_scope
2,12/13/2021,San Antonio,TX,strike; picket,strike_out_of_scope
2,12/13/2021,Renton,WA,strike; picket,strike_out_of_scope
2,12/13/2021,Renton,WA,strike; picket,strike_out_of_scope
2,12/13/2021,Seattle,WA,strike; picket,strike_out_of_scope
2,12/13/2021,Huntington,WV,strike; picket,strike_out_of_scope
2,12/14/2021,Brookwood,AL,strike; picket,strike_out_of_scope
2,12/14/2021,Anaheim,CA,strike; picket,strike_out_of_scope
2,12/14/2021,Huntington Beach,CA,strike; picket,strike_out_of_scope
2,12/14/2021,Oakland,CA,strike; picket,strike_out_of_scope
2,12/14/2021,Redwood City,CA,strike; picket,strike_out_of_scope
2,12/14/2021,Richmond,CA,strike; picket,strike_out_of_scope
2,12/14/2021,San Francisco,CA,strike; picket,strike_out_of_scope
2,12/14/2021,Santa Fe Springs,CA,strike; picket,strike_out_of_scope
2,12/14/2021,Santa Rosa,CA,strike; picket,strike_out_of_scope
2,12/14/2021,Worcester,MA,strike; picket,strike_out_of_scope
2,12/14/2021,Battle Creek,MI,strike; picket,strike_out_of_scope
2,12/14/2021,Omaha,NE,strike; picket,strike_out_of_scope
2,12/14/2021,New York,NY,strike; picket,strike_out_of_scope
2,12/14/2021,New York,NY,strike; picket,strike_out_of_scope
2,12/14/2021,Bethlehem,PA,strike; picket,strike_out_of_scope
2,12/14/2021,Erie,PA,strike; picket,strike_out_of_scope
2,12/14/2021,Lancaster,PA,strike; picket,strike_out_of_scope
2,12/14/2021,Memphis,TN,strike; picket,strike_out_of_scope
2,12/14/2021,San Antonio,TX,strike; picket,strike_out_of_scope
2,12/14/2021,Renton,WA,strike; picket,strike_out_of_scope
2,12/14/2021,Renton,WA,strike; picket,strike_out_of_scope
2,12/14/2021,Seattle,WA,strike; picket,strike_out_of_scope
2,12/14/2021,Huntington,WV,strike; picket,strike_out_of_scope
2,12/15/2021,Brookwood,AL,strike; picket,strike_out_of_scope
2,12/15/2021,Anaheim,CA,strike; picket,strike_out_of_scope
2,12/15/2021,Huntington Beach,CA,strike; picket,strike_out_of_scope
2,12/15/2021,Oakland,CA,strike; picket,strike_out_of_scope
2,12/15/2021,Redwood City,CA,strike; picket,strike_out_of_scope
2,12/15/2021,Richmond,CA,strike; picket,strike_out_of_scope
2,12/15/2021,San Francisco,CA,strike; picket,strike_out_of_scope
2,12/15/2021,Santa Fe Springs,CA,strike; picket,strike_out_of_scope
2,12/15/2021,Santa Rosa,CA,strike; picket,strike_out_of_scope
2,12/15/2021,Worcester,MA,strike; picket,strike_out_of_scope
2,12/15/2021,Battle Creek,MI,strike; picket,strike_out_of_scope
2,12/15/2021,Omaha,NE,strike; picket,strike_out_of_scope
2,12/15/2021,New York,NY,strike; picket,strike_out_of_scope
2,12/15/2021,New York,NY,strike; picket,strike_out_of_scope
2,12/15/2021,Bethlehem,PA,strike; picket,strike_out_of_scope
2,12/15/2021,Erie,PA,strike; picket,strike_out_of_scope
2,12/15/2021,Lancaster,PA,strike; picket,strike_out_of_scope
2,12/15/2021,Memphis,TN,strike; picket,strike_out_of_scope
2,12/15/2021,San Antonio,TX,strike; picket,strike_out_of_scope
2,12/15/2021,Renton,WA,strike; picket,strike_out_of_scope
2,12/15/2021,Renton,WA,strike; picket,strike_out_of_scope
2,12/15/2021,Seattle,WA,strike; picket,strike_out_of_scope
2,12/15/2021,Huntington,WV,strike; picket,strike_out_of_scope
2,12/16/2021,Brookwood,AL,strike; picket,strike_out_of_scope
2,12/16/2021,Anaheim,CA,strike; picket,strike_out_of_scope
2,12/16/2021,Huntington Beach,CA,strike; picket,strike_out_of_scope
2,12/16/2021,Oakland,CA,strike; picket,strike_out_of_scope
2,12/16/2021,Redwood City,CA,strike; picket,strike_out_of_scope
2,12/16/2021,Richmond,CA,strike; picket,strike_out_of_scope
2,12/16/2021,San Francisco,CA,strike; picket,strike_out_of_scope
2,12/16/2021,Santa Fe Springs,CA,strike; picket,strike_out_of_scope
2,12/16/2021,Santa Rosa,CA,strike; picket,strike_out_of_scope
2,12/16/2021,Worcester,MA,strike; picket,strike_out_of_scope
2,12/16/2021,Battle Creek,MI,strike; picket,strike_out_of_scope
2,12/16/2021,Omaha,NE,strike; picket,strike_out_of_scope
2,12/16/2021,New York,NY,strike; picket,strike_out_of_scope
2,12/16/2021,New York,NY,strike; picket,strike_out_of_scope
2,12/16/2021,Bethlehem,PA,strike; picket,strike_out_of_scope
2,12/16/2021,Erie,PA,strike; picket,strike_out_of_scope
2,12/16/2021,Lancaster,PA,strike; picket,strike_out_of_scope
2,12/16/2021,Memphis,TN,strike; picket,strike_out_of_scope
2,12/16/2021,San Antonio,TX,strike; picket,strike_out_of_scope
2,12/16/2021,Renton,WA,strike; picket,strike_out_of_scope
2,12/16/2021,Renton,WA,strike; picket,strike_out_of_scope
2,12/16/2021,Seattle,WA,strike; picket,strike_out_of_scope
2,12/16/2021,Huntington,WV,strike; picket,strike_out_of_scope
2,12/17/2021,Brookwood,AL,strike; picket,strike_out_of_scope
2,12/17/2021,Chula Vista,CA,strike; picket,strike_out_of_scope
2,12/17/2021,Oakland,CA,strike; picket,strike_out_of_scope
2,12/17/2021,Redwood City,CA,strike; picket,strike_out_of_scope
2,12/17/2021,Richmond,CA,strike; picket,strike_out_of_scope
2,12/17/2021,San Diego,CA,strike; picket,strike_out_of_scope
2,12/17/2021,San Diego,CA,strike; picket,strike_out_of_scope
2,12/17/2021,San Diego,CA,strike; picket,strike_out_of_scope
2,12/17/2021,San Francisco,CA,strike; picket,strike_out_of_scope
2,12/17/2021,Santa Fe Springs,CA,strike; picket,strike_out_of_scope
2,12/17/2021,Santa Rosa,CA,strike; picket,strike_out_of_scope
2,12/17/2021,Worcester,MA,strike; picket,strike_out_of_scope
2,12/17/2021,Battle Creek,MI,strike; picket,strike_out_of_scope
2,12/17/2021,Minneapolis,MN,demonstration; hunger strike,strike_out_of_scope
2,12/17/2021,Omaha,NE,strike; picket,strike_out_of_scope
2,12/17/2021,New York,NY,strike; picket,strike_out_of_scope
2,12/17/2021,New York,NY,strike; picket,strike_out_of_scope
2,12/17/2021,Bend,OR,strike; picket,strike_out_of_scope
2,12/17/2021,Klamath Falls,OR,strike; picket,strike_out_of_scope
2,12/17/2021,Newberg,OR,strike; picket,strike_out_of_scope
2,12/17/2021,Portland,OR,strike; picket,strike_out_of_scope
2,12/17/2021,Bethlehem,PA,strike; picket,strike_out_of_scope
2,12/17/2021,Erie,PA,strike; picket,strike_out_of_scope
2,12/17/2021,Lancaster,PA,strike; picket,strike_out_of_scope
2,12/17/2021,Memphis,TN,strike; picket,strike_out_of_scope
2,12/17/2021,San Antonio,TX,strike; picket,strike_out_of_scope
2,12/17/2021,Renton,WA,strike; picket,strike_out_of_scope
2,12/17/2021,Renton,WA,strike; picket,strike_out_of_scope
2,12/17/2021,Seattle,WA,strike; picket,strike_out_of_scope
2,12/17/2021,Huntington,WV,strike; picket,strike_out_of_scope
2,12/18/2021,Brookwood,AL,strike; picket,strike_out_of_scope
2,12/18/2021,Chula Vista,CA,strike; picket,strike_out_of_scope
2,12/18/2021,Oakland,CA,strike; picket,strike_out_of_scope
2,12/18/2021,Redwood City,CA,strike; picket,strike_out_of_scope
2,12/18/2021,Richmond,CA,strike; picket,strike_out_of_scope
2,12/18/2021,San Diego,CA,strike; picket,strike_out_of_scope
2,12/18/2021,San Diego,CA,strike; picket,strike_out_of_scope
2,12/18/2021,San Diego,CA,strike; picket,strike_out_of_scope
2,12/18/2021,San Francisco,CA,strike; picket,strike_out_of_scope
2,12/18/2021,Santa Fe Springs,CA,strike; picket,strike_out_of_scope
2,12/18/2021,Santa Rosa,CA,strike; picket,strike_out_of_scope
2,12/18/2021,Worcester,MA,strike; picket,strike_out_of_scope
2,12/18/2021,Battle Creek,MI,strike; picket,strike_out_of_scope
2,12/18/2021,Omaha,NE,strike; picket,strike_out_of_scope
2,12/18/2021,New York,NY,strike; picket,strike_out_of_scope
2,12/18/2021,Bethlehem,PA,strike; picket,strike_out_of_scope
2,12/18/2021,Erie,PA,strike; picket,strike_out_of_scope
2,12/18/2021,Lancaster,PA,strike; picket,strike_out_of_scope
2,12/18/2021,Memphis,TN,strike; picket,strike_out_of_scope
2,12/18/2021,San Antonio,TX,strike; picket,strike_out_of_scope
2,12/18/2021,Renton,WA,strike; picket,strike_out_of_scope
2,12/18/2021,Renton,WA,strike; picket,strike_out_of_scope
2,12/18/2021,Seattle,WA,strike; picket,strike_out_of_scope
2,12/18/2021,Huntington,WV,strike; picket,strike_out_of_scope
2,12/19/2021,Brookwood,AL,strike; picket,strike_out_of_scope
2,12/19/2021,Chula Vista,CA,strike; picket,strike_out_of_scope
2,12/19/2021,Oakland,CA,strike; picket,strike_out_of_scope
2,12/19/2021,Redwood City,CA,strike; picket,strike_out_of_scope
2,12/19/2021,Richmond,CA,strike; picket,strike_out_of_scope
2,12/19/2021,San Diego,CA,strike; picket,strike_out_of_scope
2,12/19/2021,San Diego,CA,strike; picket,strike_out_of_scope
2,12/19/2021,San Diego,CA,strike; picket,strike_out_of_scope
2,12/19/2021,San Francisco,CA,strike; picket,strike_out_of_scope
2,12/19/2021,Santa Fe Springs,CA,strike; picket,strike_out_of_scope
2,12/19/2021,Santa Rosa,CA,strike; picket,strike_out_of_scope
2,12/19/2021,Worcester,MA,strike; picket,strike_out_of_scope
2,12/19/2021,Battle Creek,MI,strike; picket,strike_out_of_scope
2,12/19/2021,Omaha,NE,strike; picket,strike_out_of_scope
2,12/19/2021,New York,NY,strike; picket,strike_out_of_scope
2,12/19/2021,Bethlehem,PA,strike; picket,strike_out_of_scope
2,12/19/2021,Erie,PA,strike; picket,strike_out_of_scope
2,12/19/2021,Lancaster,PA,strike; picket,strike_out_of_scope
2,12/19/2021,Memphis,TN,strike; picket,strike_out_of_scope
2,12/19/2021,San Antonio,TX,strike; picket,strike_out_of_scope
2,12/19/2021,Renton,WA,strike; picket,strike_out_of_scope
2,12/19/2021,Renton,WA,strike; picket,strike_out_of_scope
2,12/19/2021,Seattle,WA,strike; picket,strike_out_of_scope
2,12/19/2021,Huntington,WV,strike; picket,strike_out_of_scope
2,12/20/2021,Brookwood,AL,strike; picket,strike_out_of_scope
2,12/20/2021,Chula Vista,CA,strike; picket,strike_out_of_scope
2,12/20/2021,San Diego,CA,strike; picket,strike_out_of_scope
2,12/20/2021,San Diego,CA,strike; picket,strike_out_of_scope
2,12/20/2021,San Diego,CA,strike; picket,strike_out_of_scope
2,12/20/2021,Santa Fe Springs,CA,strike; picket,strike_out_of_scope
2,12/20/2021,Worcester,MA,strike; picket,strike_out_of_scope
2,12/20/2021,Battle Creek,MI,strike; picket,strike_out_of_scope
2,12/20/2021,Omaha,NE,strike; picket,strike_out_of_scope
2,12/20/2021,Lawrenceville,NJ,strike; picket,strike_out_of_scope
2,12/20/2021,New York,NY,strike; banner drop,strike_out_of_scope
2,12/20/2021,New York,NY,strike; virtual picket,strike_out_of_scope
2,12/20/2021,New York,NY,strike; picket,strike_out_of_scope
2,12/20/2021,Bethlehem,PA,strike; picket,strike_out_of_scope
2,12/20/2021,Lancaster,PA,strike; picket,strike_out_of_scope
2,12/20/2021,Memphis,TN,strike; picket,strike_out_of_scope
2,12/20/2021,San Antonio,TX,strike; picket,strike_out_of_scope
2,12/20/2021,Renton,WA,strike; picket,strike_out_of_scope
2,12/20/2021,Renton,WA,strike; picket,strike_out_of_scope
2,12/20/2021,Seattle,WA,strike; picket,strike_out_of_scope
2,12/20/2021,Huntington,WV,strike; picket,strike_out_of_scope
2,12/21/2021,Brookwood,AL,strike; picket,strike_out_of_scope
2,12/21/2021,Chula Vista,CA,strike; picket,strike_out_of_scope
2,12/21/2021,San Diego,CA,strike; picket,strike_out_of_scope
2,12/21/2021,San Diego,CA,strike; picket,strike_out_of_scope
2,12/21/2021,San Diego,CA,strike; picket,strike_out_of_scope
2,12/21/2021,Santa Fe Springs,CA,strike; picket,strike_out_of_scope
2,12/21/2021,Battle Creek,MI,strike; picket,strike_out_of_scope
2,12/21/2021,Lawrenceville,NJ,strike; picket,strike_out_of_scope
2,12/21/2021,New York,NY,strike; virtual picket,strike_out_of_scope
2,12/21/2021,New York,NY,strike; picket,strike_out_of_scope
2,12/21/2021,Bethlehem,PA,strike; picket,strike_out_of_scope
2,12/21/2021,Lancaster,PA,strike; picket,strike_out_of_scope
2,12/21/2021,Memphis,TN,strike; picket,strike_out_of_scope
2,12/21/2021,San Antonio,TX,strike; picket,strike_out_of_scope
2,12/21/2021,Renton,WA,strike; picket,strike_out_of_scope
2,12/21/2021,Renton,WA,strike; picket,strike_out_of_scope
2,12/21/2021,Seattle,WA,strike; picket,strike_out_of_scope
2,12/21/2021,Huntington,WV,strike; picket,strike_out_of_scope
2,12/22/2021,Brookwood,AL,strike; picket,strike_out_of_scope
2,12/22/2021,Chula Vista,CA,strike; picket,strike_out_of_scope
2,12/22/2021,San Diego,CA,strike; picket,strike_out_of_scope
2,12/22/2021,San Diego,CA,strike; picket,strike_out_of_scope
2,12/22/2021,San Diego,CA,strike; picket,strike_out_of_scope
2,12/22/2021,Santa Fe Springs,CA,strike; picket,strike_out_of_scope
2,12/22/2021,Cicero,IL,walkout,walkout_labor_precutoff
2,12/22/2021,Worcester,MA,strike; picket,strike_out_of_scope
2,12/22/2021,Lawrenceville,NJ,strike; picket,strike_out_of_scope
2,12/22/2021,New York,NY,walkout,walkout_labor_precutoff
2,12/22/2021,New York,NY,strike; virtual picket,strike_out_of_scope
2,12/22/2021,New York,NY,strike; picket,strike_out_of_scope
2,12/22/2021,Bethlehem,PA,strike; picket,strike_out_of_scope
2,12/22/2021,San Antonio,TX,strike; picket,strike_out_of_scope
2,12/22/2021,Renton,WA,strike; picket,strike_out_of_scope
2,12/22/2021,Renton,WA,strike; picket,strike_out_of_scope
2,12/22/2021,Seattle,WA,strike; picket,strike_out_of_scope
2,12/22/2021,Huntington,WV,strike; picket,strike_out_of_scope
2,12/23/2021,Brookwood,AL,strike; picket,strike_out_of_scope
2,12/23/2021,Chula Vista,CA,strike; picket,strike_out_of_scope
2,12/23/2021,San Diego,CA,strike; picket,strike_out_of_scope
2,12/23/2021,San Diego,CA,strike; picket,strike_out_of_scope
2,12/23/2021,San Diego,CA,strike; picket,strike_out_of_scope
2,12/23/2021,Santa Fe Springs,CA,strike; picket,strike_out_of_scope
2,12/23/2021,Worcester,MA,strike; picket,strike_out_of_scope
2,12/23/2021,Lawrenceville,NJ,strike; picket,strike_out_of_scope
2,12/23/2021,New York,NY,strike; virtual picket,strike_out_of_scope
2,12/23/2021,New York,NY,strike; picket,strike_out_of_scope
2,12/23/2021,Bethlehem,PA,strike; picket,strike_out_of_scope
2,12/23/2021,San Antonio,TX,strike; picket,strike_out_of_scope
2,12/23/2021,Renton,WA,strike; picket,strike_out_of_scope
2,12/23/2021,Renton,WA,strike; picket,strike_out_of_scope
2,12/23/2021,Seattle,WA,strike; picket,strike_out_of_scope
2,12/23/2021,Huntington,WV,strike,strike_out_of_scope
2,12/24/2021,Brookwood,AL,strike; picket,strike_out_of_scope
2,12/24/2021,Chula Vista,CA,strike; picket,strike_out_of_scope
2,12/24/2021,San Diego,CA,strike; picket,strike_out_of_scope
2,12/24/2021,San Diego,CA,strike; picket,strike_out_of_scope
2,12/24/2021,San Diego,CA,strike; picket,strike_out_of_scope
2,12/24/2021,Santa Fe Springs,CA,strike; picket,strike_out_of_scope
2,12/24/2021,Worcester,MA,strike; picket,strike_out_of_scope
2,12/24/2021,Lawrenceville,NJ,strike; picket,strike_out_of_scope
2,12/24/2021,New York,NY,strike; virtual picket; virtual rally,strike_out_of_scope
2,12/24/2021,New York,NY,strike; picket,strike_out_of_scope
2,12/24/2021,Bethlehem,PA,strike; picket,strike_out_of_scope
2,12/24/2021,San Antonio,TX,strike; picket,strike_out_of_scope
2,12/24/2021,Renton,WA,strike; picket,strike_out_of_scope
2,12/24/2021,Renton,WA,strike; picket,strike_out_of_scope
2,12/24/2021,Seattle,WA,strike; picket,strike_out_of_scope
2,12/24/2021,Huntington,WV,strike,strike_out_of_scope
2,12/25/2021,Brookwood,AL,strike; picket,strike_out_of_scope
2,12/25/2021,Chula Vista,CA,strike; picket,strike_out_of_scope
2,12/25/2021,San Diego,CA,strike; picket,strike_out_of_scope
2,12/25/2021,San Diego,CA,strike; picket,strike_out_of_scope
2,12/25/2021,San Diego,CA,strike; picket,strike_out_of_scope
2,12/25/2021,Santa Fe Springs,CA,strike; picket,strike_out_of_scope
2,12/25/2021,Worcester,MA,strike; picket,strike_out_of_scope
2,12/25/2021,Lawrenceville,NJ,strike; picket,strike_out_of_scope
2,12/25/2021,New York,NY,strike; picket,strike_out_of_scope
2,12/25/2021,Bethlehem,PA,strike; picket,strike_out_of_scope
2,12/25/2021,San Antonio,TX,strike; picket,strike_out_of_scope
2,12/25/2021,Renton,WA,strike; picket,strike_out_of_scope
2,12/25/2021,Renton,WA,strike; picket,strike_out_of_scope
2,12/25/2021,Seattle,WA,strike; picket,strike_out_of_scope
2,12/25/2021,Huntington,WV,strike,strike_out_of_scope
2,12/26/2021,Brookwood,AL,strike; picket,strike_out_of_scope
2,12/26/2021,Chula Vista,CA,strike; picket; rally,strike_out_of_scope
2,12/26/2021,San Diego,CA,strike; picket,strike_out_of_scope
2,12/26/2021,San Diego,CA,strike; picket,strike_out_of_scope
2,12/26/2021,San Diego,CA,strike; picket,strike_out_of_scope
2,12/26/2021,Santa Fe Springs,CA,strike; picket,strike_out_of_scope
2,12/26/2021,Worcester,MA,strike; picket,strike_out_of_scope
2,12/26/2021,Lawrenceville,NJ,strike; picket,strike_out_of_scope
2,12/26/2021,New York,NY,strike; picket,strike_out_of_scope
2,12/26/2021,Bethlehem,PA,strike; picket,strike_out_of_scope
2,12/26/2021,San Antonio,TX,strike; picket,strike_out_of_scope
2,12/26/2021,Renton,WA,strike; picket,strike_out_of_scope
2,12/26/2021,Renton,WA,strike; picket,strike_out_of_scope
2,12/26/2021,Seattle,WA,strike; picket,strike_out_of_scope
2,12/26/2021,Huntington,WV,strike,strike_out_of_scope
2,12/27/2021,Brookwood,AL,strike; picket,strike_out_of_scope
2,12/27/2021,Chula Vista,CA,strike; picket,strike_out_of_scope
2,12/27/2021,San Diego,CA,strike; picket,strike_out_of_scope
2,12/27/2021,San Diego,CA,strike; picket,strike_out_of_scope
2,12/27/2021,Santa Fe Springs,CA,strike; picket,strike_out_of_scope
2,12/27/2021,Worcester,MA,strike; picket,strike_out_of_scope
2,12/27/2021,Lawrenceville,NJ,strike; picket,strike_out_of_scope
2,12/27/2021,New York,NY,strike; virtual picket,strike_out_of_scope
2,12/27/2021,New York,NY,strike; picket,strike_out_of_scope
2,12/27/2021,Bethlehem,PA,strike; picket,strike_out_of_scope
2,12/27/2021,San Antonio,TX,strike; picket,strike_out_of_scope
2,12/27/2021,Renton,WA,strike; picket,strike_out_of_scope
2,12/27/2021,Renton,WA,strike; picket,strike_out_of_scope
2,12/27/2021,Seattle,WA,strike; picket,strike_out_of_scope
2,12/27/2021,Huntington,WV,strike; picket,strike_out_of_scope
2,12/28/2021,Brookwood,AL,strike; picket,strike_out_of_scope
2,12/28/2021,Chula Vista,CA,strike; picket,strike_out_of_scope
2,12/28/2021,San Diego,CA,strike; picket,strike_out_of_scope
2,12/28/2021,San Diego,CA,strike; picket,strike_out_of_scope
2,12/28/2021,San Diego,CA,strike; picket,strike_out_of_scope
2,12/28/2021,Santa Fe Springs,CA,strike; picket,strike_out_of_scope
2,12/28/2021,Worcester,MA,strike; picket,strike_out_of_scope
2,12/28/2021,Lawrenceville,NJ,strike; picket,strike_out_of_scope
2,12/28/2021,New York,NY,strike; virtual picket,strike_out_of_scope
2,12/28/2021,New York,NY,strike; picket,strike_out_of_scope
2,12/28/2021,Bethlehem,PA,strike; picket,strike_out_of_scope
2,12/28/2021,San Antonio,TX,strike; picket,strike_out_of_scope
2,12/28/2021,Renton,WA,strike; picket,strike_out_of_scope
2,12/28/2021,Renton,WA,strike; picket,strike_out_of_scope
2,12/28/2021,Seattle,WA,strike; picket,strike_out_of_scope
2,12/28/2021,Huntington,WV,strike; picket,strike_out_of_scope
2,12/29/2021,Brookwood,AL,strike; picket,strike_out_of_scope
2,12/29/2021,Chula Vista,CA,strike; picket,strike_out_of_scope
2,12/29/2021,San Diego,CA,strike; picket,strike_out_of_scope
2,12/29/2021,San Diego,CA,strike; picket,strike_out_of_scope
2,12/29/2021,San Diego,CA,strike; picket,strike_out_of_scope
2,12/29/2021,Santa Fe Springs,CA,strike; picket,strike_out_of_scope
2,12/29/2021,Worcester,MA,strike; picket,strike_out_of_scope
2,12/29/2021,Lawrenceville,NJ,strike; picket,strike_out_of_scope
2,12/29/2021,New York,NY,strike; virtual picket,strike_out_of_scope
2,12/29/2021,New York,NY,strike; picket,strike_out_of_scope
2,12/29/2021,Bethlehem,PA,strike; picket,strike_out_of_scope
2,12/29/2021,San Antonio,TX,strike; picket,strike_out_of_scope
2,12/29/2021,Renton,WA,strike; picket,strike_out_of_scope
2,12/29/2021,Renton,WA,strike; picket,strike_out_of_scope
2,12/29/2021,Seattle,WA,strike; picket,strike_out_of_scope
2,12/29/2021,Huntington,WV,strike; picket,strike_out_of_scope
2,12/30/2021,Brookwood,AL,strike; picket,strike_out_of_scope
2,12/30/2021,Chula Vista,CA,strike; picket,strike_out_of_scope
2,12/30/2021,San Diego,CA,strike; picket,strike_out_of_scope
2,12/30/2021,San Diego,CA,strike; picket,strike_out_of_scope
2,12/30/2021,San Diego,CA,strike; picket,strike_out_of_scope
2,12/30/2021,Santa Fe Springs,CA,strike; picket,strike_out_of_scope
2,12/30/2021,Worcester,MA,strike; picket,strike_out_of_scope
2,12/30/2021,Lawrenceville,NJ,strike; picket,strike_out_of_scope
2,12/30/2021,New York,NY,strike; virtual picket,strike_out_of_scope
2,12/30/2021,New York,NY,strike; picket,strike_out_of_scope
2,12/30/2021,Bethlehem,PA,strike; picket,strike_out_of_scope
2,12/30/2021,San Antonio,TX,strike; picket,strike_out_of_scope
2,12/30/2021,Renton,WA,strike; picket,strike_out_of_scope
2,12/30/2021,Renton,WA,strike; picket,strike_out_of_scope
2,12/30/2021,Seattle,WA,strike; picket,strike_out_of_scope
2,12/30/2021,Huntington,WV,strike; picket,strike_out_of_scope
2,12/31/2021,Brookwood,AL,strike; picket,strike_out_of_scope
2,12/31/2021,Chula Vista,CA,strike; picket,strike_out_of_scope
2,12/31/2021,San Diego,CA,strike; picket,strike_out_of_scope
2,12/31/2021,San Diego,CA,strike; picket,strike_out_of_scope
2,12/31/2021,San Diego,CA,strike; picket,strike_out_of_scope
2,12/31/2021,Santa Fe Springs,CA,strike; picket,strike_out_of_scope
2,12/31/2021,Worcester,MA,strike; picket,strike_out_of_scope
2,12/31/2021,Lawrenceville,NJ,strike; picket,strike_out_of_scope
2,12/31/2021,New York,NY,strike; picket,strike_out_of_scope
2,12/31/2021,Bethlehem,PA,strike; picket,strike_out_of_scope
2,12/31/2021,San Antonio,TX,strike; picket,strike_out_of_scope
2,12/31/2021,Renton,WA,strike; picket,strike_out_of_scope
2,12/31/2021,Renton,WA,strike; picket,strike_out_of_scope
2,12/31/2021,Seattle,WA,strike; picket,strike_out_of_scope
2,12/31/2021,Huntington,WV,strike; picket,strike_out_of_scope
2,1/1/2022,Brookwood,AL,strike; picket,strike_out_of_scope
2,1/1/2022,Chula Vista,CA,strike,strike_out_of_scope
2,1/1/2022,San Diego,CA,strike,strike_out_of_scope
2,1/1/2022,San Diego,CA,strike,strike_out_of_scope
2,1/1/2022,San Diego,CA,strike,strike_out_of_scope
2,1/1/2022,Santa Fe Springs,CA,strike; picket,strike_out_of_scope
2,1/1/2022,Worcester,MA,strike; picket,strike_out_of_scope
2,1/1/2022,Lawrenceville,NJ,strike; picket,strike_out_of_scope
2,1/1/2022,New York,NY,strike; picket,strike_out_of_scope
2,1/1/2022,Bethlehem,PA,strike; picket,strike_out_of_scope
2,1/1/2022,San Antonio,TX,strike; picket,strike_out_of_scope
2,1/1/2022,Renton,WA,strike; picket,strike_out_of_scope
2,1/1/2022,Renton,WA,strike; picket,strike_out_of_scope
2,1/1/2022,Seattle,WA,strike; picket,strike_out_of_scope
2,1/1/2022,Huntington,WV,strike; picket,strike_out_of_scope
2,1/2/2022,Brookwood,AL,strike; picket,strike_out_of_scope
2,1/2/2022,Chula Vista,CA,strike; picket,strike_out_of_scope
2,1/2/2022,San Diego,CA,strike; picket,strike_out_of_scope
2,1/2/2022,San Diego,CA,strike; picket,strike_out_of_scope
2,1/2/2022,San Diego,CA,strike; picket,strike_out_of_scope
2,1/2/2022,Santa Fe Springs,CA,strike; picket,strike_out_of_scope
2,1/2/2022,Worcester,MA,strike; picket,strike_out_of_scope
2,1/2/2022,Lawrenceville,NJ,strike; picket,strike_out_of_scope
2,1/2/2022,New York,NY,strike; picket,strike_out_of_scope
2,1/2/2022,Bethlehem,PA,strike; picket,strike_out_of_scope
2,1/2/2022,San Antonio,TX,strike; picket,strike_out_of_scope
2,1/2/2022,Renton,WA,strike; picket,strike_out_of_scope
2,1/2/2022,Renton,WA,strike; picket,strike_out_of_scope
2,1/2/2022,Seattle,WA,strike; picket,strike_out_of_scope
2,1/2/2022,Huntington,WV,strike; picket,strike_out_of_scope
2,1/3/2022,Brookwood,AL,strike; picket,strike_out_of_scope
2,1/3/2022,Chula Vista,CA,strike; picket,strike_out_of_scope
2,1/3/2022,San Diego,CA,strike; picket,strike_out_of_scope
2,1/3/2022,San Diego,CA,strike; picket,strike_out_of_scope
2,1/3/2022,San Diego,CA,strike; picket,strike_out_of_scope
2,1/3/2022,Santa Fe Springs,CA,strike; picket,strike_out_of_scope
2,1/3/2022,Worcester,MA,strike; picket,strike_out_of_scope
2,1/3/2022,Lawrenceville,NJ,strike; picket,strike_out_of_scope
2,1/3/2022,New York,NY,strike; picket,strike_out_of_scope
2,1/3/2022,Bethlehem,PA,strike; picket,strike_out_of_scope
2,1/3/2022,San Antonio,TX,strike; picket,strike_out_of_scope
2,1/3/2022,Renton,WA,strike; picket,strike_out_of_scope
2,1/3/2022,Renton,WA,strike; picket,strike_out_of_scope
2,1/3/2022,Seattle,WA,strike; picket,strike_out_of_scope
2,1/3/2022,Huntington,WV,strike; picket,strike_out_of_scope
2,1/4/2022,Brookwood,AL,strike; picket,strike_out_of_scope
2,1/4/2022,Chula Vista,CA,strike; picket,strike_out_of_scope
2,1/4/2022,San Diego,CA,strike; picket,strike_out_of_scope
2,1/4/2022,San Diego,CA,strike; picket,strike_out_of_scope
2,1/4/2022,San Diego,CA,strike; picket,strike_out_of_scope
2,1/4/2022,Santa Fe Springs,CA,strike; picket,strike_out_of_scope
2,1/4/2022,Lawrenceville,NJ,strike; picket,strike_out_of_scope
2,1/4/2022,New York,NY,strike; virtual picket,strike_out_of_scope
2,1/4/2022,New York,NY,strike; picket,strike_out_of_scope
2,1/4/2022,Bethlehem,PA,strike; picket,strike_out_of_scope
2,1/4/2022,San Antonio,TX,strike; picket,strike_out_of_scope
2,1/4/2022,Renton,WA,strike; picket,strike_out_of_scope
2,1/4/2022,Renton,WA,strike; picket,strike_out_of_scope
2,1/4/2022,Seattle,WA,strike; picket,strike_out_of_scope
2,1/4/2022,Huntington,WV,strike; picket,strike_out_of_scope
2,1/5/2022,Brookwood,AL,strike; picket,strike_out_of_scope
2,1/5/2022,Chula Vista,CA,strike; picket,strike_out_of_scope
2,1/5/2022,San Diego,CA,strike; picket,strike_out_of_scope
2,1/5/2022,San Diego,CA,strike; picket,strike_out_of_scope
2,1/5/2022,San Diego,CA,strike; picket,strike_out_of_scope
2,1/5/2022,Santa Fe Springs,CA,strike; picket,strike_out_of_scope
2,1/5/2022,Lawrenceville,NJ,strike; picket,strike_out_of_scope
2,1/5/2022,New York,NY,strike; virtual picket,strike_out_of_scope
2,1/5/2022,New York,NY,strike; picket,strike_out_of_scope
2,1/5/2022,Bethlehem,PA,strike; picket,strike_out_of_scope
2,1/5/2022,San Antonio,TX,strike; picket,strike_out_of_scope
2,1/5/2022,Renton,WA,strike; picket,strike_out_of_scope
2,1/5/2022,Renton,WA,strike; picket,strike_out_of_scope
2,1/5/2022,Seattle,WA,strike; picket,strike_out_of_scope
2,1/5/2022,Huntington,WV,strike; picket,strike_out_of_scope
2,1/6/2022,Brookwood,AL,strike; picket,strike_out_of_scope
2,1/6/2022,Chula Vista,CA,strike; picket,strike_out_of_scope
2,1/6/2022,San Diego,CA,strike; picket,strike_out_of_scope
2,1/6/2022,San Diego,CA,strike; picket,strike_out_of_scope
2,1/6/2022,San Diego,CA,strike; picket,strike_out_of_scope
2,1/6/2022,Santa Fe Springs,CA,strike; picket,strike_out_of_scope
2,1/6/2022,Washington,DC,hunger strike,strike_out_of_scope
2,1/6/2022,Lawrenceville,NJ,strike; picket,strike_out_of_scope
2,1/6/2022,New York,NY,strike; picket,strike_out_of_scope
2,1/6/2022,Bethlehem,PA,strike; picket,strike_out_of_scope
2,1/6/2022,San Antonio,TX,strike; picket,strike_out_of_scope
2,1/6/2022,Renton,WA,strike; picket,strike_out_of_scope
2,1/6/2022,Renton,WA,strike; picket,strike_out_of_scope
2,1/6/2022,Seattle,WA,strike; picket,strike_out_of_scope
2,1/6/2022,Huntington,WV,strike; picket,strike_out_of_scope
2,1/7/2022,Brookwood,AL,strike; picket,strike_out_of_scope
2,1/7/2022,Chula Vista,CA,strike; picket,strike_out_of_scope
2,1/7/2022,San Diego,CA,strike; picket,strike_out_of_scope
2,1/7/2022,San Diego,CA,strike; picket,strike_out_of_scope
2,1/7/2022,San Diego,CA,strike; picket,strike_out_of_scope
2,1/7/2022,Santa Fe Springs,CA,strike; picket,strike_out_of_scope
2,1/7/2022,Washington,DC,hunger strike,strike_out_of_scope
2,1/7/2022,Lawrenceville,NJ,strike; picket,strike_out_of_scope
2,1/7/2022,New York,NY,strike; picket,strike_out_of_scope
2,1/7/2022,Bethlehem,PA,strike; picket,strike_out_of_scope
2,1/7/2022,San Antonio,TX,strike; picket,strike_out_of_scope
2,1/7/2022,Renton,WA,strike; picket,strike_out_of_scope
2,1/7/2022,Renton,WA,strike; picket,strike_out_of_scope
2,1/7/2022,Seattle,WA,strike; picket,strike_out_of_scope
2,1/7/2022,Huntington,WV,strike; picket,strike_out_of_scope
2,1/8/2022,Brookwood,AL,strike; picket,strike_out_of_scope
2,1/8/2022,Chula Vista,CA,strike; picket,strike_out_of_scope
2,1/8/2022,Dublin,CA,hunger strike,strike_out_of_scope
2,1/8/2022,San Diego,CA,strike; picket,strike_out_of_scope
2,1/8/2022,San Diego,CA,strike; picket,strike_out_of_scope
2,1/8/2022,San Diego,CA,strike; picket,strike_out_of_scope
2,1/8/2022,Santa Fe Springs,CA,strike; picket,strike_out_of_scope
2,1/8/2022,Washington,DC,hunger strike,strike_out_of_scope
2,1/8/2022,Lawrenceville,NJ,strike; picket,strike_out_of_scope
2,1/8/2022,New York,NY,hunger strike,strike_out_of_scope
2,1/8/2022,New York,NY,strike; picket,strike_out_of_scope
2,1/8/2022,Bethlehem,PA,strike; picket,strike_out_of_scope
2,1/8/2022,San Antonio,TX,strike; picket,strike_out_of_scope
2,1/8/2022,Renton,WA,strike; picket,strike_out_of_scope
2,1/8/2022,Renton,WA,strike; picket,strike_out_of_scope
2,1/8/2022,Seattle,WA,strike; picket,strike_out_of_scope
2,1/8/2022,Huntington,WV,strike; picket,strike_out_of_scope
2,1/9/2022,Brookwood,AL,strike; picket,strike_out_of_scope
2,1/9/2022,Chula Vista,CA,strike; picket,strike_out_of_scope
2,1/9/2022,Dublin,CA,hunger strike,strike_out_of_scope
2,1/9/2022,San Diego,CA,strike; picket,strike_out_of_scope
2,1/9/2022,San Diego,CA,strike; picket,strike_out_of_scope
2,1/9/2022,San Diego,CA,strike; picket,strike_out_of_scope
2,1/9/2022,Santa Fe Springs,CA,strike; picket,strike_out_of_scope
2,1/9/2022,Washington,DC,hunger strike,strike_out_of_scope
2,1/9/2022,Carrboro,NC,strike; rally,strike_out_of_scope
2,1/9/2022,Lawrenceville,NJ,strike; picket,strike_out_of_scope
2,1/9/2022,New York,NY,hunger strike,strike_out_of_scope
2,1/9/2022,New York,NY,strike; picket,strike_out_of_scope
2,1/9/2022,Bethlehem,PA,strike; picket,strike_out_of_scope
2,1/9/2022,San Antonio,TX,strike; picket,strike_out_of_scope
2,1/9/2022,Renton,WA,strike; picket,strike_out_of_scope
2,1/9/2022,Renton,WA,strike; picket,strike_out_of_scope
2,1/9/2022,Seattle,WA,strike; picket,strike_out_of_scope
2,1/9/2022,Huntington,WV,strike; picket,strike_out_of_scope
2,1/10/2022,Brookwood,AL,strike; picket,strike_out_of_scope
2,1/10/2022,Chula Vista,CA,strike; picket,strike_out_of_scope
2,1/10/2022,Dublin,CA,hunger strike,strike_out_of_scope
2,1/10/2022,San Diego,CA,strike; picket,strike_out_of_scope
2,1/10/2022,San Diego,CA,strike; picket,strike_out_of_scope
2,1/10/2022,San Diego,CA,strike; picket,strike_out_of_scope
2,1/10/2022,Santa Fe Springs,CA,strike; picket,strike_out_of_scope
2,1/10/2022,Washington,DC,hunger strike,strike_out_of_scope
2,1/10/2022,Lawrenceville,NJ,strike; picket,strike_out_of_scope
2,1/10/2022,New York,NY,hunger strike,strike_out_of_scope
2,1/10/2022,New York,NY,strike; picket,strike_out_of_scope
2,1/10/2022,Bethlehem,PA,strike; picket,strike_out_of_scope
2,1/10/2022,San Antonio,TX,strike; picket,strike_out_of_scope
2,1/10/2022,Everett,WA,strike; picket,strike_out_of_scope
2,1/10/2022,Renton,WA,strike; picket,strike_out_of_scope
2,1/10/2022,Renton,WA,strike; picket,strike_out_of_scope
2,1/10/2022,Seattle,WA,strike; picket,strike_out_of_scope
2,1/10/2022,Huntington,WV,strike; picket,strike_out_of_scope
2,1/11/2022,Brookwood,AL,strike; picket,strike_out_of_scope
2,1/11/2022,Chula Vista,CA,strike; picket,strike_out_of_scope
2,1/11/2022,Dublin,CA,hunger strike,strike_out_of_scope
2,1/11/2022,San Diego,CA,strike; picket,strike_out_of_scope
2,1/11/2022,San Diego,CA,strike; picket,strike_out_of_scope
2,1/11/2022,San Diego,CA,strike; picket,strike_out_of_scope
2,1/11/2022,Santa Fe Springs,CA,strike; picket,strike_out_of_scope
2,1/11/2022,Washington,DC,hunger strike,strike_out_of_scope
2,1/11/2022,Lawrenceville,NJ,strike; picket,strike_out_of_scope
2,1/11/2022,New York,NY,hunger strike,strike_out_of_scope
2,1/11/2022,New York,NY,strike; picket,strike_out_of_scope
2,1/11/2022,Bethlehem,PA,strike; picket,strike_out_of_scope
2,1/11/2022,San Antonio,TX,strike; picket,strike_out_of_scope
2,1/11/2022,Renton,WA,strike; picket,strike_out_of_scope
2,1/11/2022,Renton,WA,strike; picket,strike_out_of_scope
2,1/11/2022,Seattle,WA,strike; picket,strike_out_of_scope
2,1/11/2022,Huntington,WV,strike; picket,strike_out_of_scope
2,1/12/2022,Brookwood,AL,strike; picket,strike_out_of_scope
2,1/12/2022,Chula Vista,CA,walkout,walkout_labor_precutoff
2,1/12/2022,Chula Vista,CA,strike; picket,strike_out_of_scope
2,1/12/2022,Dublin,CA,hunger strike,strike_out_of_scope
2,1/12/2022,Redondo Beach,CA,walkout,walkout_labor_precutoff
2,1/12/2022,San Diego,CA,strike; picket,strike_out_of_scope
2,1/12/2022,San Diego,CA,strike; picket,strike_out_of_scope
2,1/12/2022,San Diego,CA,strike; picket,strike_out_of_scope
2,1/12/2022,Santa Fe Springs,CA,strike; picket,strike_out_of_scope
2,1/12/2022,Arvada,CO,strike; picket,strike_out_of_scope
2,1/12/2022,Arvada,CO,strike; picket,strike_out_of_scope
2,1/12/2022,Arvada,CO,strike; picket,strike_out_of_scope
2,1/12/2022,Arvada,CO,strike; picket,strike_out_of_scope
2,1/12/2022,Arvada,CO,strike; picket,strike_out_of_scope
2,1/12/2022,Arvada,CO,strike; picket,strike_out_of_scope
2,1/12/2022,Arvada,CO,strike; picket,strike_out_of_scope
2,1/12/2022,Aurora,CO,strike; picket,strike_out_of_scope
2,1/12/2022,Aurora,CO,strike; picket,strike_out_of_scope
2,1/12/2022,Aurora,CO,strike; picket,strike_out_of_scope
2,1/12/2022,Aurora,CO,strike; picket,strike_out_of_scope
2,1/12/2022,Aurora,CO,strike; picket,strike_out_of_scope
2,1/12/2022,Aurora,CO,strike; picket,strike_out_of_scope
2,1/12/2022,Aurora,CO,strike; picket,strike_out_of_scope
2,1/12/2022,Aurora,CO,strike; picket,strike_out_of_scope
2,1/12/2022,Aurora,CO,strike; picket,strike_out_of_scope
2,1/12/2022,Aurora,CO,strike; picket,strike_out_of_scope
2,1/12/2022,Boulder,CO,strike; picket,strike_out_of_scope
2,1/12/2022,Boulder,CO,strike; picket,strike_out_of_scope
2,1/12/2022,Boulder,CO,strike; picket,strike_out_of_scope
2,1/12/2022,Broomfield,CO,strike; picket,strike_out_of_scope
2,1/12/2022,Broomfield,CO,strike; picket,strike_out_of_scope
2,1/12/2022,Broomfield,CO,strike; picket,strike_out_of_scope
2,1/12/2022,Centennial,CO,strike; picket,strike_out_of_scope
2,1/12/2022,Centennial,CO,strike; picket,strike_out_of_scope
2,1/12/2022,Centennial,CO,strike; picket,strike_out_of_scope
2,1/12/2022,Commerce City,CO,strike; picket,strike_out_of_scope
2,1/12/2022,Commerce City,CO,strike; picket,strike_out_of_scope
2,1/12/2022,Denver,CO,strike; picket,strike_out_of_scope
2,1/12/2022,Denver,CO,strike; picket,strike_out_of_scope
2,1/12/2022,Denver,CO,strike; picket,strike_out_of_scope
2,1/12/2022,Denver,CO,strike; picket,strike_out_of_scope
2,1/12/2022,Denver,CO,strike; picket,strike_out_of_scope
2,1/12/2022,Denver,CO,strike; picket,strike_out_of_scope
2,1/12/2022,Denver,CO,strike; picket,strike_out_of_scope
2,1/12/2022,Denver,CO,strike; picket,strike_out_of_scope
2,1/12/2022,Denver,CO,strike; picket,strike_out_of_scope
2,1/12/2022,Denver,CO,strike; picket,strike_out_of_scope
2,1/12/2022,Denver,CO,strike; picket,strike_out_of_scope
2,1/12/2022,Denver,CO,strike; picket,strike_out_of_scope
2,1/12/2022,Denver,CO,strike; picket,strike_out_of_scope
2,1/12/2022,Denver,CO,strike; picket,strike_out_of_scope
2,1/12/2022,Edgewater,CO,strike; picket,strike_out_of_scope
2,1/12/2022,Englewood,CO,strike; picket,strike_out_of_scope
2,1/12/2022,Englewood,CO,strike; picket,strike_out_of_scope
2,1/12/2022,Englewood,CO,strike; picket,strike_out_of_scope
2,1/12/2022,Evergreen,CO,strike; picket,strike_out_of_scope
2,1/12/2022,Federal Heights,CO,strike; picket,strike_out_of_scope
2,1/12/2022,Glendale,CO,strike; picket,strike_out_of_scope
2,1/12/2022,Golden,CO,strike; picket,strike_out_of_scope
2,1/12/2022,Greenwood Village,CO,strike; picket,strike_out_of_scope
2,1/12/2022,Greenwood Village,CO,strike; picket,strike_out_of_scope
2,1/12/2022,Highlands Ranch,CO,strike; picket,strike_out_of_scope
2,1/12/2022,Highlands Ranch,CO,strike; picket,strike_out_of_scope
2,1/12/2022,Highlands Ranch,CO,strike; picket,strike_out_of_scope
2,1/12/2022,Highlands Ranch,CO,strike; picket,strike_out_of_scope
2,1/12/2022,Lakewood,CO,strike; picket,strike_out_of_scope
2,1/12/2022,Lakewood,CO,strike; picket,strike_out_of_scope
2,1/12/2022,Lakewood,CO,strike; picket,strike_out_of_scope
2,1/12/2022,Lakewood,CO,strike; picket,strike_out_of_scope
2,1/12/2022,Lakewood,CO,strike; picket,strike_out_of_scope
2,1/12/2022,Littleton,CO,strike; picket,strike_out_of_scope
2,1/12/2022,Littleton,CO,strike; picket,strike_out_of_scope
2,1/12/2022,Littleton,CO,strike; picket,strike_out_of_scope
2,1/12/2022,Littleton,CO,strike; picket,strike_out_of_scope
2,1/12/2022,Littleton,CO,strike; picket,strike_out_of_scope
2,1/12/2022,Littleton,CO,strike; picket,strike_out_of_scope
2,1/12/2022,Louisville,CO,strike; picket,strike_out_of_scope
2,1/12/2022,Parker,CO,strike; picket,strike_out_of_scope
2,1/12/2022,Parker,CO,strike; picket,strike_out_of_scope
2,1/12/2022,Parker,CO,strike; picket,strike_out_of_scope
2,1/12/2022,Thornton,CO,strike; picket,strike_out_of_scope
2,1/12/2022,Thornton,CO,strike; picket,strike_out_of_scope
2,1/12/2022,Westminster,CO,strike; picket,strike_out_of_scope
2,1/12/2022,Westminster,CO,strike; picket,strike_out_of_scope
2,1/12/2022,Wheat Ridge,CO,strike; picket,strike_out_of_scope
2,1/12/2022,Wheat Ridge,CO,strike; picket,strike_out_of_scope
2,1/12/2022,Washington,DC,hunger strike,strike_out_of_scope
2,1/12/2022,Lawrenceville,NJ,strike; picket,strike_out_of_scope
2,1/12/2022,New York,NY,hunger strike,strike_out_of_scope
2,1/12/2022,New York,NY,strike; picket,strike_out_of_scope
2,1/12/2022,Bethlehem,PA,strike; picket,strike_out_of_scope
2,1/12/2022,San Antonio,TX,strike; picket,strike_out_of_scope
2,1/12/2022,Renton,WA,strike; picket,strike_out_of_scope
2,1/12/2022,Renton,WA,strike; picket,strike_out_of_scope
2,1/12/2022,Seattle,WA,strike; picket,strike_out_of_scope
2,1/12/2022,Huntington,WV,strike; picket,strike_out_of_scope
2,1/13/2022,Brookwood,AL,strike; picket,strike_out_of_scope
2,1/13/2022,Chula Vista,CA,strike; picket,strike_out_of_scope
2,1/13/2022,Dublin,CA,hunger strike,strike_out_of_scope
2,1/13/2022,San Diego,CA,strike; picket,strike_out_of_scope
2,1/13/2022,San Diego,CA,strike; picket,strike_out_of_scope
2,1/13/2022,San Diego,CA,strike; picket,strike_out_of_scope
2,1/13/2022,Santa Fe Springs,CA,strike; picket,strike_out_of_scope
2,1/13/2022,Arvada,CO,strike; picket,strike_out_of_scope
2,1/13/2022,Arvada,CO,strike; picket,strike_out_of_scope
2,1/13/2022,Arvada,CO,strike; picket,strike_out_of_scope
2,1/13/2022,Arvada,CO,strike; picket,strike_out_of_scope
2,1/13/2022,Arvada,CO,strike; picket,strike_out_of_scope
2,1/13/2022,Arvada,CO,strike; picket,strike_out_of_scope
2,1/13/2022,Arvada,CO,strike; picket,strike_out_of_scope
2,1/13/2022,Aurora,CO,strike; picket,strike_out_of_scope
2,1/13/2022,Aurora,CO,strike; picket,strike_out_of_scope
2,1/13/2022,Aurora,CO,strike; picket,strike_out_of_scope
2,1/13/2022,Aurora,CO,strike; picket,strike_out_of_scope
2,1/13/2022,Aurora,CO,strike; picket,strike_out_of_scope
2,1/13/2022,Aurora,CO,strike; picket,strike_out_of_scope
2,1/13/2022,Aurora,CO,strike; picket,strike_out_of_scope
2,1/13/2022,Aurora,CO,strike; picket,strike_out_of_scope
2,1/13/2022,Aurora,CO,strike; picket,strike_out_of_scope
2,1/13/2022,Aurora,CO,strike; picket,strike_out_of_scope
2,1/13/2022,Boulder,CO,strike; picket,strike_out_of_scope
2,1/13/2022,Boulder,CO,strike; picket,strike_out_of_scope
2,1/13/2022,Boulder,CO,strike; picket,strike_out_of_scope
2,1/13/2022,Broomfield,CO,strike; picket,strike_out_of_scope
2,1/13/2022,Broomfield,CO,strike; picket,strike_out_of_scope
2,1/13/2022,Broomfield,CO,strike; picket,strike_out_of_scope
2,1/13/2022,Centennial,CO,strike; picket,strike_out_of_scope
2,1/13/2022,Centennial,CO,strike; picket,strike_out_of_scope
2,1/13/2022,Centennial,CO,strike; picket,strike_out_of_scope
2,1/13/2022,Commerce City,CO,strike; picket,strike_out_of_scope
2,1/13/2022,Commerce City,CO,strike; picket,strike_out_of_scope
2,1/13/2022,Denver,CO,strike; picket,strike_out_of_scope
2,1/13/2022,Denver,CO,strike; picket,strike_out_of_scope
2,1/13/2022,Denver,CO,strike; picket,strike_out_of_scope
2,1/13/2022,Denver,CO,strike; picket,strike_out_of_scope
2,1/13/2022,Denver,CO,strike; picket,strike_out_of_scope
2,1/13/2022,Denver,CO,strike; picket,strike_out_of_scope
2,1/13/2022,Denver,CO,strike; picket,strike_out_of_scope
2,1/13/2022,Denver,CO,strike; picket,strike_out_of_scope
2,1/13/2022,Denver,CO,strike; picket,strike_out_of_scope
2,1/13/2022,Denver,CO,strike; picket,strike_out_of_scope
2,1/13/2022,Denver,CO,strike; picket,strike_out_of_scope
2,1/13/2022,Denver,CO,strike; picket,strike_out_of_scope
2,1/13/2022,Denver,CO,strike; picket,strike_out_of_scope
2,1/13/2022,Denver,CO,strike; picket,strike_out_of_scope
2,1/13/2022,Edgewater,CO,strike; picket,strike_out_of_scope
2,1/13/2022,Englewood,CO,strike; picket,strike_out_of_scope
2,1/13/2022,Englewood,CO,strike; picket,strike_out_of_scope
2,1/13/2022,Englewood,CO,strike; picket,strike_out_of_scope
2,1/13/2022,Evergreen,CO,strike; picket,strike_out_of_scope
2,1/13/2022,Federal Heights,CO,strike; picket,strike_out_of_scope
2,1/13/2022,Glendale,CO,strike; picket,strike_out_of_scope
2,1/13/2022,Glendale,CO,rally; strike; march,strike_out_of_scope
2,1/13/2022,Golden,CO,strike; picket,strike_out_of_scope
2,1/13/2022,Greenwood Village,CO,strike; picket,strike_out_of_scope
2,1/13/2022,Greenwood Village,CO,strike; picket,strike_out_of_scope
2,1/13/2022,Highlands Ranch,CO,strike; picket,strike_out_of_scope
2,1/13/2022,Highlands Ranch,CO,strike; picket,strike_out_of_scope
2,1/13/2022,Highlands Ranch,CO,strike; picket,strike_out_of_scope
2,1/13/2022,Highlands Ranch,CO,strike; picket,strike_out_of_scope
2,1/13/2022,Lakewood,CO,strike; picket,strike_out_of_scope
2,1/13/2022,Lakewood,CO,strike; picket,strike_out_of_scope
2,1/13/2022,Lakewood,CO,strike; picket,strike_out_of_scope
2,1/13/2022,Lakewood,CO,strike; picket,strike_out_of_scope
2,1/13/2022,Lakewood,CO,strike; picket,strike_out_of_scope
2,1/13/2022,Littleton,CO,strike; picket,strike_out_of_scope
2,1/13/2022,Littleton,CO,strike; picket,strike_out_of_scope
2,1/13/2022,Littleton,CO,strike; picket,strike_out_of_scope
2,1/13/2022,Littleton,CO,strike; picket,strike_out_of_scope
2,1/13/2022,Littleton,CO,strike; picket,strike_out_of_scope
2,1/13/2022,Littleton,CO,strike; picket,strike_out_of_scope
2,1/13/2022,Louisville,CO,strike; picket,strike_out_of_scope
2,1/13/2022,Parker,CO,strike; picket,strike_out_of_scope
2,1/13/2022,Parker,CO,strike; picket,strike_out_of_scope
2,1/13/2022,Parker,CO,strike; picket,strike_out_of_scope
2,1/13/2022,Thornton,CO,strike; picket,strike_out_of_scope
2,1/13/2022,Thornton,CO,strike; picket,strike_out_of_scope
2,1/13/2022,Westminster,CO,strike; picket,strike_out_of_scope
2,1/13/2022,Westminster,CO,strike; picket,strike_out_of_scope
2,1/13/2022,Wheat Ridge,CO,strike; picket,strike_out_of_scope
2,1/13/2022,Wheat Ridge,CO,strike; picket,strike_out_of_scope
2,1/13/2022,Washington,DC,hunger strike,strike_out_of_scope
2,1/13/2022,Washington,DC,hunger strike; demonstration,strike_out_of_scope
2,1/13/2022,Lawrenceville,NJ,strike; picket,strike_out_of_scope
2,1/13/2022,New York,NY,hunger strike,strike_out_of_scope
2,1/13/2022,New York,NY,strike; picket,strike_out_of_scope
2,1/13/2022,Bethlehem,PA,strike; picket,strike_out_of_scope
2,1/13/2022,San Antonio,TX,strike; picket,strike_out_of_scope
2,1/13/2022,Renton,WA,strike; picket,strike_out_of_scope
2,1/13/2022,Renton,WA,strike; picket,strike_out_of_scope
2,1/13/2022,Seattle,WA,strike; picket,strike_out_of_scope
2,1/13/2022,Smith Island,WA,strike; picket,strike_out_of_scope
2,1/13/2022,Woodinville,WA,strike; picket,strike_out_of_scope
2,1/13/2022,Huntington,WV,strike; picket,strike_out_of_scope
2,1/14/2022,Brookwood,AL,strike; picket,strike_out_of_scope
2,1/14/2022,Phoenix,AZ,hunger strike; demonstration,strike_out_of_scope
2,1/14/2022,Chula Vista,CA,strike; picket,strike_out_of_scope
2,1/14/2022,Dublin,CA,hunger strike,strike_out_of_scope
2,1/14/2022,Folsom,CA,strike,strike_out_of_scope
2,1/14/2022,San Diego,CA,strike; picket,strike_out_of_scope
2,1/14/2022,San Diego,CA,strike; picket,strike_out_of_scope
2,1/14/2022,San Diego,CA,strike; picket,strike_out_of_scope
2,1/14/2022,Santa Fe Springs,CA,strike; picket,strike_out_of_scope
2,1/14/2022,Arvada,CO,strike; picket,strike_out_of_scope
2,1/14/2022,Arvada,CO,strike; picket,strike_out_of_scope
2,1/14/2022,Arvada,CO,strike; picket,strike_out_of_scope
2,1/14/2022,Arvada,CO,strike; picket,strike_out_of_scope
2,1/14/2022,Arvada,CO,strike; picket,strike_out_of_scope
2,1/14/2022,Arvada,CO,strike; picket,strike_out_of_scope
2,1/14/2022,Arvada,CO,strike; picket,strike_out_of_scope
2,1/14/2022,Aurora,CO,strike; picket,strike_out_of_scope
2,1/14/2022,Aurora,CO,strike; picket,strike_out_of_scope
2,1/14/2022,Aurora,CO,strike; picket,strike_out_of_scope
2,1/14/2022,Aurora,CO,strike; picket,strike_out_of_scope
2,1/14/2022,Aurora,CO,strike; picket,strike_out_of_scope
2,1/14/2022,Aurora,CO,strike; picket,strike_out_of_scope
2,1/14/2022,Aurora,CO,strike; picket,strike_out_of_scope
2,1/14/2022,Aurora,CO,strike; picket,strike_out_of_scope
2,1/14/2022,Aurora,CO,strike; picket,strike_out_of_scope
2,1/14/2022,Aurora,CO,strike; picket,strike_out_of_scope
2,1/14/2022,Boulder,CO,strike; picket,strike_out_of_scope
2,1/14/2022,Boulder,CO,strike; picket,strike_out_of_scope
2,1/14/2022,Boulder,CO,strike; picket,strike_out_of_scope
2,1/14/2022,Broomfield,CO,strike; picket,strike_out_of_scope
2,1/14/2022,Broomfield,CO,strike; picket,strike_out_of_scope
2,1/14/2022,Broomfield,CO,strike; picket,strike_out_of_scope
2,1/14/2022,Centennial,CO,strike; picket,strike_out_of_scope
2,1/14/2022,Centennial,CO,strike; picket,strike_out_of_scope
2,1/14/2022,Centennial,CO,strike; picket,strike_out_of_scope
2,1/14/2022,Commerce City,CO,strike; picket,strike_out_of_scope
2,1/14/2022,Commerce City,CO,strike; picket,strike_out_of_scope
2,1/14/2022,Denver,CO,strike; picket,strike_out_of_scope
2,1/14/2022,Denver,CO,strike; picket,strike_out_of_scope
2,1/14/2022,Denver,CO,strike; picket,strike_out_of_scope
2,1/14/2022,Denver,CO,strike; picket,strike_out_of_scope
2,1/14/2022,Denver,CO,strike; picket,strike_out_of_scope
2,1/14/2022,Denver,CO,strike; picket,strike_out_of_scope
2,1/14/2022,Denver,CO,strike; picket,strike_out_of_scope
2,1/14/2022,Denver,CO,strike; picket,strike_out_of_scope
2,1/14/2022,Denver,CO,strike; picket,strike_out_of_scope
2,1/14/2022,Denver,CO,strike; picket,strike_out_of_scope
2,1/14/2022,Denver,CO,strike; picket,strike_out_of_scope
2,1/14/2022,Denver,CO,strike; picket,strike_out_of_scope
2,1/14/2022,Denver,CO,strike; picket,strike_out_of_scope
2,1/14/2022,Denver,CO,strike; picket,strike_out_of_scope
2,1/14/2022,Edgewater,CO,strike; picket,strike_out_of_scope
2,1/14/2022,Englewood,CO,strike; picket,strike_out_of_scope
2,1/14/2022,Englewood,CO,strike; picket,strike_out_of_scope
2,1/14/2022,Englewood,CO,strike; picket,strike_out_of_scope
2,1/14/2022,Evergreen,CO,strike; picket,strike_out_of_scope
2,1/14/2022,Federal Heights,CO,strike; picket,strike_out_of_scope
2,1/14/2022,Glendale,CO,strike; picket,strike_out_of_scope
2,1/14/2022,Golden,CO,strike; picket,strike_out_of_scope
2,1/14/2022,Greenwood Village,CO,strike; picket,strike_out_of_scope
2,1/14/2022,Greenwood Village,CO,strike; picket,strike_out_of_scope
2,1/14/2022,Highlands Ranch,CO,strike; picket,strike_out_of_scope
2,1/14/2022,Highlands Ranch,CO,strike; picket,strike_out_of_scope
2,1/14/2022,Highlands Ranch,CO,strike; picket,strike_out_of_scope
2,1/14/2022,Highlands Ranch,CO,strike; picket,strike_out_of_scope
2,1/14/2022,Lakewood,CO,strike; picket,strike_out_of_scope
2,1/14/2022,Lakewood,CO,strike; picket,strike_out_of_scope
2,1/14/2022,Lakewood,CO,strike; picket,strike_out_of_scope
2,1/14/2022,Lakewood,CO,strike; picket,strike_out_of_scope
2,1/14/2022,Lakewood,CO,strike; picket,strike_out_of_scope
2,1/14/2022,Littleton,CO,strike; picket,strike_out_of_scope
2,1/14/2022,Littleton,CO,strike; picket,strike_out_of_scope
2,1/14/2022,Littleton,CO,strike; picket,strike_out_of_scope
2,1/14/2022,Littleton,CO,strike; picket,strike_out_of_scope
2,1/14/2022,Littleton,CO,strike; picket,strike_out_of_scope
2,1/14/2022,Littleton,CO,strike; picket,strike_out_of_scope
2,1/14/2022,Louisville,CO,strike; picket,strike_out_of_scope
2,1/14/2022,Parker,CO,strike; picket,strike_out_of_scope
2,1/14/2022,Parker,CO,strike; picket,strike_out_of_scope
2,1/14/2022,Parker,CO,strike; picket,strike_out_of_scope
2,1/14/2022,Thornton,CO,strike; picket,strike_out_of_scope
2,1/14/2022,Thornton,CO,strike; picket,strike_out_of_scope
2,1/14/2022,Westminster,CO,strike; picket,strike_out_of_scope
2,1/14/2022,Westminster,CO,strike; picket,strike_out_of_scope
2,1/14/2022,Wheat Ridge,CO,strike; picket,strike_out_of_scope
2,1/14/2022,Wheat Ridge,CO,strike; picket,strike_out_of_scope
2,1/14/2022,Washington,DC,hunger strike,strike_out_of_scope
2,1/14/2022,Washington,DC,hunger strike; demonstration,strike_out_of_scope
2,1/14/2022,Lawrenceville,NJ,strike; picket,strike_out_of_scope
2,1/14/2022,New York,NY,hunger strike,strike_out_of_scope
2,1/14/2022,New York,NY,strike; picket,strike_out_of_scope
2,1/14/2022,Bethlehem,PA,strike; picket,strike_out_of_scope
2,1/14/2022,San Antonio,TX,strike; picket,strike_out_of_scope
2,1/14/2022,Renton,WA,strike; picket,strike_out_of_scope
2,1/14/2022,Renton,WA,strike; picket,strike_out_of_scope
2,1/14/2022,Seattle,WA,strike; picket,strike_out_of_scope
2,1/14/2022,Smith Island,WA,strike; picket,strike_out_of_scope
2,1/14/2022,Woodinville,WA,strike; picket,strike_out_of_scope
2,1/14/2022,Huntington,WV,strike; picket,strike_out_of_scope
2,1/15/2022,Brookwood,AL,strike; picket,strike_out_of_scope
2,1/15/2022,Phoenix,AZ,rally; march; hunger strike,strike_out_of_scope
2,1/15/2022,Chula Vista,CA,strike; picket,strike_out_of_scope
2,1/15/2022,Dublin,CA,hunger strike,strike_out_of_scope
2,1/15/2022,San Diego,CA,strike; picket,strike_out_of_scope
2,1/15/2022,San Diego,CA,strike; picket,strike_out_of_scope
2,1/15/2022,San Diego,CA,strike; picket,strike_out_of_scope
2,1/15/2022,Santa Fe Springs,CA,strike; picket,strike_out_of_scope
2,1/15/2022,Arvada,CO,strike; picket,strike_out_of_scope
2,1/15/2022,Arvada,CO,strike; picket,strike_out_of_scope
2,1/15/2022,Arvada,CO,strike; picket,strike_out_of_scope
2,1/15/2022,Arvada,CO,strike; picket,strike_out_of_scope
2,1/15/2022,Arvada,CO,strike; picket,strike_out_of_scope
2,1/15/2022,Arvada,CO,strike; picket,strike_out_of_scope
2,1/15/2022,Arvada,CO,strike; picket,strike_out_of_scope
2,1/15/2022,Aurora,CO,strike; picket,strike_out_of_scope
2,1/15/2022,Aurora,CO,strike; picket,strike_out_of_scope
2,1/15/2022,Aurora,CO,strike; picket,strike_out_of_scope
2,1/15/2022,Aurora,CO,strike; picket,strike_out_of_scope
2,1/15/2022,Aurora,CO,strike; picket,strike_out_of_scope
2,1/15/2022,Aurora,CO,strike; picket,strike_out_of_scope
2,1/15/2022,Aurora,CO,strike; picket,strike_out_of_scope
2,1/15/2022,Aurora,CO,strike; picket,strike_out_of_scope
2,1/15/2022,Aurora,CO,strike; picket,strike_out_of_scope
2,1/15/2022,Aurora,CO,strike; picket,strike_out_of_scope
2,1/15/2022,Boulder,CO,strike; picket,strike_out_of_scope
2,1/15/2022,Boulder,CO,strike; picket,strike_out_of_scope
2,1/15/2022,Boulder,CO,strike; picket,strike_out_of_scope
2,1/15/2022,Broomfield,CO,strike; picket,strike_out_of_scope
2,1/15/2022,Broomfield,CO,strike; picket,strike_out_of_scope
2,1/15/2022,Broomfield,CO,strike; picket,strike_out_of_scope
2,1/15/2022,Centennial,CO,strike; picket,strike_out_of_scope
2,1/15/2022,Centennial,CO,strike; picket,strike_out_of_scope
2,1/15/2022,Centennial,CO,strike; picket,strike_out_of_scope
2,1/15/2022,Commerce City,CO,strike; picket,strike_out_of_scope
2,1/15/2022,Commerce City,CO,strike; picket,strike_out_of_scope
2,1/15/2022,Denver,CO,strike; picket,strike_out_of_scope
2,1/15/2022,Denver,CO,strike; picket,strike_out_of_scope
2,1/15/2022,Denver,CO,strike; picket,strike_out_of_scope
2,1/15/2022,Denver,CO,strike; picket,strike_out_of_scope
2,1/15/2022,Denver,CO,strike; picket,strike_out_of_scope
2,1/15/2022,Denver,CO,strike; picket,strike_out_of_scope
2,1/15/2022,Denver,CO,strike; picket,strike_out_of_scope
2,1/15/2022,Denver,CO,strike; picket,strike_out_of_scope
2,1/15/2022,Denver,CO,strike; picket,strike_out_of_scope
2,1/15/2022,Denver,CO,strike; picket,strike_out_of_scope
2,1/15/2022,Denver,CO,strike; picket,strike_out_of_scope
2,1/15/2022,Denver,CO,strike; picket,strike_out_of_scope
2,1/15/2022,Denver,CO,strike; picket,strike_out_of_scope
2,1/15/2022,Denver,CO,strike; picket,strike_out_of_scope
2,1/15/2022,Edgewater,CO,strike; picket,strike_out_of_scope
2,1/15/2022,Englewood,CO,strike; picket,strike_out_of_scope
2,1/15/2022,Englewood,CO,strike; picket,strike_out_of_scope
2,1/15/2022,Englewood,CO,strike; picket,strike_out_of_scope
2,1/15/2022,Evergreen,CO,strike; picket,strike_out_of_scope
2,1/15/2022,Federal Heights,CO,strike; picket,strike_out_of_scope
2,1/15/2022,Glendale,CO,strike; picket,strike_out_of_scope
2,1/15/2022,Golden,CO,strike; picket,strike_out_of_scope
2,1/15/2022,Greenwood Village,CO,strike; picket,strike_out_of_scope
2,1/15/2022,Greenwood Village,CO,strike; picket,strike_out_of_scope
2,1/15/2022,Highlands Ranch,CO,strike; picket,strike_out_of_scope
2,1/15/2022,Highlands Ranch,CO,strike; picket,strike_out_of_scope
2,1/15/2022,Highlands Ranch,CO,strike; picket,strike_out_of_scope
2,1/15/2022,Highlands Ranch,CO,strike; picket,strike_out_of_scope
2,1/15/2022,Lakewood,CO,strike; picket,strike_out_of_scope
2,1/15/2022,Lakewood,CO,strike; picket,strike_out_of_scope
2,1/15/2022,Lakewood,CO,strike; picket,strike_out_of_scope
2,1/15/2022,Lakewood,CO,strike; picket,strike_out_of_scope
2,1/15/2022,Lakewood,CO,strike; picket,strike_out_of_scope
2,1/15/2022,Littleton,CO,strike; picket,strike_out_of_scope
2,1/15/2022,Littleton,CO,strike; picket,strike_out_of_scope
2,1/15/2022,Littleton,CO,strike; picket,strike_out_of_scope
2,1/15/2022,Littleton,CO,strike; picket,strike_out_of_scope
2,1/15/2022,Littleton,CO,strike; picket,strike_out_of_scope
2,1/15/2022,Littleton,CO,strike; picket,strike_out_of_scope
2,1/15/2022,Louisville,CO,strike; picket,strike_out_of_scope
2,1/15/2022,Parker,CO,strike; picket,strike_out_of_scope
2,1/15/2022,Parker,CO,strike; picket,strike_out_of_scope
2,1/15/2022,Parker,CO,strike; picket,strike_out_of_scope
2,1/15/2022,Thornton,CO,strike; picket,strike_out_of_scope
2,1/15/2022,Thornton,CO,strike; picket,strike_out_of_scope
2,1/15/2022,Westminster,CO,strike; picket,strike_out_of_scope
2,1/15/2022,Westminster,CO,strike; picket,strike_out_of_scope
2,1/15/2022,Wheat Ridge,CO,strike; picket,strike_out_of_scope
2,1/15/2022,Wheat Ridge,CO,strike; picket,strike_out_of_scope
2,1/15/2022,Washington,DC,hunger strike; demonstration,strike_out_of_scope
2,1/15/2022,Washington,DC,hunger strike,strike_out_of_scope
2,1/15/2022,Lawrenceville,NJ,strike; picket,strike_out_of_scope
2,1/15/2022,New York,NY,hunger strike,strike_out_of_scope
2,1/15/2022,New York,NY,strike; picket,strike_out_of_scope
2,1/15/2022,San Antonio,TX,strike; picket,strike_out_of_scope
2,1/15/2022,Renton,WA,strike; picket,strike_out_of_scope
2,1/15/2022,Renton,WA,strike; picket,strike_out_of_scope
2,1/15/2022,Seattle,WA,strike; picket,strike_out_of_scope
2,1/15/2022,Smith Island,WA,strike; picket,strike_out_of_scope
2,1/15/2022,Woodinville,WA,strike; picket,strike_out_of_scope
2,1/15/2022,Huntington,WV,strike; picket,strike_out_of_scope
2,1/16/2022,Brookwood,AL,strike; picket,strike_out_of_scope
2,1/16/2022,Phoenix,AZ,hunger strike; demonstration,strike_out_of_scope
2,1/16/2022,Chula Vista,CA,strike; picket,strike_out_of_scope
2,1/16/2022,Dublin,CA,hunger strike,strike_out_of_scope
2,1/16/2022,San Diego,CA,strike; picket,strike_out_of_scope
2,1/16/2022,San Diego,CA,strike; picket,strike_out_of_scope
2,1/16/2022,San Diego,CA,strike; picket,strike_out_of_scope
2,1/16/2022,Santa Fe Springs,CA,strike; picket,strike_out_of_scope
2,1/16/2022,Arvada,CO,strike; picket,strike_out_of_scope
2,1/16/2022,Arvada,CO,strike; picket,strike_out_of_scope
2,1/16/2022,Arvada,CO,strike; picket,strike_out_of_scope
2,1/16/2022,Arvada,CO,strike; picket,strike_out_of_scope
2,1/16/2022,Arvada,CO,strike; picket,strike_out_of_scope
2,1/16/2022,Arvada,CO,strike; picket,strike_out_of_scope
2,1/16/2022,Arvada,CO,strike; picket,strike_out_of_scope
2,1/16/2022,Aurora,CO,strike; picket,strike_out_of_scope
2,1/16/2022,Aurora,CO,strike; picket,strike_out_of_scope
2,1/16/2022,Aurora,CO,strike; picket,strike_out_of_scope
2,1/16/2022,Aurora,CO,strike; picket,strike_out_of_scope
2,1/16/2022,Aurora,CO,strike; picket,strike_out_of_scope
2,1/16/2022,Aurora,CO,strike; picket,strike_out_of_scope
2,1/16/2022,Aurora,CO,strike; picket,strike_out_of_scope
2,1/16/2022,Aurora,CO,strike; picket,strike_out_of_scope
2,1/16/2022,Aurora,CO,strike; picket,strike_out_of_scope
2,1/16/2022,Aurora,CO,strike; picket,strike_out_of_scope
2,1/16/2022,Boulder,CO,strike; picket,strike_out_of_scope
2,1/16/2022,Boulder,CO,strike; picket,strike_out_of_scope
2,1/16/2022,Boulder,CO,strike; picket,strike_out_of_scope
2,1/16/2022,Broomfield,CO,strike; picket,strike_out_of_scope
2,1/16/2022,Broomfield,CO,strike; picket,strike_out_of_scope
2,1/16/2022,Broomfield,CO,strike; picket,strike_out_of_scope
2,1/16/2022,Centennial,CO,strike; picket,strike_out_of_scope
2,1/16/2022,Centennial,CO,strike; picket,strike_out_of_scope
2,1/16/2022,Centennial,CO,strike; picket,strike_out_of_scope
2,1/16/2022,Commerce City,CO,strike; picket,strike_out_of_scope
2,1/16/2022,Commerce City,CO,strike; picket,strike_out_of_scope
2,1/16/2022,Denver,CO,strike; picket,strike_out_of_scope
2,1/16/2022,Denver,CO,strike; picket,strike_out_of_scope
2,1/16/2022,Denver,CO,strike; picket,strike_out_of_scope
2,1/16/2022,Denver,CO,strike; picket,strike_out_of_scope
2,1/16/2022,Denver,CO,strike; picket,strike_out_of_scope
2,1/16/2022,Denver,CO,strike; picket,strike_out_of_scope
2,1/16/2022,Denver,CO,strike; picket,strike_out_of_scope
2,1/16/2022,Denver,CO,strike; picket,strike_out_of_scope
2,1/16/2022,Denver,CO,strike; picket,strike_out_of_scope
2,1/16/2022,Denver,CO,strike; picket,strike_out_of_scope
2,1/16/2022,Denver,CO,strike; picket,strike_out_of_scope
2,1/16/2022,Denver,CO,strike; picket,strike_out_of_scope
2,1/16/2022,Denver,CO,strike; picket,strike_out_of_scope
2,1/16/2022,Denver,CO,strike; picket,strike_out_of_scope
2,1/16/2022,Edgewater,CO,strike; picket,strike_out_of_scope
2,1/16/2022,Englewood,CO,strike; picket,strike_out_of_scope
2,1/16/2022,Englewood,CO,strike; picket,strike_out_of_scope
2,1/16/2022,Englewood,CO,strike; picket,strike_out_of_scope
2,1/16/2022,Evergreen,CO,strike; picket,strike_out_of_scope
2,1/16/2022,Federal Heights,CO,strike; picket,strike_out_of_scope
2,1/16/2022,Glendale,CO,strike; picket,strike_out_of_scope
2,1/16/2022,Golden,CO,strike; picket,strike_out_of_scope
2,1/16/2022,Greenwood Village,CO,strike; picket,strike_out_of_scope
2,1/16/2022,Greenwood Village,CO,strike; picket,strike_out_of_scope
2,1/16/2022,Highlands Ranch,CO,strike; picket,strike_out_of_scope
2,1/16/2022,Highlands Ranch,CO,strike; picket,strike_out_of_scope
2,1/16/2022,Highlands Ranch,CO,strike; picket,strike_out_of_scope
2,1/16/2022,Highlands Ranch,CO,strike; picket,strike_out_of_scope
2,1/16/2022,Lakewood,CO,strike; picket,strike_out_of_scope
2,1/16/2022,Lakewood,CO,strike; picket,strike_out_of_scope
2,1/16/2022,Lakewood,CO,strike; picket,strike_out_of_scope
2,1/16/2022,Lakewood,CO,strike; picket,strike_out_of_scope
2,1/16/2022,Lakewood,CO,strike; picket,strike_out_of_scope
2,1/16/2022,Littleton,CO,strike; picket,strike_out_of_scope
2,1/16/2022,Littleton,CO,strike; picket,strike_out_of_scope
2,1/16/2022,Littleton,CO,strike; picket,strike_out_of_scope
2,1/16/2022,Littleton,CO,strike; picket,strike_out_of_scope
2,1/16/2022,Littleton,CO,strike; picket,strike_out_of_scope
2,1/16/2022,Littleton,CO,strike; picket,strike_out_of_scope
2,1/16/2022,Louisville,CO,strike; picket,strike_out_of_scope
2,1/16/2022,Parker,CO,strike; picket,strike_out_of_scope
2,1/16/2022,Parker,CO,strike; picket,strike_out_of_scope
2,1/16/2022,Parker,CO,strike; picket,strike_out_of_scope
2,1/16/2022,Thornton,CO,strike; picket,strike_out_of_scope
2,1/16/2022,Thornton,CO,strike; picket,strike_out_of_scope
2,1/16/2022,Westminster,CO,strike; picket,strike_out_of_scope
2,1/16/2022,Westminster,CO,strike; picket,strike_out_of_scope
2,1/16/2022,Wheat Ridge,CO,strike; picket,strike_out_of_scope
2,1/16/2022,Wheat Ridge,CO,strike; picket,strike_out_of_scope
2,1/16/2022,Washington,DC,hunger strike,strike_out_of_scope
2,1/16/2022,Washington,DC,hunger strike; demonstration,strike_out_of_scope
2,1/16/2022,Lawrenceville,NJ,strike; picket,strike_out_of_scope
2,1/16/2022,New York,NY,hunger strike,strike_out_of_scope
2,1/16/2022,New York,NY,strike; picket,strike_out_of_scope
2,1/16/2022,Bethlehem,PA,strike; picket,strike_out_of_scope
2,1/16/2022,San Antonio,TX,strike; picket,strike_out_of_scope
2,1/16/2022,Renton,WA,strike; picket,strike_out_of_scope
2,1/16/2022,Renton,WA,strike; picket,strike_out_of_scope
2,1/16/2022,Seattle,WA,strike; picket,strike_out_of_scope
2,1/16/2022,Smith Island,WA,strike; picket,strike_out_of_scope
2,1/16/2022,Woodinville,WA,strike; picket,strike_out_of_scope
2,1/16/2022,Huntington,WV,strike; picket,strike_out_of_scope
2,1/17/2022,Brookwood,AL,strike; picket,strike_out_of_scope
2,1/17/2022,Phoenix,AZ,hunger strike; demonstration,strike_out_of_scope
2,1/17/2022,Chula Vista,CA,strike; picket,strike_out_of_scope
2,1/17/2022,Dublin,CA,hunger strike,strike_out_of_scope
2,1/17/2022,San Diego,CA,strike; picket,strike_out_of_scope
2,1/17/2022,San Diego,CA,strike; picket,strike_out_of_scope
2,1/17/2022,San Diego,CA,strike; picket,strike_out_of_scope
2,1/17/2022,Santa Fe Springs,CA,strike; picket,strike_out_of_scope
2,1/17/2022,Arvada,CO,strike; picket,strike_out_of_scope
2,1/17/2022,Arvada,CO,strike; picket,strike_out_of_scope
2,1/17/2022,Arvada,CO,strike; picket,strike_out_of_scope
2,1/17/2022,Arvada,CO,strike; picket,strike_out_of_scope
2,1/17/2022,Arvada,CO,strike; picket,strike_out_of_scope
2,1/17/2022,Arvada,CO,strike; picket,strike_out_of_scope
2,1/17/2022,Arvada,CO,strike; picket,strike_out_of_scope
2,1/17/2022,Aurora,CO,strike; picket,strike_out_of_scope
2,1/17/2022,Aurora,CO,strike; picket,strike_out_of_scope
2,1/17/2022,Aurora,CO,strike; picket,strike_out_of_scope
2,1/17/2022,Aurora,CO,strike; picket,strike_out_of_scope
2,1/17/2022,Aurora,CO,strike; picket,strike_out_of_scope
2,1/17/2022,Aurora,CO,strike; picket,strike_out_of_scope
2,1/17/2022,Aurora,CO,strike; picket,strike_out_of_scope
2,1/17/2022,Aurora,CO,strike; picket,strike_out_of_scope
2,1/17/2022,Aurora,CO,strike; picket,strike_out_of_scope
2,1/17/2022,Aurora,CO,strike; picket,strike_out_of_scope
2,1/17/2022,Boulder,CO,strike; picket,strike_out_of_scope
2,1/17/2022,Boulder,CO,strike; picket,strike_out_of_scope
2,1/17/2022,Boulder,CO,strike; picket,strike_out_of_scope
2,1/17/2022,Broomfield,CO,strike; picket,strike_out_of_scope
2,1/17/2022,Broomfield,CO,strike; picket,strike_out_of_scope
2,1/17/2022,Broomfield,CO,strike; picket,strike_out_of_scope
2,1/17/2022,Centennial,CO,strike; picket,strike_out_of_scope
2,1/17/2022,Centennial,CO,strike; picket,strike_out_of_scope
2,1/17/2022,Centennial,CO,strike; picket,strike_out_of_scope
2,1/17/2022,Commerce City,CO,strike; picket,strike_out_of_scope
2,1/17/2022,Commerce City,CO,strike; picket,strike_out_of_scope
2,1/17/2022,Denver,CO,strike; picket,strike_out_of_scope
2,1/17/2022,Denver,CO,strike; picket,strike_out_of_scope
2,1/17/2022,Denver,CO,strike; picket,strike_out_of_scope
2,1/17/2022,Denver,CO,strike; picket,strike_out_of_scope
2,1/17/2022,Denver,CO,strike; picket,strike_out_of_scope
2,1/17/2022,Denver,CO,strike; picket,strike_out_of_scope
2,1/17/2022,Denver,CO,strike; picket,strike_out_of_scope
2,1/17/2022,Denver,CO,strike; picket,strike_out_of_scope
2,1/17/2022,Denver,CO,strike; picket,strike_out_of_scope
2,1/17/2022,Denver,CO,strike; picket,strike_out_of_scope
2,1/17/2022,Denver,CO,strike; picket,strike_out_of_scope
2,1/17/2022,Denver,CO,strike; picket,strike_out_of_scope
2,1/17/2022,Denver,CO,strike; picket,strike_out_of_scope
2,1/17/2022,Denver,CO,strike; picket,strike_out_of_scope
2,1/17/2022,Edgewater,CO,strike; picket,strike_out_of_scope
2,1/17/2022,Englewood,CO,strike; picket,strike_out_of_scope
2,1/17/2022,Englewood,CO,strike; picket,strike_out_of_scope
2,1/17/2022,Englewood,CO,strike; picket,strike_out_of_scope
2,1/17/2022,Evergreen,CO,strike; picket,strike_out_of_scope
2,1/17/2022,Federal Heights,CO,strike; picket,strike_out_of_scope
2,1/17/2022,Glendale,CO,strike; picket,strike_out_of_scope
2,1/17/2022,Golden,CO,strike; picket,strike_out_of_scope
2,1/17/2022,Greenwood Village,CO,strike; picket,strike_out_of_scope
2,1/17/2022,Greenwood Village,CO,strike; picket,strike_out_of_scope
2,1/17/2022,Highlands Ranch,CO,strike; picket,strike_out_of_scope
2,1/17/2022,Highlands Ranch,CO,strike; picket,strike_out_of_scope
2,1/17/2022,Highlands Ranch,CO,strike; picket,strike_out_of_scope
2,1/17/2022,Highlands Ranch,CO,strike; picket,strike_out_of_scope
2,1/17/2022,Lakewood,CO,strike; picket,strike_out_of_scope
2,1/17/2022,Lakewood,CO,strike; picket,strike_out_of_scope
2,1/17/2022,Lakewood,CO,strike; picket,strike_out_of_scope
2,1/17/2022,Lakewood,CO,strike; picket,strike_out_of_scope
2,1/17/2022,Lakewood,CO,strike; picket,strike_out_of_scope
2,1/17/2022,Littleton,CO,strike; picket,strike_out_of_scope
2,1/17/2022,Littleton,CO,strike; picket,strike_out_of_scope
2,1/17/2022,Littleton,CO,strike; picket,strike_out_of_scope
2,1/17/2022,Littleton,CO,strike; picket,strike_out_of_scope
2,1/17/2022,Littleton,CO,strike; picket,strike_out_of_scope
2,1/17/2022,Littleton,CO,strike; picket,strike_out_of_scope
2,1/17/2022,Louisville,CO,strike; picket,strike_out_of_scope
2,1/17/2022,Parker,CO,strike; picket,strike_out_of_scope
2,1/17/2022,Parker,CO,strike; picket,strike_out_of_scope
2,1/17/2022,Parker,CO,strike; picket,strike_out_of_scope
2,1/17/2022,Thornton,CO,strike; picket,strike_out_of_scope
2,1/17/2022,Thornton,CO,strike; picket,strike_out_of_scope
2,1/17/2022,Westminster,CO,strike; picket,strike_out_of_scope
2,1/17/2022,Westminster,CO,strike; picket,strike_out_of_scope
2,1/17/2022,Wheat Ridge,CO,strike; picket,strike_out_of_scope
2,1/17/2022,Wheat Ridge,CO,strike; picket,strike_out_of_scope
2,1/17/2022,Washington,DC,hunger strike,strike_out_of_scope
2,1/17/2022,Washington,DC,hunger strike; demonstration,strike_out_of_scope
2,1/17/2022,Lawrenceville,NJ,strike; picket,strike_out_of_scope
2,1/17/2022,New York,NY,hunger strike,strike_out_of_scope
2,1/17/2022,New York,NY,strike; picket,strike_out_of_scope
2,1/17/2022,San Antonio,TX,strike; picket,strike_out_of_scope
2,1/17/2022,Renton,WA,strike; picket,strike_out_of_scope
2,1/17/2022,Renton,WA,strike; picket,strike_out_of_scope
2,1/17/2022,Seattle,WA,strike; picket,strike_out_of_scope
2,1/17/2022,Smith Island,WA,strike; picket,strike_out_of_scope
2,1/17/2022,Woodinville,WA,strike; picket,strike_out_of_scope
2,1/17/2022,Huntington,WV,strike; picket,strike_out_of_scope
2,1/18/2022,Brookwood,AL,strike; picket,strike_out_of_scope
2,1/18/2022,Phoenix,AZ,hunger strike; demonstration,strike_out_of_scope
2,1/18/2022,Dublin,CA,hunger strike,strike_out_of_scope
2,1/18/2022,Santa Fe Springs,CA,strike; picket,strike_out_of_scope
2,1/18/2022,Arvada,CO,strike; picket,strike_out_of_scope
2,1/18/2022,Arvada,CO,strike; picket,strike_out_of_scope
2,1/18/2022,Arvada,CO,strike; picket,strike_out_of_scope
2,1/18/2022,Arvada,CO,strike; picket,strike_out_of_scope
2,1/18/2022,Arvada,CO,strike; picket,strike_out_of_scope
2,1/18/2022,Arvada,CO,strike; picket,strike_out_of_scope
2,1/18/2022,Arvada,CO,strike; picket,strike_out_of_scope
2,1/18/2022,Aurora,CO,strike; picket,strike_out_of_scope
2,1/18/2022,Aurora,CO,strike; picket,strike_out_of_scope
2,1/18/2022,Aurora,CO,strike; picket,strike_out_of_scope
2,1/18/2022,Aurora,CO,strike; picket,strike_out_of_scope
2,1/18/2022,Aurora,CO,strike; picket,strike_out_of_scope
2,1/18/2022,Aurora,CO,strike; picket,strike_out_of_scope
2,1/18/2022,Aurora,CO,strike; picket,strike_out_of_scope
2,1/18/2022,Aurora,CO,strike; picket,strike_out_of_scope
2,1/18/2022,Aurora,CO,strike; picket,strike_out_of_scope
2,1/18/2022,Aurora,CO,strike; picket,strike_out_of_scope
2,1/18/2022,Boulder,CO,strike; picket,strike_out_of_scope
2,1/18/2022,Boulder,CO,strike; picket,strike_out_of_scope
2,1/18/2022,Boulder,CO,strike; picket,strike_out_of_scope
2,1/18/2022,Broomfield,CO,strike; picket,strike_out_of_scope
2,1/18/2022,Broomfield,CO,strike; picket,strike_out_of_scope
2,1/18/2022,Broomfield,CO,strike; picket,strike_out_of_scope
2,1/18/2022,Centennial,CO,strike; picket,strike_out_of_scope
2,1/18/2022,Centennial,CO,strike; picket,strike_out_of_scope
2,1/18/2022,Centennial,CO,strike; picket,strike_out_of_scope
2,1/18/2022,Commerce City,CO,strike; picket,strike_out_of_scope
2,1/18/2022,Commerce City,CO,strike; picket,strike_out_of_scope
2,1/18/2022,Denver,CO,strike; picket,strike_out_of_scope
2,1/18/2022,Denver,CO,strike; picket,strike_out_of_scope
2,1/18/2022,Denver,CO,strike; picket,strike_out_of_scope
2,1/18/2022,Denver,CO,strike; picket,strike_out_of_scope
2,1/18/2022,Denver,CO,strike; picket,strike_out_of_scope
2,1/18/2022,Denver,CO,strike; picket,strike_out_of_scope
2,1/18/2022,Denver,CO,strike; picket,strike_out_of_scope
2,1/18/2022,Denver,CO,strike; picket,strike_out_of_scope
2,1/18/2022,Denver,CO,strike; picket,strike_out_of_scope
2,1/18/2022,Denver,CO,strike; picket,strike_out_of_scope
2,1/18/2022,Denver,CO,strike; picket,strike_out_of_scope
2,1/18/2022,Denver,CO,strike; picket,strike_out_of_scope
2,1/18/2022,Denver,CO,strike; picket,strike_out_of_scope
2,1/18/2022,Denver,CO,strike; picket,strike_out_of_scope
2,1/18/2022,Edgewater,CO,strike; picket,strike_out_of_scope
2,1/18/2022,Englewood,CO,strike; picket,strike_out_of_scope
2,1/18/2022,Englewood,CO,strike; picket,strike_out_of_scope
2,1/18/2022,Englewood,CO,strike; picket,strike_out_of_scope
2,1/18/2022,Evergreen,CO,strike; picket,strike_out_of_scope
2,1/18/2022,Federal Heights,CO,strike; picket,strike_out_of_scope
2,1/18/2022,Glendale,CO,strike; picket,strike_out_of_scope
2,1/18/2022,Golden,CO,strike; picket,strike_out_of_scope
2,1/18/2022,Greenwood Village,CO,strike; picket,strike_out_of_scope
2,1/18/2022,Greenwood Village,CO,strike; picket,strike_out_of_scope
2,1/18/2022,Highlands Ranch,CO,strike; picket,strike_out_of_scope
2,1/18/2022,Highlands Ranch,CO,strike; picket,strike_out_of_scope
2,1/18/2022,Highlands Ranch,CO,strike; picket,strike_out_of_scope
2,1/18/2022,Highlands Ranch,CO,strike; picket,strike_out_of_scope
2,1/18/2022,Lakewood,CO,strike; picket,strike_out_of_scope
2,1/18/2022,Lakewood,CO,strike; picket,strike_out_of_scope
2,1/18/2022,Lakewood,CO,strike; picket,strike_out_of_scope
2,1/18/2022,Lakewood,CO,strike; picket,strike_out_of_scope
2,1/18/2022,Lakewood,CO,strike; picket,strike_out_of_scope
2,1/18/2022,Littleton,CO,strike; picket,strike_out_of_scope
2,1/18/2022,Littleton,CO,strike; picket,strike_out_of_scope
2,1/18/2022,Littleton,CO,strike; picket,strike_out_of_scope
2,1/18/2022,Littleton,CO,strike; picket,strike_out_of_scope
2,1/18/2022,Littleton,CO,strike; picket,strike_out_of_scope
2,1/18/2022,Littleton,CO,strike; picket,strike_out_of_scope
2,1/18/2022,Louisville,CO,strike; picket,strike_out_of_scope
2,1/18/2022,Parker,CO,strike; picket,strike_out_of_scope
2,1/18/2022,Parker,CO,strike; picket,strike_out_of_scope
2,1/18/2022,Parker,CO,strike; picket,strike_out_of_scope
2,1/18/2022,Thornton,CO,strike; picket,strike_out_of_scope
2,1/18/2022,Thornton,CO,strike; picket,strike_out_of_scope
2,1/18/2022,Westminster,CO,strike; picket,strike_out_of_scope
2,1/18/2022,Westminster,CO,strike; picket,strike_out_of_scope
2,1/18/2022,Wheat Ridge,CO,strike; picket,strike_out_of_scope
2,1/18/2022,Wheat Ridge,CO,strike; picket,strike_out_of_scope
2,1/18/2022,Washington,DC,hunger strike,strike_out_of_scope
2,1/18/2022,Washington,DC,hunger strike; demonstration,strike_out_of_scope
2,1/18/2022,Lawrenceville,NJ,strike; picket,strike_out_of_scope
2,1/18/2022,New York,NY,hunger strike,strike_out_of_scope
2,1/18/2022,New York,NY,strike; picket,strike_out_of_scope
2,1/18/2022,San Antonio,TX,strike; picket,strike_out_of_scope
2,1/18/2022,Renton,WA,strike; picket,strike_out_of_scope
2,1/18/2022,Renton,WA,strike; picket,strike_out_of_scope
2,1/18/2022,Seattle,WA,strike; picket,strike_out_of_scope
2,1/18/2022,Smith Island,WA,strike; picket,strike_out_of_scope
2,1/18/2022,Woodinville,WA,strike; picket,strike_out_of_scope
2,1/18/2022,Huntington,WV,strike; picket,strike_out_of_scope
2,1/19/2022,Brookwood,AL,strike; picket,strike_out_of_scope
2,1/19/2022,Dublin,CA,hunger strike,strike_out_of_scope
2,1/19/2022,Santa Fe Springs,CA,strike; picket,strike_out_of_scope
2,1/19/2022,Arvada,CO,strike; picket,strike_out_of_scope
2,1/19/2022,Arvada,CO,strike; picket,strike_out_of_scope
2,1/19/2022,Arvada,CO,strike; picket,strike_out_of_scope
2,1/19/2022,Arvada,CO,strike; picket,strike_out_of_scope
2,1/19/2022,Arvada,CO,strike; picket,strike_out_of_scope
2,1/19/2022,Arvada,CO,strike; picket,strike_out_of_scope
2,1/19/2022,Arvada,CO,strike; picket,strike_out_of_scope
2,1/19/2022,Aurora,CO,strike; picket,strike_out_of_scope
2,1/19/2022,Aurora,CO,strike; picket,strike_out_of_scope
2,1/19/2022,Aurora,CO,strike; picket,strike_out_of_scope
2,1/19/2022,Aurora,CO,strike; picket,strike_out_of_scope
2,1/19/2022,Aurora,CO,strike; picket,strike_out_of_scope
2,1/19/2022,Aurora,CO,strike; picket,strike_out_of_scope
2,1/19/2022,Aurora,CO,strike; picket,strike_out_of_scope
2,1/19/2022,Aurora,CO,strike; picket,strike_out_of_scope
2,1/19/2022,Aurora,CO,strike; picket,strike_out_of_scope
2,1/19/2022,Aurora,CO,strike; picket,strike_out_of_scope
2,1/19/2022,Boulder,CO,strike; picket,strike_out_of_scope
2,1/19/2022,Boulder,CO,strike; picket,strike_out_of_scope
2,1/19/2022,Boulder,CO,strike; picket,strike_out_of_scope
2,1/19/2022,Broomfield,CO,strike; picket,strike_out_of_scope
2,1/19/2022,Broomfield,CO,strike; picket,strike_out_of_scope
2,1/19/2022,Broomfield,CO,strike; picket,strike_out_of_scope
2,1/19/2022,Centennial,CO,strike; picket,strike_out_of_scope
2,1/19/2022,Centennial,CO,strike; picket,strike_out_of_scope
2,1/19/2022,Centennial,CO,strike; picket,strike_out_of_scope
2,1/19/2022,Commerce City,CO,strike; picket,strike_out_of_scope
2,1/19/2022,Commerce City,CO,strike; picket,strike_out_of_scope
2,1/19/2022,Denver,CO,strike; picket,strike_out_of_scope
2,1/19/2022,Denver,CO,strike; picket,strike_out_of_scope
2,1/19/2022,Denver,CO,strike; picket,strike_out_of_scope
2,1/19/2022,Denver,CO,strike; picket,strike_out_of_scope
2,1/19/2022,Denver,CO,strike; picket,strike_out_of_scope
2,1/19/2022,Denver,CO,strike; picket,strike_out_of_scope
2,1/19/2022,Denver,CO,strike; picket,strike_out_of_scope
2,1/19/2022,Denver,CO,strike; picket,strike_out_of_scope
2,1/19/2022,Denver,CO,strike; picket,strike_out_of_scope
2,1/19/2022,Denver,CO,strike; picket,strike_out_of_scope
2,1/19/2022,Denver,CO,strike; picket,strike_out_of_scope
2,1/19/2022,Denver,CO,strike; picket,strike_out_of_scope
2,1/19/2022,Denver,CO,strike; picket,strike_out_of_scope
2,1/19/2022,Denver,CO,strike; picket,strike_out_of_scope
2,1/19/2022,Edgewater,CO,strike; picket,strike_out_of_scope
2,1/19/2022,Englewood,CO,strike; picket,strike_out_of_scope
2,1/19/2022,Englewood,CO,strike; picket,strike_out_of_scope
2,1/19/2022,Englewood,CO,strike; picket,strike_out_of_scope
2,1/19/2022,Evergreen,CO,strike; picket,strike_out_of_scope
2,1/19/2022,Federal Heights,CO,strike; picket,strike_out_of_scope
2,1/19/2022,Glendale,CO,strike; picket,strike_out_of_scope
2,1/19/2022,Golden,CO,strike; picket,strike_out_of_scope
2,1/19/2022,Greenwood Village,CO,strike; picket,strike_out_of_scope
2,1/19/2022,Greenwood Village,CO,strike; picket,strike_out_of_scope
2,1/19/2022,Highlands Ranch,CO,strike; picket,strike_out_of_scope
2,1/19/2022,Highlands Ranch,CO,strike; picket,strike_out_of_scope
2,1/19/2022,Highlands Ranch,CO,strike; picket,strike_out_of_scope
2,1/19/2022,Highlands Ranch,CO,strike; picket,strike_out_of_scope
2,1/19/2022,Lakewood,CO,strike; picket,strike_out_of_scope
2,1/19/2022,Lakewood,CO,strike; picket,strike_out_of_scope
2,1/19/2022,Lakewood,CO,strike; picket,strike_out_of_scope
2,1/19/2022,Lakewood,CO,strike; picket,strike_out_of_scope
2,1/19/2022,Lakewood,CO,strike; picket,strike_out_of_scope
2,1/19/2022,Littleton,CO,strike; picket,strike_out_of_scope
2,1/19/2022,Littleton,CO,strike; picket,strike_out_of_scope
2,1/19/2022,Littleton,CO,strike; picket,strike_out_of_scope
2,1/19/2022,Littleton,CO,strike; picket,strike_out_of_scope
2,1/19/2022,Littleton,CO,strike; picket,strike_out_of_scope
2,1/19/2022,Littleton,CO,strike; picket,strike_out_of_scope
2,1/19/2022,Louisville,CO,strike; picket,strike_out_of_scope
2,1/19/2022,Parker,CO,strike; picket,strike_out_of_scope
2,1/19/2022,Parker,CO,strike; picket,strike_out_of_scope
2,1/19/2022,Parker,CO,strike; picket,strike_out_of_scope
2,1/19/2022,Thornton,CO,strike; picket,strike_out_of_scope
2,1/19/2022,Thornton,CO,strike; picket,strike_out_of_scope
2,1/19/2022,Westminster,CO,strike; picket,strike_out_of_scope
2,1/19/2022,Westminster,CO,strike; picket,strike_out_of_scope
2,1/19/2022,Wheat Ridge,CO,strike; picket,strike_out_of_scope
2,1/19/2022,Wheat Ridge,CO,strike; picket,strike_out_of_scope
2,1/19/2022,Washington,DC,hunger strike,strike_out_of_scope
2,1/19/2022,Washington,DC,hunger strike; demonstration,strike_out_of_scope
2,1/19/2022,Lawrenceville,NJ,strike; picket,strike_out_of_scope
2,1/19/2022,New York,NY,hunger strike,strike_out_of_scope
2,1/19/2022,New York,NY,strike; picket,strike_out_of_scope
2,1/19/2022,San Antonio,TX,strike; picket,strike_out_of_scope
2,1/19/2022,Renton,WA,strike; picket,strike_out_of_scope
2,1/19/2022,Renton,WA,strike; picket,strike_out_of_scope
2,1/19/2022,Seattle,WA,strike; picket,strike_out_of_scope
2,1/19/2022,Smith Island,WA,strike; picket,strike_out_of_scope
2,1/19/2022,Woodinville,WA,strike; picket,strike_out_of_scope
2,1/19/2022,Huntington,WV,strike; picket,strike_out_of_scope
2,1/20/2022,Brookwood,AL,strike; picket,strike_out_of_scope
2,1/20/2022,Camarillo,CA,strike; picket,strike_out_of_scope
2,1/20/2022,Dublin,CA,hunger strike,strike_out_of_scope
2,1/20/2022,Santa Fe Springs,CA,strike; picket,strike_out_of_scope
2,1/20/2022,Arvada,CO,strike; picket,strike_out_of_scope
2,1/20/2022,Arvada,CO,strike; picket,strike_out_of_scope
2,1/20/2022,Arvada,CO,strike; picket,strike_out_of_scope
2,1/20/2022,Arvada,CO,strike; picket,strike_out_of_scope
2,1/20/2022,Arvada,CO,strike; picket,strike_out_of_scope
2,1/20/2022,Arvada,CO,strike; picket,strike_out_of_scope
2,1/20/2022,Arvada,CO,strike; picket,strike_out_of_scope
2,1/20/2022,Aurora,CO,strike; picket,strike_out_of_scope
2,1/20/2022,Aurora,CO,strike; picket,strike_out_of_scope
2,1/20/2022,Aurora,CO,strike; picket,strike_out_of_scope
2,1/20/2022,Aurora,CO,strike; picket,strike_out_of_scope
2,1/20/2022,Aurora,CO,strike; picket,strike_out_of_scope
2,1/20/2022,Aurora,CO,strike; picket,strike_out_of_scope
2,1/20/2022,Aurora,CO,strike; picket,strike_out_of_scope
2,1/20/2022,Aurora,CO,strike; picket,strike_out_of_scope
2,1/20/2022,Aurora,CO,strike; picket,strike_out_of_scope
2,1/20/2022,Aurora,CO,strike; picket,strike_out_of_scope
2,1/20/2022,Boulder,CO,strike; picket,strike_out_of_scope
2,1/20/2022,Boulder,CO,strike; picket,strike_out_of_scope
2,1/20/2022,Boulder,CO,strike; picket,strike_out_of_scope
2,1/20/2022,Broomfield,CO,strike; picket,strike_out_of_scope
2,1/20/2022,Broomfield,CO,strike; picket,strike_out_of_scope
2,1/20/2022,Broomfield,CO,strike; picket,strike_out_of_scope
2,1/20/2022,Centennial,CO,strike; picket,strike_out_of_scope
2,1/20/2022,Centennial,CO,strike; picket,strike_out_of_scope
2,1/20/2022,Centennial,CO,strike; picket,strike_out_of_scope
2,1/20/2022,Commerce City,CO,strike; picket,strike_out_of_scope
2,1/20/2022,Commerce City,CO,strike; picket,strike_out_of_scope
2,1/20/2022,Denver,CO,strike; picket,strike_out_of_scope
2,1/20/2022,Denver,CO,strike; picket,strike_out_of_scope
2,1/20/2022,Denver,CO,strike; picket,strike_out_of_scope
2,1/20/2022,Denver,CO,strike; picket,strike_out_of_scope
2,1/20/2022,Denver,CO,strike; picket,strike_out_of_scope
2,1/20/2022,Denver,CO,strike; picket,strike_out_of_scope
2,1/20/2022,Denver,CO,strike; picket,strike_out_of_scope
2,1/20/2022,Denver,CO,strike; picket,strike_out_of_scope
2,1/20/2022,Denver,CO,strike; picket,strike_out_of_scope
2,1/20/2022,Denver,CO,strike; picket,strike_out_of_scope
2,1/20/2022,Denver,CO,strike; picket,strike_out_of_scope
2,1/20/2022,Denver,CO,strike; picket,strike_out_of_scope
2,1/20/2022,Denver,CO,strike; picket,strike_out_of_scope
2,1/20/2022,Denver,CO,strike; picket,strike_out_of_scope
2,1/20/2022,Edgewater,CO,strike; picket,strike_out_of_scope
2,1/20/2022,Englewood,CO,strike; picket,strike_out_of_scope
2,1/20/2022,Englewood,CO,strike; picket,strike_out_of_scope
2,1/20/2022,Englewood,CO,strike; picket,strike_out_of_scope
2,1/20/2022,Evergreen,CO,strike; picket,strike_out_of_scope
2,1/20/2022,Federal Heights,CO,strike; picket,strike_out_of_scope
2,1/20/2022,Glendale,CO,strike; picket,strike_out_of_scope
2,1/20/2022,Golden,CO,strike; picket,strike_out_of_scope
2,1/20/2022,Greenwood Village,CO,strike; picket,strike_out_of_scope
2,1/20/2022,Greenwood Village,CO,strike; picket,strike_out_of_scope
2,1/20/2022,Highlands Ranch,CO,strike; picket,strike_out_of_scope
2,1/20/2022,Highlands Ranch,CO,strike; picket,strike_out_of_scope
2,1/20/2022,Highlands Ranch,CO,strike; picket,strike_out_of_scope
2,1/20/2022,Highlands Ranch,CO,strike; picket,strike_out_of_scope
2,1/20/2022,Lakewood,CO,strike; picket,strike_out_of_scope
2,1/20/2022,Lakewood,CO,strike; picket,strike_out_of_scope
2,1/20/2022,Lakewood,CO,strike; picket,strike_out_of_scope
2,1/20/2022,Lakewood,CO,strike; picket,strike_out_of_scope
2,1/20/2022,Lakewood,CO,strike; picket,strike_out_of_scope
2,1/20/2022,Littleton,CO,strike; picket,strike_out_of_scope
2,1/20/2022,Littleton,CO,strike; picket,strike_out_of_scope
2,1/20/2022,Littleton,CO,strike; picket,strike_out_of_scope
2,1/20/2022,Littleton,CO,strike; picket,strike_out_of_scope
2,1/20/2022,Littleton,CO,strike; picket,strike_out_of_scope
2,1/20/2022,Littleton,CO,strike; picket,strike_out_of_scope
2,1/20/2022,Louisville,CO,strike; picket,strike_out_of_scope
2,1/20/2022,Parker,CO,strike; picket,strike_out_of_scope
2,1/20/2022,Parker,CO,strike; picket,strike_out_of_scope
2,1/20/2022,Parker,CO,strike; picket,strike_out_of_scope
2,1/20/2022,Thornton,CO,strike; picket,strike_out_of_scope
2,1/20/2022,Thornton,CO,strike; picket,strike_out_of_scope
2,1/20/2022,Westminster,CO,strike; picket,strike_out_of_scope
2,1/20/2022,Westminster,CO,strike; picket,strike_out_of_scope
2,1/20/2022,Wheat Ridge,CO,strike; picket,strike_out_of_scope
2,1/20/2022,Wheat Ridge,CO,strike; picket,strike_out_of_scope
2,1/20/2022,Lawrenceville,NJ,strike; picket,strike_out_of_scope
2,1/20/2022,New York,NY,hunger strike,strike_out_of_scope
2,1/20/2022,New York,NY,strike; picket,strike_out_of_scope
2,1/20/2022,San Antonio,TX,strike; picket,strike_out_of_scope
2,1/20/2022,Renton,WA,strike; picket,strike_out_of_scope
2,1/20/2022,Renton,WA,strike; picket,strike_out_of_scope
2,1/20/2022,Seattle,WA,strike; picket,strike_out_of_scope
2,1/20/2022,Smith Island,WA,strike; picket,strike_out_of_scope
2,1/20/2022,Woodinville,WA,strike; picket,strike_out_of_scope
2,1/20/2022,Huntington,WV,strike; picket,strike_out_of_scope
2,1/21/2022,Brookwood,AL,strike; picket,strike_out_of_scope
2,1/21/2022,Dublin,CA,hunger strike,strike_out_of_scope
2,1/21/2022,Roseville,CA,strike; picket,strike_out_of_scope
2,1/21/2022,Santa Fe Springs,CA,strike; picket,strike_out_of_scope
2,1/21/2022,Arvada,CO,strike; picket,strike_out_of_scope
2,1/21/2022,Arvada,CO,strike; picket,strike_out_of_scope
2,1/21/2022,Arvada,CO,strike; picket,strike_out_of_scope
2,1/21/2022,Arvada,CO,strike; picket,strike_out_of_scope
2,1/21/2022,Arvada,CO,strike; picket,strike_out_of_scope
2,1/21/2022,Arvada,CO,strike; picket,strike_out_of_scope
2,1/21/2022,Arvada,CO,strike; picket,strike_out_of_scope
2,1/21/2022,Aurora,CO,strike; picket,strike_out_of_scope
2,1/21/2022,Aurora,CO,strike; picket,strike_out_of_scope
2,1/21/2022,Aurora,CO,strike; picket,strike_out_of_scope
2,1/21/2022,Aurora,CO,strike; picket,strike_out_of_scope
2,1/21/2022,Aurora,CO,strike; picket,strike_out_of_scope
2,1/21/2022,Aurora,CO,strike; picket,strike_out_of_scope
2,1/21/2022,Aurora,CO,strike; picket,strike_out_of_scope
2,1/21/2022,Aurora,CO,strike; picket,strike_out_of_scope
2,1/21/2022,Aurora,CO,strike; picket,strike_out_of_scope
2,1/21/2022,Aurora,CO,strike; picket,strike_out_of_scope
2,1/21/2022,Boulder,CO,strike; picket,strike_out_of_scope
2,1/21/2022,Boulder,CO,strike; picket,strike_out_of_scope
2,1/21/2022,Boulder,CO,strike; picket,strike_out_of_scope
2,1/21/2022,Broomfield,CO,strike; picket,strike_out_of_scope
2,1/21/2022,Broomfield,CO,strike; picket,strike_out_of_scope
2,1/21/2022,Broomfield,CO,strike; picket,strike_out_of_scope
2,1/21/2022,Centennial,CO,strike; picket,strike_out_of_scope
2,1/21/2022,Centennial,CO,strike; picket,strike_out_of_scope
2,1/21/2022,Centennial,CO,strike; picket,strike_out_of_scope
2,1/21/2022,Commerce City,CO,strike; picket,strike_out_of_scope
2,1/21/2022,Commerce City,CO,strike; picket,strike_out_of_scope
2,1/21/2022,Denver,CO,strike; picket,strike_out_of_scope
2,1/21/2022,Denver,CO,strike; picket,strike_out_of_scope
2,1/21/2022,Denver,CO,strike; picket,strike_out_of_scope
2,1/21/2022,Denver,CO,strike; picket,strike_out_of_scope
2,1/21/2022,Denver,CO,strike; picket,strike_out_of_scope
2,1/21/2022,Denver,CO,strike; picket,strike_out_of_scope
2,1/21/2022,Denver,CO,strike; picket,strike_out_of_scope
2,1/21/2022,Denver,CO,strike; picket,strike_out_of_scope
2,1/21/2022,Denver,CO,strike; picket,strike_out_of_scope
2,1/21/2022,Denver,CO,strike; picket,strike_out_of_scope
2,1/21/2022,Denver,CO,strike; picket,strike_out_of_scope
2,1/21/2022,Denver,CO,strike; picket,strike_out_of_scope
2,1/21/2022,Denver,CO,strike; picket,strike_out_of_scope
2,1/21/2022,Denver,CO,strike; picket,strike_out_of_scope
2,1/21/2022,Edgewater,CO,strike; picket,strike_out_of_scope
2,1/21/2022,Englewood,CO,strike; picket,strike_out_of_scope
2,1/21/2022,Englewood,CO,strike; picket,strike_out_of_scope
2,1/21/2022,Englewood,CO,strike; picket,strike_out_of_scope
2,1/21/2022,Evergreen,CO,strike; picket,strike_out_of_scope
2,1/21/2022,Federal Heights,CO,strike; picket,strike_out_of_scope
2,1/21/2022,Glendale,CO,strike; picket,strike_out_of_scope
2,1/21/2022,Golden,CO,strike; picket,strike_out_of_scope
2,1/21/2022,Greenwood Village,CO,strike; picket,strike_out_of_scope
2,1/21/2022,Greenwood Village,CO,strike; picket,strike_out_of_scope
2,1/21/2022,Highlands Ranch,CO,strike; picket,strike_out_of_scope
2,1/21/2022,Highlands Ranch,CO,strike; picket,strike_out_of_scope
2,1/21/2022,Highlands Ranch,CO,strike; picket,strike_out_of_scope
2,1/21/2022,Highlands Ranch,CO,strike; picket,strike_out_of_scope
2,1/21/2022,Lakewood,CO,strike; picket,strike_out_of_scope
2,1/21/2022,Lakewood,CO,strike; picket,strike_out_of_scope
2,1/21/2022,Lakewood,CO,strike; picket,strike_out_of_scope
2,1/21/2022,Lakewood,CO,strike; picket,strike_out_of_scope
2,1/21/2022,Lakewood,CO,strike; picket,strike_out_of_scope
2,1/21/2022,Littleton,CO,strike; picket,strike_out_of_scope
2,1/21/2022,Littleton,CO,strike; picket,strike_out_of_scope
2,1/21/2022,Littleton,CO,strike; picket,strike_out_of_scope
2,1/21/2022,Littleton,CO,strike; picket,strike_out_of_scope
2,1/21/2022,Littleton,CO,strike; picket,strike_out_of_scope
2,1/21/2022,Littleton,CO,strike; picket,strike_out_of_scope
2,1/21/2022,Louisville,CO,strike; picket,strike_out_of_scope
2,1/21/2022,Parker,CO,strike; picket,strike_out_of_scope
2,1/21/2022,Parker,CO,strike; picket,strike_out_of_scope
2,1/21/2022,Parker,CO,strike; picket,strike_out_of_scope
2,1/21/2022,Thornton,CO,strike; picket,strike_out_of_scope
2,1/21/2022,Thornton,CO,strike; picket,strike_out_of_scope
2,1/21/2022,Westminster,CO,strike; picket,strike_out_of_scope
2,1/21/2022,Westminster,CO,strike; picket,strike_out_of_scope
2,1/21/2022,Wheat Ridge,CO,strike; picket,strike_out_of_scope
2,1/21/2022,Wheat Ridge,CO,strike; picket,strike_out_of_scope
2,1/21/2022,Prentiss,MS,strike,strike_out_of_scope
2,1/21/2022,Lawrenceville,NJ,strike; picket,strike_out_of_scope
2,1/21/2022,New York,NY,hunger strike,strike_out_of_scope
2,1/21/2022,New York,NY,strike; picket,strike_out_of_scope
2,1/21/2022,San Antonio,TX,strike; picket,strike_out_of_scope
2,1/21/2022,Renton,WA,strike; picket,strike_out_of_scope
2,1/21/2022,Renton,WA,strike; picket,strike_out_of_scope
2,1/21/2022,Seattle,WA,strike; picket,strike_out_of_scope
2,1/21/2022,Smith Island,WA,strike; picket,strike_out_of_scope
2,1/21/2022,Woodinville,WA,strike; picket,strike_out_of_scope
2,1/21/2022,Huntington,WV,strike; picket,strike_out_of_scope
2,1/22/2022,Brookwood,AL,strike; picket,strike_out_of_scope
2,1/22/2022,Dublin,CA,hunger strike,strike_out_of_scope
2,1/22/2022,Santa Fe Springs,CA,strike; picket,strike_out_of_scope
2,1/22/2022,Lawrenceville,NJ,strike; picket,strike_out_of_scope
2,1/22/2022,New York,NY,strike; picket,strike_out_of_scope
2,1/22/2022,San Antonio,TX,strike; picket,strike_out_of_scope
2,1/22/2022,Renton,WA,strike; picket,strike_out_of_scope
2,1/22/2022,Renton,WA,strike; picket,strike_out_of_scope
2,1/22/2022,Seattle,WA,strike; picket,strike_out_of_scope
2,1/22/2022,Smith Island,WA,strike; picket,strike_out_of_scope
2,1/22/2022,Woodinville,WA,strike; picket,strike_out_of_scope
2,1/22/2022,Huntington,WV,strike; picket,strike_out_of_scope
2,1/23/2022,Brookwood,AL,strike; picket,strike_out_of_scope
2,1/23/2022,Dublin,CA,hunger strike,strike_out_of_scope
2,1/23/2022,Santa Fe Springs,CA,strike; picket,strike_out_of_scope
2,1/23/2022,Lawrenceville,NJ,strike; picket,strike_out_of_scope
2,1/23/2022,New York,NY,strike; picket,strike_out_of_scope
2,1/23/2022,San Antonio,TX,strike; picket,strike_out_of_scope
2,1/23/2022,Renton,WA,strike; picket,strike_out_of_scope
2,1/23/2022,Renton,WA,strike; picket,strike_out_of_scope
2,1/23/2022,Seattle,WA,strike; picket,strike_out_of_scope
2,1/23/2022,Smith Island,WA,strike; picket,strike_out_of_scope
2,1/23/2022,Woodinville,WA,strike; picket,strike_out_of_scope
2,1/23/2022,Huntington,WV,strike; picket,strike_out_of_scope
2,1/24/2022,Brookwood,AL,strike; picket,strike_out_of_scope
2,1/24/2022,Dublin,CA,hunger strike,strike_out_of_scope
2,1/24/2022,Santa Fe Springs,CA,strike; picket,strike_out_of_scope
2,1/24/2022,Lawrenceville,NJ,strike; picket,strike_out_of_scope
2,1/24/2022,New York,NY,strike; picket,strike_out_of_scope
2,1/24/2022,San Antonio,TX,strike; picket,strike_out_of_scope
2,1/24/2022,Renton,WA,strike; picket,strike_out_of_scope
2,1/24/2022,Renton,WA,strike; picket,strike_out_of_scope
2,1/24/2022,Seattle,WA,strike; picket,strike_out_of_scope
2,1/24/2022,Smith Island,WA,strike; picket,strike_out_of_scope
2,1/24/2022,Woodinville,WA,strike; picket,strike_out_of_scope
2,1/24/2022,Huntington,WV,strike; picket,strike_out_of_scope
2,1/25/2022,Brookwood,AL,strike; picket,strike_out_of_scope
2,1/25/2022,Dublin,CA,hunger strike,strike_out_of_scope
2,1/25/2022,Santa Cruz,CA,strike; picket; march; rally,strike_out_of_scope
2,1/25/2022,Santa Fe Springs,CA,strike; picket,strike_out_of_scope
2,1/25/2022,Lawrenceville,NJ,strike; picket,strike_out_of_scope
2,1/25/2022,New York,NY,strike; picket,strike_out_of_scope
2,1/25/2022,San Antonio,TX,strike; picket,strike_out_of_scope
2,1/25/2022,Renton,WA,strike; picket,strike_out_of_scope
2,1/25/2022,Renton,WA,strike; picket,strike_out_of_scope
2,1/25/2022,Seattle,WA,strike; picket,strike_out_of_scope
2,1/25/2022,Smith Island,WA,strike; picket,strike_out_of_scope
2,1/25/2022,Woodinville,WA,strike; picket,strike_out_of_scope
2,1/25/2022,Huntington,WV,strike; picket,strike_out_of_scope
2,1/26/2022,Brookwood,AL,strike; picket,strike_out_of_scope
2,1/26/2022,Dublin,CA,hunger strike,strike_out_of_scope
2,1/26/2022,Santa Fe Springs,CA,strike; picket,strike_out_of_scope
2,1/26/2022,Lawrenceville,NJ,strike; picket,strike_out_of_scope
2,1/26/2022,New York,NY,strike; picket,strike_out_of_scope
2,1/26/2022,San Antonio,TX,strike; picket,strike_out_of_scope
2,1/26/2022,Renton,WA,strike; picket,strike_out_of_scope
2,1/26/2022,Renton,WA,strike; picket,strike_out_of_scope
2,1/26/2022,Seattle,WA,strike; picket,strike_out_of_scope
2,1/26/2022,Smith Island,WA,strike; picket,strike_out_of_scope
2,1/26/2022,Woodinville,WA,strike; picket,strike_out_of_scope
2,1/26/2022,Huntington,WV,strike; picket,strike_out_of_scope
2,1/27/2022,Brookwood,AL,strike; picket,strike_out_of_scope
2,1/27/2022,Dublin,CA,hunger strike,strike_out_of_scope
2,1/27/2022,Santa Fe Springs,CA,strike; picket,strike_out_of_scope
2,1/27/2022,Lawrenceville,NJ,strike; picket,strike_out_of_scope
2,1/27/2022,New York,NY,strike; picket,strike_out_of_scope
2,1/27/2022,San Antonio,TX,strike; picket,strike_out_of_scope
2,1/27/2022,Renton,WA,strike; picket,strike_out_of_scope
2,1/27/2022,Renton,WA,strike; picket,strike_out_of_scope
2,1/27/2022,Seattle,WA,strike; picket,strike_out_of_scope
2,1/27/2022,Smith Island,WA,strike; picket,strike_out_of_scope
2,1/27/2022,Woodinville,WA,strike; picket,strike_out_of_scope
2,1/27/2022,Huntington,WV,strike; picket,strike_out_of_scope
2,1/28/2022,Brookwood,AL,strike; picket,strike_out_of_scope
2,1/28/2022,Dublin,CA,hunger strike,strike_out_of_scope
2,1/28/2022,Santa Fe Springs,CA,strike; picket,strike_out_of_scope
2,1/28/2022,Lawrenceville,NJ,strike; picket,strike_out_of_scope
2,1/28/2022,New York,NY,strike; picket,strike_out_of_scope
2,1/28/2022,San Antonio,TX,strike; picket,strike_out_of_scope
2,1/28/2022,Renton,WA,strike; picket,strike_out_of_scope
2,1/28/2022,Renton,WA,strike; picket,strike_out_of_scope
2,1/28/2022,Seattle,WA,strike; picket,strike_out_of_scope
2,1/28/2022,Smith Island,WA,strike; picket,strike_out_of_scope
2,1/28/2022,Woodinville,WA,strike; picket,strike_out_of_scope
2,1/28/2022,Huntington,WV,strike; picket,strike_out_of_scope
2,1/29/2022,Brookwood,AL,strike; picket,strike_out_of_scope
2,1/29/2022,Santa Fe Springs,CA,strike; picket,strike_out_of_scope
2,1/29/2022,Lawrenceville,NJ,strike; picket,strike_out_of_scope
2,1/29/2022,New York,NY,strike; picket,strike_out_of_scope
2,1/29/2022,San Antonio,TX,strike; picket,strike_out_of_scope
2,1/29/2022,Renton,WA,strike; picket,strike_out_of_scope
2,1/29/2022,Renton,WA,strike; picket,strike_out_of_scope
2,1/29/2022,Seattle,WA,strike; picket,strike_out_of_scope
2,1/29/2022,Smith Island,WA,strike; picket,strike_out_of_scope
2,1/29/2022,Woodinville,WA,strike; picket,strike_out_of_scope
2,1/29/2022,Huntington,WV,strike; picket,strike_out_of_scope
2,1/30/2022,Brookwood,AL,strike; picket,strike_out_of_scope
2,1/30/2022,Santa Fe Springs,CA,strike; picket,strike_out_of_scope
2,1/30/2022,Lawrenceville,NJ,strike; picket,strike_out_of_scope
2,1/30/2022,New York,NY,strike; picket,strike_out_of_scope
2,1/30/2022,San Antonio,TX,strike; picket,strike_out_of_scope
2,1/30/2022,Renton,WA,strike; picket,strike_out_of_scope
2,1/30/2022,Renton,WA,strike; picket,strike_out_of_scope
2,1/30/2022,Seattle,WA,strike; picket,strike_out_of_scope
2,1/30/2022,Smith Island,WA,strike; picket,strike_out_of_scope
2,1/30/2022,Woodinville,WA,strike; picket,strike_out_of_scope
2,1/30/2022,Huntington,WV,strike; picket,strike_out_of_scope
2,1/31/2022,Brookwood,AL,strike; picket,strike_out_of_scope
2,1/31/2022,Santa Fe Springs,CA,strike; picket,strike_out_of_scope
2,1/31/2022,Lawrenceville,NJ,strike; picket,strike_out_of_scope
2,1/31/2022,New York,NY,strike; picket,strike_out_of_scope
2,1/31/2022,San Antonio,TX,strike; picket,strike_out_of_scope
2,1/31/2022,Renton,WA,strike; picket,strike_out_of_scope
2,1/31/2022,Renton,WA,strike; picket,strike_out_of_scope
2,1/31/2022,Seattle,WA,strike; picket,strike_out_of_scope
2,1/31/2022,Smith Island,WA,strike; picket,strike_out_of_scope
2,1/31/2022,Woodinville,WA,strike; picket,strike_out_of_scope
2,1/31/2022,Huntington,WV,strike; picket,strike_out_of_scope
2,2/1/2022,Brookwood,AL,strike; picket,strike_out_of_scope
2,2/1/2022,Oakland,CA,hunger strike,strike_out_of_scope
2,2/1/2022,Santa Fe Springs,CA,strike; picket,strike_out_of_scope
2,2/1/2022,Lawrenceville,NJ,strike; picket,strike_out_of_scope
2,2/1/2022,New York,NY,strike; picket,strike_out_of_scope
2,2/1/2022,San Antonio,TX,strike; picket,strike_out_of_scope
2,2/1/2022,Renton,WA,strike; picket,strike_out_of_scope
2,2/1/2022,Renton,WA,strike; picket,strike_out_of_scope
2,2/1/2022,Seattle,WA,strike; picket,strike_out_of_scope
2,2/1/2022,Smith Island,WA,strike; picket,strike_out_of_scope
2,2/1/2022,Woodinville,WA,strike; picket,strike_out_of_scope
2,2/1/2022,Huntington,WV,strike; picket,strike_out_of_scope
2,2/2/2022,Brookwood,AL,strike; picket,strike_out_of_scope
2,2/2/2022,Los Angeles,CA,virtual strike,strike_out_of_scope
2,2/2/2022,Oakland,CA,hunger strike,strike_out_of_scope
2,2/2/2022,Santa Fe Springs,CA,strike; picket,strike_out_of_scope
2,2/2/2022,Lawrenceville,NJ,strike; picket,strike_out_of_scope
2,2/2/2022,New York,NY,strike; picket,strike_out_of_scope
2,2/2/2022,San Antonio,TX,strike; picket,strike_out_of_scope
2,2/2/2022,Renton,WA,strike; picket,strike_out_of_scope
2,2/2/2022,Renton,WA,strike; picket,strike_out_of_scope
2,2/2/2022,Seattle,WA,strike; picket,strike_out_of_scope
2,2/2/2022,Smith Island,WA,strike; picket,strike_out_of_scope
2,2/2/2022,Woodinville,WA,strike; picket,strike_out_of_scope
2,2/2/2022,Huntington,WV,strike; picket,strike_out_of_scope
2,2/3/2022,Brookwood,AL,strike; picket,strike_out_of_scope
2,2/3/2022,Oakland,CA,hunger strike,strike_out_of_scope
2,2/3/2022,Santa Fe Springs,CA,strike; picket,strike_out_of_scope
2,2/3/2022,Lawrenceville,NJ,strike; picket,strike_out_of_scope
2,2/3/2022,New York,NY,strike; picket,strike_out_of_scope
2,2/3/2022,San Antonio,TX,strike; picket,strike_out_of_scope
2,2/3/2022,Renton,WA,strike; picket,strike_out_of_scope
2,2/3/2022,Renton,WA,strike; picket,strike_out_of_scope
2,2/3/2022,Seattle,WA,strike; picket,strike_out_of_scope
2,2/3/2022,Smith Island,WA,strike; picket,strike_out_of_scope
2,2/3/2022,Woodinville,WA,strike; picket,strike_out_of_scope
2,2/3/2022,Huntington,WV,strike; picket,strike_out_of_scope
2,2/4/2022,Brookwood,AL,strike; picket,strike_out_of_scope
2,2/4/2022,Oakland,CA,hunger strike,strike_out_of_scope
2,2/4/2022,Santa Fe Springs,CA,strike; picket,strike_out_of_scope
2,2/4/2022,Lawrenceville,NJ,strike; picket,strike_out_of_scope
2,2/4/2022,New York,NY,strike; picket,strike_out_of_scope
2,2/4/2022,San Antonio,TX,strike; picket,strike_out_of_scope
2,2/4/2022,Renton,WA,strike; picket,strike_out_of_scope
2,2/4/2022,Renton,WA,strike; picket,strike_out_of_scope
2,2/4/2022,Seattle,WA,strike; picket,strike_out_of_scope
2,2/4/2022,Smith Island,WA,strike; picket,strike_out_of_scope
2,2/4/2022,Woodinville,WA,strike; picket,strike_out_of_scope
2,2/4/2022,Huntington,WV,strike; picket,strike_out_of_scope
2,2/5/2022,Brookwood,AL,strike; picket,strike_out_of_scope
2,2/5/2022,Oakland,CA,hunger strike,strike_out_of_scope
2,2/5/2022,Santa Fe Springs,CA,strike; picket,strike_out_of_scope
2,2/5/2022,Washington,DC,strike; picket,strike_out_of_scope
2,2/5/2022,Lawrenceville,NJ,strike; picket,strike_out_of_scope
2,2/5/2022,New York,NY,strike; picket,strike_out_of_scope
2,2/5/2022,Cleveland,OH,strike; picket,strike_out_of_scope
2,2/5/2022,San Antonio,TX,strike; picket,strike_out_of_scope
2,2/5/2022,Renton,WA,strike; picket,strike_out_of_scope
2,2/5/2022,Renton,WA,strike; picket,strike_out_of_scope
2,2/5/2022,Seattle,WA,strike; picket,strike_out_of_scope
2,2/5/2022,Smith Island,WA,strike; picket,strike_out_of_scope
2,2/5/2022,Woodinville,WA,strike; picket,strike_out_of_scope
2,2/5/2022,Huntington,WV,strike; picket,strike_out_of_scope
2,2/6/2022,Brookwood,AL,strike; picket,strike_out_of_scope
2,2/6/2022,Oakland,CA,hunger strike,strike_out_of_scope
2,2/6/2022,Santa Fe Springs,CA,strike; picket,strike_out_of_scope
2,2/6/2022,Washington,DC,strike; picket,strike_out_of_scope
2,2/6/2022,Lawrenceville,NJ,strike; picket,strike_out_of_scope
2,2/6/2022,New York,NY,strike; picket,strike_out_of_scope
2,2/6/2022,Cleveland,OH,strike; picket,strike_out_of_scope
2,2/6/2022,San Antonio,TX,strike; picket,strike_out_of_scope
2,2/6/2022,Renton,WA,strike; picket,strike_out_of_scope
2,2/6/2022,Renton,WA,strike; picket,strike_out_of_scope
2,2/6/2022,Seattle,WA,strike; picket,strike_out_of_scope
2,2/6/2022,Smith Island,WA,strike; picket,strike_out_of_scope
2,2/6/2022,Woodinville,WA,strike; picket,strike_out_of_scope
2,2/6/2022,Huntington,WV,strike; picket,strike_out_of_scope
2,2/7/2022,Brookwood,AL,strike; picket,strike_out_of_scope
2,2/7/2022,Oakland,CA,hunger strike,strike_out_of_scope
2,2/7/2022,Santa Fe Springs,CA,strike; picket,strike_out_of_scope
2,2/7/2022,Lawrenceville,NJ,strike; picket,strike_out_of_scope
2,2/7/2022,New York,NY,strike; picket,strike_out_of_scope
2,2/7/2022,Cleveland,OH,strike; picket,strike_out_of_scope
2,2/7/2022,San Antonio,TX,strike; picket,strike_out_of_scope
2,2/7/2022,Renton,WA,strike; picket,strike_out_of_scope
2,2/7/2022,Renton,WA,strike; picket,strike_out_of_scope
2,2/7/2022,Seattle,WA,strike; picket,strike_out_of_scope
2,2/7/2022,Smith Island,WA,strike; picket,strike_out_of_scope
2,2/7/2022,Woodinville,WA,strike; picket,strike_out_of_scope
2,2/7/2022,Huntington,WV,strike; picket,strike_out_of_scope
2,2/8/2022,Brookwood,AL,strike; picket,strike_out_of_scope
2,2/8/2022,Oakland,CA,hunger strike,strike_out_of_scope
2,2/8/2022,San Francisco,CA,strike; picket; rally,strike_out_of_scope
2,2/8/2022,Santa Fe Springs,CA,strike; picket,strike_out_of_scope
2,2/8/2022,Lawrenceville,NJ,strike; picket,strike_out_of_scope
2,2/8/2022,New York,NY,strike; picket,strike_out_of_scope
2,2/8/2022,Cleveland,OH,strike; picket,strike_out_of_scope
2,2/8/2022,San Antonio,TX,strike; picket,strike_out_of_scope
2,2/8/2022,Renton,WA,strike; picket,strike_out_of_scope
2,2/8/2022,Renton,WA,strike; picket,strike_out_of_scope
2,2/8/2022,Seattle,WA,strike; picket,strike_out_of_scope
2,2/8/2022,Smith Island,WA,strike; picket,strike_out_of_scope
2,2/8/2022,Woodinville,WA,strike; picket,strike_out_of_scope
2,2/8/2022,Huntington,WV,strike; picket,strike_out_of_scope
2,2/9/2022,Brookwood,AL,strike; picket,strike_out_of_scope
2,2/9/2022,Oakland,CA,strike; picket; rally; march,strike_out_of_scope
2,2/9/2022,Oakland,CA,sickout; walkout; strike,strike_out_of_scope
2,2/9/2022,Oakland,CA,hunger strike,strike_out_of_scope
2,2/9/2022,Santa Fe Springs,CA,strike; picket,strike_out_of_scope
2,2/9/2022,Saint Cloud,MN,strike; picket,strike_out_of_scope
2,2/9/2022,Lawrenceville,NJ,strike; picket,strike_out_of_scope
2,2/9/2022,New York,NY,strike; picket,strike_out_of_scope
2,2/9/2022,Cleveland,OH,strike; picket,strike_out_of_scope
2,2/9/2022,San Antonio,TX,strike; picket,strike_out_of_scope
2,2/9/2022,Renton,WA,strike; picket,strike_out_of_scope
2,2/9/2022,Renton,WA,strike; picket,strike_out_of_scope
2,2/9/2022,Seattle,WA,strike; picket,strike_out_of_scope
2,2/9/2022,Smith Island,WA,strike; picket,strike_out_of_scope
2,2/9/2022,Woodinville,WA,strike; picket,strike_out_of_scope
2,2/9/2022,Huntington,WV,strike; picket,strike_out_of_scope
2,2/10/2022,Brookwood,AL,strike; picket,strike_out_of_scope
2,2/10/2022,Oakland,CA,hunger strike,strike_out_of_scope
2,2/10/2022,San Francisco,CA,strike; picket,strike_out_of_scope
2,2/10/2022,Santa Fe Springs,CA,strike; picket,strike_out_of_scope
2,2/10/2022,Saint Cloud,MN,strike; picket,strike_out_of_scope
2,2/10/2022,Lawrenceville,NJ,strike; picket,strike_out_of_scope
2,2/10/2022,New York,NY,strike; picket,strike_out_of_scope
2,2/10/2022,Cleveland,OH,strike; picket,strike_out_of_scope
2,2/10/2022,San Antonio,TX,strike; picket,strike_out_of_scope
2,2/10/2022,Renton,WA,strike; picket,strike_out_of_scope
2,2/10/2022,Renton,WA,strike; picket,strike_out_of_scope
2,2/10/2022,Seattle,WA,strike; picket,strike_out_of_scope
2,2/10/2022,Smith Island,WA,strike; picket,strike_out_of_scope
2,2/10/2022,Woodinville,WA,strike; picket,strike_out_of_scope
2,2/10/2022,Huntington,WV,strike; picket,strike_out_of_scope
2,2/11/2022,Brookwood,AL,strike; picket,strike_out_of_scope
2,2/11/2022,Oakland,CA,hunger strike,strike_out_of_scope
2,2/11/2022,San Francisco,CA,strike; picket,strike_out_of_scope
2,2/11/2022,Santa Fe Springs,CA,strike; picket,strike_out_of_scope
2,2/11/2022,Saint Cloud,MN,strike; picket,strike_out_of_scope
2,2/11/2022,Lawrenceville,NJ,strike; picket,strike_out_of_scope
2,2/11/2022,New York,NY,strike; picket,strike_out_of_scope
2,2/11/2022,Cleveland,OH,strike; picket,strike_out_of_scope
2,2/11/2022,San Antonio,TX,strike; picket,strike_out_of_scope
2,2/11/2022,Renton,WA,strike; picket,strike_out_of_scope
2,2/11/2022,Renton,WA,strike; picket,strike_out_of_scope
2,2/11/2022,Seattle,WA,strike; picket,strike_out_of_scope
2,2/11/2022,Smith Island,WA,strike; picket,strike_out_of_scope
2,2/11/2022,Woodinville,WA,strike; picket,strike_out_of_scope
2,2/11/2022,Huntington,WV,strike; picket,strike_out_of_scope
2,2/12/2022,Brookwood,AL,strike; picket,strike_out_of_scope
2,2/12/2022,Oakland,CA,hunger strike,strike_out_of_scope
2,2/12/2022,Santa Fe Springs,CA,strike; picket,strike_out_of_scope
2,2/12/2022,Lawrenceville,NJ,strike; picket,strike_out_of_scope
2,2/12/2022,New York,NY,strike; picket,strike_out_of_scope
2,2/12/2022,Cleveland,OH,strike; picket,strike_out_of_scope
2,2/12/2022,San Antonio,TX,strike; picket,strike_out_of_scope
2,2/12/2022,Renton,WA,strike; picket,strike_out_of_scope
2,2/12/2022,Renton,WA,strike; picket,strike_out_of_scope
2,2/12/2022,Seattle,WA,strike; picket,strike_out_of_scope
2,2/12/2022,Smith Island,WA,strike; picket,strike_out_of_scope
2,2/12/2022,Woodinville,WA,strike; picket,strike_out_of_scope
2,2/12/2022,Huntington,WV,strike; picket,strike_out_of_scope
2,2/13/2022,Brookwood,AL,strike; picket,strike_out_of_scope
2,2/13/2022,Oakland,CA,hunger strike,strike_out_of_scope
2,2/13/2022,Santa Fe Springs,CA,strike; picket,strike_out_of_scope
2,2/13/2022,Lawrenceville,NJ,strike; picket,strike_out_of_scope
2,2/13/2022,New York,NY,strike; picket,strike_out_of_scope
2,2/13/2022,Cleveland,OH,strike; picket,strike_out_of_scope
2,2/13/2022,San Antonio,TX,strike; picket,strike_out_of_scope
2,2/13/2022,Renton,WA,strike; picket,strike_out_of_scope
2,2/13/2022,Renton,WA,strike; picket,strike_out_of_scope
2,2/13/2022,Seattle,WA,strike; picket,strike_out_of_scope
2,2/13/2022,Smith Island,WA,strike; picket,strike_out_of_scope
2,2/13/2022,Woodinville,WA,strike; picket,strike_out_of_scope
2,2/13/2022,Huntington,WV,strike; picket,strike_out_of_scope
2,2/14/2022,Brookwood,AL,strike; picket,strike_out_of_scope
2,2/14/2022,Oakland,CA,hunger strike,strike_out_of_scope
2,2/14/2022,Santa Fe Springs,CA,strike; picket,strike_out_of_scope
2,2/14/2022,Lawrenceville,NJ,strike; picket,strike_out_of_scope
2,2/14/2022,New York,NY,strike; picket,strike_out_of_scope
2,2/14/2022,Cleveland,OH,strike; picket,strike_out_of_scope
2,2/14/2022,San Antonio,TX,strike; picket,strike_out_of_scope
2,2/14/2022,Renton,WA,strike; picket,strike_out_of_scope
2,2/14/2022,Renton,WA,strike; picket,strike_out_of_scope
2,2/14/2022,Seattle,WA,strike; picket,strike_out_of_scope
2,2/14/2022,Smith Island,WA,strike; picket,strike_out_of_scope
2,2/14/2022,Woodinville,WA,strike; picket,strike_out_of_scope
2,2/14/2022,Huntington,WV,strike; picket,strike_out_of_scope
2,2/15/2022,Brookwood,AL,strike; picket,strike_out_of_scope
2,2/15/2022,Oakland,CA,hunger strike,strike_out_of_scope
2,2/15/2022,Santa Fe Springs,CA,strike; picket,strike_out_of_scope
2,2/15/2022,Taylorsville,NC,hunger strike,strike_out_of_scope
2,2/15/2022,Lawrenceville,NJ,strike; picket,strike_out_of_scope
2,2/15/2022,New York,NY,strike; picket,strike_out_of_scope
2,2/15/2022,Cleveland,OH,strike; picket,strike_out_of_scope
2,2/15/2022,San Antonio,TX,strike; picket,strike_out_of_scope
2,2/15/2022,Renton,WA,strike; picket,strike_out_of_scope
2,2/15/2022,Renton,WA,strike; picket,strike_out_of_scope
2,2/15/2022,Seattle,WA,strike; picket,strike_out_of_scope
2,2/15/2022,Smith Island,WA,strike; picket,strike_out_of_scope
2,2/15/2022,Woodinville,WA,strike; picket,strike_out_of_scope
2,2/15/2022,Huntington,WV,strike; picket,strike_out_of_scope
2,2/16/2022,Brookwood,AL,strike; picket,strike_out_of_scope
2,2/16/2022,Oakland,CA,hunger strike,strike_out_of_scope
2,2/16/2022,Santa Fe Springs,CA,strike; picket,strike_out_of_scope
2,2/16/2022,Detroit,MI,strike; picket; rally,strike_out_of_scope
2,2/16/2022,Taylorsville,NC,hunger strike,strike_out_of_scope
2,2/16/2022,Lawrenceville,NJ,strike; picket,strike_out_of_scope
2,2/16/2022,Goshen,NY,hunger strike,strike_out_of_scope
2,2/16/2022,New York,NY,strike; picket,strike_out_of_scope
2,2/16/2022,Cleveland,OH,strike; picket,strike_out_of_scope
2,2/16/2022,San Antonio,TX,strike; picket,strike_out_of_scope
2,2/16/2022,Renton,WA,strike; picket,strike_out_of_scope
2,2/16/2022,Renton,WA,strike; picket,strike_out_of_scope
2,2/16/2022,Seattle,WA,strike; picket,strike_out_of_scope
2,2/16/2022,Smith Island,WA,strike; picket,strike_out_of_scope
2,2/16/2022,Woodinville,WA,strike; picket,strike_out_of_scope
2,2/16/2022,Huntington,WV,strike; picket,strike_out_of_scope
2,2/17/2022,Brookwood,AL,strike; picket,strike_out_of_scope
2,2/17/2022,Oakland,CA,hunger strike,strike_out_of_scope
2,2/17/2022,Santa Fe Springs,CA,strike; picket,strike_out_of_scope
2,2/17/2022,Detroit,MI,strike; picket,strike_out_of_scope
2,2/17/2022,Taylorsville,NC,hunger strike,strike_out_of_scope
2,2/17/2022,Lawrenceville,NJ,strike; picket,strike_out_of_scope
2,2/17/2022,Goshen,NY,hunger strike,strike_out_of_scope
2,2/17/2022,New York,NY,strike; picket,strike_out_of_scope
2,2/17/2022,Cleveland,OH,strike; picket,strike_out_of_scope
2,2/17/2022,San Juan,PR,strike,strike_out_of_scope
2,2/17/2022,San Antonio,TX,strike; picket,strike_out_of_scope
2,2/17/2022,Renton,WA,strike; picket,strike_out_of_scope
2,2/17/2022,Renton,WA,strike; picket,strike_out_of_scope
2,2/17/2022,Seattle,WA,strike; picket,strike_out_of_scope
2,2/17/2022,Smith Island,WA,strike; picket,strike_out_of_scope
2,2/17/2022,Woodinville,WA,strike; picket,strike_out_of_scope
2,2/17/2022,Huntington,WV,strike; picket,strike_out_of_scope
2,2/18/2022,Brookwood,AL,strike; picket,strike_out_of_scope
2,2/18/2022,Oakland,CA,hunger strike,strike_out_of_scope
2,2/18/2022,Santa Fe Springs,CA,strike; picket,strike_out_of_scope
2,2/18/2022,Detroit,MI,strike; picket,strike_out_of_scope
2,2/18/2022,Taylorsville,NC,hunger strike,strike_out_of_scope
2,2/18/2022,Lawrenceville,NJ,strike; picket,strike_out_of_scope
2,2/18/2022,New York,NY,strike; picket,strike_out_of_scope
2,2/18/2022,Cleveland,OH,strike; picket,strike_out_of_scope
2,2/18/2022,San Juan,PR,strike; rally; march,strike_out_of_scope
2,2/18/2022,San Juan,PR,strike; demonstration,strike_out_of_scope
2,2/18/2022,San Juan,PR,strike; march,strike_out_of_scope
2,2/18/2022,San Antonio,TX,strike; picket,strike_out_of_scope
2,2/18/2022,Renton,WA,strike; picket,strike_out_of_scope
2,2/18/2022,Renton,WA,strike; picket,strike_out_of_scope
2,2/18/2022,Seattle,WA,strike; picket,strike_out_of_scope
2,2/18/2022,Smith Island,WA,strike; picket,strike_out_of_scope
2,2/18/2022,Woodinville,WA,strike; picket,strike_out_of_scope
2,2/18/2022,Huntington,WV,strike; picket,strike_out_of_scope
2,2/19/2022,Brookwood,AL,strike; picket,strike_out_of_scope
2,2/19/2022,Oakland,CA,hunger strike,strike_out_of_scope
2,2/19/2022,Santa Fe Springs,CA,strike; picket,strike_out_of_scope
2,2/19/2022,Davenport,IA,strike; picket,strike_out_of_scope
2,2/19/2022,Detroit,MI,strike; picket,strike_out_of_scope
2,2/19/2022,Taylorsville,NC,hunger strike,strike_out_of_scope
2,2/19/2022,Lawrenceville,NJ,strike; picket,strike_out_of_scope
2,2/19/2022,New York,NY,strike; picket,strike_out_of_scope
2,2/19/2022,Cleveland,OH,strike; picket,strike_out_of_scope
2,2/19/2022,San Antonio,TX,strike; picket,strike_out_of_scope
2,2/19/2022,Renton,WA,strike; picket,strike_out_of_scope
2,2/19/2022,Renton,WA,strike; picket,strike_out_of_scope
2,2/19/2022,Seattle,WA,strike; picket,strike_out_of_scope
2,2/19/2022,Smith Island,WA,strike; picket,strike_out_of_scope
2,2/19/2022,Woodinville,WA,strike; picket,strike_out_of_scope
2,2/19/2022,Huntington,WV,strike; picket,strike_out_of_scope
2,2/20/2022,Brookwood,AL,strike; picket,strike_out_of_scope
2,2/20/2022,Oakland,CA,hunger strike,strike_out_of_scope
2,2/20/2022,Santa Fe Springs,CA,strike; picket,strike_out_of_scope
2,2/20/2022,Davenport,IA,strike; picket,strike_out_of_scope
2,2/20/2022,Detroit,MI,strike; picket,strike_out_of_scope
2,2/20/2022,Taylorsville,NC,hunger strike,strike_out_of_scope
2,2/20/2022,Lawrenceville,NJ,strike; picket,strike_out_of_scope
2,2/20/2022,New York,NY,strike; picket,strike_out_of_scope
2,2/20/2022,Cleveland,OH,strike; picket,strike_out_of_scope
2,2/20/2022,San Antonio,TX,strike; picket,strike_out_of_scope
2,2/20/2022,Renton,WA,strike; picket,strike_out_of_scope
2,2/20/2022,Renton,WA,strike; picket,strike_out_of_scope
2,2/20/2022,Seattle,WA,strike; picket,strike_out_of_scope
2,2/20/2022,Smith Island,WA,strike; picket,strike_out_of_scope
2,2/20/2022,Woodinville,WA,strike; picket,strike_out_of_scope
2,2/20/2022,Huntington,WV,strike; picket,strike_out_of_scope
2,2/21/2022,Brookwood,AL,strike; picket,strike_out_of_scope
2,2/21/2022,Santa Fe Springs,CA,strike; picket,strike_out_of_scope
2,2/21/2022,Davenport,IA,strike; picket,strike_out_of_scope
2,2/21/2022,Detroit,MI,strike; picket,strike_out_of_scope
2,2/21/2022,Taylorsville,NC,hunger strike,strike_out_of_scope
2,2/21/2022,Lawrenceville,NJ,strike; picket,strike_out_of_scope
2,2/21/2022,New York,NY,strike; picket,strike_out_of_scope
2,2/21/2022,Cleveland,OH,strike; picket,strike_out_of_scope
2,2/21/2022,San Antonio,TX,strike; picket,strike_out_of_scope
2,2/21/2022,Renton,WA,strike; picket,strike_out_of_scope
2,2/21/2022,Renton,WA,strike; picket,strike_out_of_scope
2,2/21/2022,Seattle,WA,strike; picket,strike_out_of_scope
2,2/21/2022,Smith Island,WA,strike; picket,strike_out_of_scope
2,2/21/2022,Woodinville,WA,strike; picket,strike_out_of_scope
2,2/21/2022,Huntington,WV,strike; picket,strike_out_of_scope
2,2/22/2022,Brookwood,AL,strike; picket,strike_out_of_scope
2,2/22/2022,Santa Fe Springs,CA,strike; picket,strike_out_of_scope
2,2/22/2022,Davenport,IA,strike; picket,strike_out_of_scope
2,2/22/2022,Detroit,MI,strike; picket,strike_out_of_scope
2,2/22/2022,Taylorsville,NC,hunger strike,strike_out_of_scope
2,2/22/2022,Lawrenceville,NJ,strike; picket,strike_out_of_scope
2,2/22/2022,New York,NY,strike; picket,strike_out_of_scope
2,2/22/2022,Cleveland,OH,strike; picket,strike_out_of_scope
2,2/22/2022,San Antonio,TX,strike; picket,strike_out_of_scope
2,2/22/2022,Renton,WA,strike; picket,strike_out_of_scope
2,2/22/2022,Renton,WA,strike; picket,strike_out_of_scope
2,2/22/2022,Seattle,WA,strike; picket,strike_out_of_scope
2,2/22/2022,Smith Island,WA,strike; picket,strike_out_of_scope
2,2/22/2022,Woodinville,WA,strike; picket,strike_out_of_scope
2,2/22/2022,Huntington,WV,strike; picket,strike_out_of_scope
2,2/23/2022,Brookwood,AL,strike; picket,strike_out_of_scope
2,2/23/2022,Santa Fe Springs,CA,strike; picket,strike_out_of_scope
2,2/23/2022,Atlanta,GA,strike,strike_out_of_scope
2,2/23/2022,Davenport,IA,strike; picket,strike_out_of_scope
2,2/23/2022,Detroit,MI,strike; picket; rally,strike_out_of_scope
2,2/23/2022,Taylorsville,NC,hunger strike,strike_out_of_scope
2,2/23/2022,Lawrenceville,NJ,strike; picket,strike_out_of_scope
2,2/23/2022,New York,NY,strike; picket,strike_out_of_scope
2,2/23/2022,Cleveland,OH,strike; picket,strike_out_of_scope
2,2/23/2022,San Antonio,TX,strike; picket,strike_out_of_scope
2,2/23/2022,Renton,WA,strike; picket,strike_out_of_scope
2,2/23/2022,Renton,WA,strike; picket,strike_out_of_scope
2,2/23/2022,Seattle,WA,strike; picket,strike_out_of_scope
2,2/23/2022,Smith Island,WA,strike; picket,strike_out_of_scope
2,2/23/2022,Woodinville,WA,strike; picket,strike_out_of_scope
2,2/23/2022,Huntington,WV,strike; picket,strike_out_of_scope
2,2/24/2022,Brookwood,AL,strike; picket,strike_out_of_scope
2,2/24/2022,Davenport,IA,strike; picket,strike_out_of_scope
2,2/24/2022,Detroit,MI,strike; picket,strike_out_of_scope
2,2/24/2022,Taylorsville,NC,hunger strike,strike_out_of_scope
2,2/24/2022,Lawrenceville,NJ,strike; picket,strike_out_of_scope
2,2/24/2022,New York,NY,strike; picket,strike_out_of_scope
2,2/24/2022,Cleveland,OH,strike; picket,strike_out_of_scope
2,2/24/2022,San Antonio,TX,strike; picket,strike_out_of_scope
2,2/24/2022,Renton,WA,strike; picket,strike_out_of_scope
2,2/24/2022,Renton,WA,strike; picket,strike_out_of_scope
2,2/24/2022,Seattle,WA,strike; picket,strike_out_of_scope
2,2/24/2022,Smith Island,WA,strike; picket,strike_out_of_scope
2,2/24/2022,Woodinville,WA,strike; picket,strike_out_of_scope
2,2/24/2022,Huntington,WV,strike; picket,strike_out_of_scope
2,2/25/2022,Brookwood,AL,strike; picket,strike_out_of_scope
2,2/25/2022,Davenport,IA,strike; picket,strike_out_of_scope
2,2/25/2022,Detroit,MI,strike; picket,strike_out_of_scope
2,2/25/2022,Lawrenceville,NJ,strike; picket,strike_out_of_scope
2,2/25/2022,New York,NY,strike; picket,strike_out_of_scope
2,2/25/2022,Cleveland,OH,strike; picket,strike_out_of_scope
2,2/25/2022,San Antonio,TX,strike; picket,strike_out_of_scope
2,2/25/2022,Renton,WA,strike; picket,strike_out_of_scope
2,2/25/2022,Renton,WA,strike; picket,strike_out_of_scope
2,2/25/2022,Seattle,WA,strike; picket,strike_out_of_scope
2,2/25/2022,Smith Island,WA,strike; picket,strike_out_of_scope
2,2/25/2022,Woodinville,WA,strike; picket,strike_out_of_scope
2,2/25/2022,Huntington,WV,strike; picket,strike_out_of_scope
2,2/26/2022,Brookwood,AL,strike; picket,strike_out_of_scope
2,2/26/2022,Davenport,IA,strike; picket,strike_out_of_scope
2,2/26/2022,Detroit,MI,strike; picket,strike_out_of_scope
2,2/26/2022,Lawrenceville,NJ,strike; picket,strike_out_of_scope
2,2/26/2022,New York,NY,strike; picket,strike_out_of_scope
2,2/26/2022,Cleveland,OH,strike; picket,strike_out_of_scope
2,2/26/2022,San Antonio,TX,strike; picket,strike_out_of_scope
2,2/26/2022,Renton,WA,strike; picket,strike_out_of_scope
2,2/26/2022,Renton,WA,strike; picket,strike_out_of_scope
2,2/26/2022,Seattle,WA,strike; picket,strike_out_of_scope
2,2/26/2022,Smith Island,WA,strike; picket,strike_out_of_scope
2,2/26/2022,Woodinville,WA,strike; picket,strike_out_of_scope
2,2/26/2022,Huntington,WV,strike; picket,strike_out_of_scope
2,2/27/2022,Brookwood,AL,strike; picket,strike_out_of_scope
2,2/27/2022,Davenport,IA,strike; picket,strike_out_of_scope
2,2/27/2022,Detroit,MI,strike; picket,strike_out_of_scope
2,2/27/2022,Lawrenceville,NJ,strike; picket,strike_out_of_scope
2,2/27/2022,New York,NY,strike; picket,strike_out_of_scope
2,2/27/2022,Cleveland,OH,strike; picket,strike_out_of_scope
2,2/27/2022,San Antonio,TX,strike; picket,strike_out_of_scope
2,2/27/2022,Renton,WA,strike; picket,strike_out_of_scope
2,2/27/2022,Renton,WA,strike; picket,strike_out_of_scope
2,2/27/2022,Seattle,WA,strike; picket,strike_out_of_scope
2,2/27/2022,Smith Island,WA,strike; picket,strike_out_of_scope
2,2/27/2022,Woodinville,WA,strike; picket,strike_out_of_scope
2,2/27/2022,Huntington,WV,strike; picket,strike_out_of_scope
2,2/28/2022,Brookwood,AL,strike; picket,strike_out_of_scope
2,2/28/2022,Davenport,IA,strike; picket,strike_out_of_scope
2,2/28/2022,Melrose Park,IL,strike; picket,strike_out_of_scope
2,2/28/2022,Detroit,MI,strike; picket,strike_out_of_scope
2,2/28/2022,Lawrenceville,NJ,strike; picket,strike_out_of_scope
2,2/28/2022,New York,NY,strike; picket,strike_out_of_scope
2,2/28/2022,Cleveland,OH,strike; picket,strike_out_of_scope
2,2/28/2022,San Antonio,TX,strike; picket,strike_out_of_scope
2,2/28/2022,Renton,WA,strike; picket,strike_out_of_scope
2,2/28/2022,Renton,WA,strike; picket,strike_out_of_scope
2,2/28/2022,Seattle,WA,strike; picket,strike_out_of_scope
2,2/28/2022,Smith Island,WA,strike; picket,strike_out_of_scope
2,2/28/2022,Woodinville,WA,strike; picket,strike_out_of_scope
2,2/28/2022,Huntington,WV,strike; picket,strike_out_of_scope
2,3/1/2022,Brookwood,AL,strike; picket,strike_out_of_scope
2,3/1/2022,Davenport,IA,strike; picket,strike_out_of_scope
2,3/1/2022,Melrose Park,IL,strike; picket,strike_out_of_scope
2,3/1/2022,Detroit,MI,strike; picket,strike_out_of_scope
2,3/1/2022,Lawrenceville,NJ,strike; picket,strike_out_of_scope
2,3/1/2022,New York,NY,strike; picket,strike_out_of_scope
2,3/1/2022,New York,NY,strike; virtual picket,strike_out_of_scope
2,3/1/2022,New York,NY,strike; picket,strike_out_of_scope
2,3/1/2022,Cleveland,OH,strike; picket,strike_out_of_scope
2,3/1/2022,San Antonio,TX,strike; picket,strike_out_of_scope
2,3/1/2022,Renton,WA,strike; picket,strike_out_of_scope
2,3/1/2022,Renton,WA,strike; picket,strike_out_of_scope
2,3/1/2022,Seattle,WA,strike; picket,strike_out_of_scope
2,3/1/2022,Smith Island,WA,strike; picket,strike_out_of_scope
2,3/1/2022,Woodinville,WA,strike; picket,strike_out_of_scope
2,3/1/2022,Huntington,WV,strike; picket,strike_out_of_scope
2,3/2/2022,Brookwood,AL,strike; picket,strike_out_of_scope
2,3/2/2022,Davenport,IA,strike; picket,strike_out_of_scope
2,3/2/2022,Melrose Park,IL,strike; picket,strike_out_of_scope
2,3/2/2022,Detroit,MI,strike; picket,strike_out_of_scope
2,3/2/2022,Lawrenceville,NJ,strike; picket,strike_out_of_scope
2,3/2/2022,New York,NY,strike; picket,strike_out_of_scope
2,3/2/2022,New York,NY,strike; picket,strike_out_of_scope
2,3/2/2022,Cleveland,OH,strike; picket,strike_out_of_scope
2,3/2/2022,San Antonio,TX,strike; picket,strike_out_of_scope
2,3/2/2022,Renton,WA,strike; picket,strike_out_of_scope
2,3/2/2022,Renton,WA,strike; picket,strike_out_of_scope
2,3/2/2022,Seattle,WA,strike; picket,strike_out_of_scope
2,3/2/2022,Smith Island,WA,strike; picket,strike_out_of_scope
2,3/2/2022,Woodinville,WA,strike; picket,strike_out_of_scope
2,3/2/2022,Huntington,WV,strike; picket,strike_out_of_scope
2,3/3/2022,Brookwood,AL,strike; picket,strike_out_of_scope
2,3/3/2022,Davenport,IA,strike; picket,strike_out_of_scope
2,3/3/2022,Melrose Park,IL,strike; picket,strike_out_of_scope
2,3/3/2022,Detroit,MI,strike; picket,strike_out_of_scope
2,3/3/2022,Lawrenceville,NJ,strike; picket,strike_out_of_scope
2,3/3/2022,New York,NY,strike; picket,strike_out_of_scope
2,3/3/2022,New York,NY,strike; picket,strike_out_of_scope
2,3/3/2022,Cleveland,OH,strike; picket,strike_out_of_scope
2,3/3/2022,Gambier,OH,strike,strike_out_of_scope
2,3/3/2022,San Antonio,TX,strike; picket,strike_out_of_scope
2,3/3/2022,Renton,WA,strike; picket,strike_out_of_scope
2,3/3/2022,Renton,WA,strike; picket,strike_out_of_scope
2,3/3/2022,Seattle,WA,strike; picket,strike_out_of_scope
2,3/3/2022,Smith Island,WA,strike; picket,strike_out_of_scope
2,3/3/2022,Woodinville,WA,strike; picket,strike_out_of_scope
2,3/3/2022,Huntington,WV,strike; picket,strike_out_of_scope
2,3/4/2022,Brookwood,AL,strike; picket,strike_out_of_scope
2,3/4/2022,Davenport,IA,strike; picket; rally,strike_out_of_scope
2,3/4/2022,Melrose Park,IL,strike; picket,strike_out_of_scope
2,3/4/2022,Proviso Township,IL,strike; picket,strike_out_of_scope
2,3/4/2022,Detroit,MI,strike; picket,strike_out_of_scope
2,3/4/2022,Lawrenceville,NJ,strike; picket,strike_out_of_scope
2,3/4/2022,New York,NY,strike; picket,strike_out_of_scope
2,3/4/2022,New York,NY,strike; picket,strike_out_of_scope
2,3/4/2022,Cleveland,OH,strike; picket,strike_out_of_scope
2,3/4/2022,San Antonio,TX,strike; picket,strike_out_of_scope
2,3/4/2022,Renton,WA,strike; picket,strike_out_of_scope
2,3/4/2022,Renton,WA,strike; picket,strike_out_of_scope
2,3/4/2022,Seattle,WA,strike; picket,strike_out_of_scope
2,3/4/2022,Smith Island,WA,strike; picket,strike_out_of_scope
2,3/4/2022,Woodinville,WA,strike; picket,strike_out_of_scope
2,3/4/2022,Huntington,WV,strike; picket,strike_out_of_scope
2,3/5/2022,Brookwood,AL,strike; picket,strike_out_of_scope
2,3/5/2022,Davenport,IA,strike; picket,strike_out_of_scope
2,3/5/2022,Melrose Park,IL,strike; picket,strike_out_of_scope
2,3/5/2022,Detroit,MI,strike; picket,strike_out_of_scope
2,3/5/2022,Lawrenceville,NJ,strike; picket,strike_out_of_scope
2,3/5/2022,New York,NY,strike; picket,strike_out_of_scope
2,3/5/2022,New York,NY,strike; picket,strike_out_of_scope
2,3/5/2022,Cleveland,OH,strike; picket,strike_out_of_scope
2,3/5/2022,San Antonio,TX,strike; picket,strike_out_of_scope
2,3/5/2022,Renton,WA,strike; picket,strike_out_of_scope
2,3/5/2022,Renton,WA,strike; picket,strike_out_of_scope
2,3/5/2022,Seattle,WA,strike; picket,strike_out_of_scope
2,3/5/2022,Smith Island,WA,strike; picket,strike_out_of_scope
2,3/5/2022,Woodinville,WA,strike; picket,strike_out_of_scope
2,3/5/2022,Huntington,WV,strike; picket,strike_out_of_scope
2,3/6/2022,Brookwood,AL,strike; picket,strike_out_of_scope
2,3/6/2022,Davenport,IA,strike; picket,strike_out_of_scope
2,3/6/2022,Melrose Park,IL,strike; picket,strike_out_of_scope
2,3/6/2022,Detroit,MI,strike; picket,strike_out_of_scope
2,3/6/2022,Lawrenceville,NJ,strike; picket,strike_out_of_scope
2,3/6/2022,New York,NY,strike; picket,strike_out_of_scope
2,3/6/2022,New York,NY,strike; picket,strike_out_of_scope
2,3/6/2022,Cleveland,OH,strike; picket,strike_out_of_scope
2,3/6/2022,San Antonio,TX,strike; picket,strike_out_of_scope
2,3/6/2022,Renton,WA,strike; picket,strike_out_of_scope
2,3/6/2022,Renton,WA,strike; picket,strike_out_of_scope
2,3/6/2022,Seattle,WA,strike; picket,strike_out_of_scope
2,3/6/2022,Smith Island,WA,strike; picket,strike_out_of_scope
2,3/6/2022,Woodinville,WA,strike; picket,strike_out_of_scope
2,3/6/2022,Huntington,WV,strike; picket,strike_out_of_scope
2,3/7/2022,Brookwood,AL,strike; picket,strike_out_of_scope
2,3/7/2022,Davenport,IA,strike; picket,strike_out_of_scope
2,3/7/2022,Melrose Park,IL,strike; picket,strike_out_of_scope
2,3/7/2022,Proviso Township,IL,strike; picket,strike_out_of_scope
2,3/7/2022,Dedham,MA,strike; picket,strike_out_of_scope
2,3/7/2022,Detroit,MI,strike; picket,strike_out_of_scope
2,3/7/2022,Lawrenceville,NJ,strike; picket,strike_out_of_scope
2,3/7/2022,New York,NY,strike; picket,strike_out_of_scope
2,3/7/2022,Cleveland,OH,strike; picket,strike_out_of_scope
2,3/7/2022,San Antonio,TX,strike; picket,strike_out_of_scope
2,3/7/2022,Renton,WA,strike; picket,strike_out_of_scope
2,3/7/2022,Renton,WA,strike; picket,strike_out_of_scope
2,3/7/2022,Seattle,WA,strike; picket,strike_out_of_scope
2,3/7/2022,Smith Island,WA,strike; picket,strike_out_of_scope
2,3/7/2022,Woodinville,WA,strike; picket,strike_out_of_scope
2,3/7/2022,Huntington,WV,strike; picket,strike_out_of_scope
2,3/8/2022,Brookwood,AL,strike; picket,strike_out_of_scope
2,3/8/2022,Davenport,IA,strike; picket,strike_out_of_scope
2,3/8/2022,Melrose Park,IL,strike; picket,strike_out_of_scope
2,3/8/2022,Proviso Township,IL,strike; picket,strike_out_of_scope
2,3/8/2022,Detroit,MI,strike; picket,strike_out_of_scope
2,3/8/2022,Minneapolis,MN,strike; picket,strike_out_of_scope
2,3/8/2022,Lawrenceville,NJ,strike; picket,strike_out_of_scope
2,3/8/2022,New York,NY,strike; picket,strike_out_of_scope
2,3/8/2022,Cleveland,OH,strike; picket,strike_out_of_scope
2,3/8/2022,San Antonio,TX,strike; picket,strike_out_of_scope
2,3/8/2022,Renton,WA,strike; picket,strike_out_of_scope
2,3/8/2022,Renton,WA,strike; picket,strike_out_of_scope
2,3/8/2022,Seattle,WA,strike; picket,strike_out_of_scope
2,3/8/2022,Smith Island,WA,strike; picket,strike_out_of_scope
2,3/8/2022,Woodinville,WA,strike; picket,strike_out_of_scope
2,3/8/2022,Huntington,WV,strike; picket,strike_out_of_scope
2,3/9/2022,Brookwood,AL,strike; picket,strike_out_of_scope
2,3/9/2022,Davenport,IA,strike; picket,strike_out_of_scope
2,3/9/2022,Melrose Park,IL,strike; picket,strike_out_of_scope
2,3/9/2022,Proviso Township,IL,strike; picket,strike_out_of_scope
2,3/9/2022,Detroit,MI,strike; picket,strike_out_of_scope
2,3/9/2022,Minneapolis,MN,strike; picket,strike_out_of_scope
2,3/9/2022,Lawrenceville,NJ,strike; picket,strike_out_of_scope
2,3/9/2022,Lewiston,NY,walkout; strike; picket,strike_out_of_scope
2,3/9/2022,New York,NY,strike; picket,strike_out_of_scope
2,3/9/2022,Cleveland,OH,strike; picket,strike_out_of_scope
2,3/9/2022,San Antonio,TX,strike; picket,strike_out_of_scope
2,3/9/2022,Renton,WA,strike; picket,strike_out_of_scope
2,3/9/2022,Renton,WA,strike; picket,strike_out_of_scope
2,3/9/2022,Seattle,WA,strike; picket,strike_out_of_scope
2,3/9/2022,Smith Island,WA,strike; picket,strike_out_of_scope
2,3/9/2022,Woodinville,WA,strike; picket,strike_out_of_scope
2,3/9/2022,Huntington,WV,strike; picket,strike_out_of_scope
2,3/10/2022,Brookwood,AL,strike; picket,strike_out_of_scope
2,3/10/2022,Rohnert Park,CA,strike; picket,strike_out_of_scope
2,3/10/2022,Atlanta,GA,walkout; picket,walkout_labor_precutoff
2,3/10/2022,Davenport,IA,strike; picket,strike_out_of_scope
2,3/10/2022,Melrose Park,IL,strike; picket,strike_out_of_scope
2,3/10/2022,Proviso Township,IL,strike; picket,strike_out_of_scope
2,3/10/2022,Detroit,MI,strike; picket,strike_out_of_scope
2,3/10/2022,Minneapolis,MN,strike; picket,strike_out_of_scope
2,3/10/2022,Lawrenceville,NJ,strike; picket,strike_out_of_scope
2,3/10/2022,New York,NY,strike; picket,strike_out_of_scope
2,3/10/2022,Cleveland,OH,strike; picket,strike_out_of_scope
2,3/10/2022,San Antonio,TX,strike; picket,strike_out_of_scope
2,3/10/2022,Renton,WA,strike; picket,strike_out_of_scope
2,3/10/2022,Renton,WA,strike; picket,strike_out_of_scope
2,3/10/2022,Seattle,WA,strike; picket,strike_out_of_scope
2,3/10/2022,Smith Island,WA,strike; picket,strike_out_of_scope
2,3/10/2022,Woodinville,WA,strike; picket,strike_out_of_scope
2,3/10/2022,Huntington,WV,strike; picket,strike_out_of_scope
2,3/11/2022,Brookwood,AL,strike; picket,strike_out_of_scope
2,3/11/2022,Merced,CA,hunger strike,strike_out_of_scope
2,3/11/2022,Rohnert Park,CA,strike; picket,strike_out_of_scope
2,3/11/2022,Denver,CO,strike; picket,strike_out_of_scope
2,3/11/2022,Davenport,IA,strike; picket,strike_out_of_scope
2,3/11/2022,Melrose Park,IL,strike; picket,strike_out_of_scope
2,3/11/2022,Proviso Township,IL,strike; picket,strike_out_of_scope
2,3/11/2022,Detroit,MI,strike; picket,strike_out_of_scope
2,3/11/2022,Minneapolis,MN,strike; picket; march,strike_out_of_scope
2,3/11/2022,Lawrenceville,NJ,strike; picket,strike_out_of_scope
2,3/11/2022,New York,NY,strike; picket,strike_out_of_scope
2,3/11/2022,Cleveland,OH,strike; picket,strike_out_of_scope
2,3/11/2022,San Antonio,TX,strike; picket,strike_out_of_scope
2,3/11/2022,Renton,WA,strike; picket,strike_out_of_scope
2,3/11/2022,Renton,WA,strike; picket,strike_out_of_scope
2,3/11/2022,Seattle,WA,strike; picket,strike_out_of_scope
2,3/11/2022,Smith Island,WA,strike; picket,strike_out_of_scope
2,3/11/2022,Woodinville,WA,strike; picket,strike_out_of_scope
2,3/11/2022,Huntington,WV,strike; picket,strike_out_of_scope
2,3/12/2022,Brookwood,AL,strike; picket,strike_out_of_scope
2,3/12/2022,Merced,CA,hunger strike,strike_out_of_scope
2,3/12/2022,Davenport,IA,strike; picket,strike_out_of_scope
2,3/12/2022,Melrose Park,IL,strike; picket,strike_out_of_scope
2,3/12/2022,Detroit,MI,strike; picket,strike_out_of_scope
2,3/12/2022,Minneapolis,MN,strike; picket,strike_out_of_scope
2,3/12/2022,Lawrenceville,NJ,strike; picket,strike_out_of_scope
2,3/12/2022,New York,NY,strike; picket,strike_out_of_scope
2,3/12/2022,Cleveland,OH,strike; picket,strike_out_of_scope
2,3/12/2022,San Antonio,TX,strike; picket,strike_out_of_scope
2,3/12/2022,Renton,WA,strike; picket,strike_out_of_scope
2,3/12/2022,Renton,WA,strike; picket,strike_out_of_scope
2,3/12/2022,Seattle,WA,strike; picket,strike_out_of_scope
2,3/12/2022,Smith Island,WA,strike; picket,strike_out_of_scope
2,3/12/2022,Woodinville,WA,strike; picket,strike_out_of_scope
2,3/12/2022,Huntington,WV,strike; picket,strike_out_of_scope
2,3/13/2022,Brookwood,AL,strike; picket,strike_out_of_scope
2,3/13/2022,Merced,CA,hunger strike,strike_out_of_scope
2,3/13/2022,Davenport,IA,strike; picket,strike_out_of_scope
2,3/13/2022,Melrose Park,IL,strike; picket,strike_out_of_scope
2,3/13/2022,Detroit,MI,strike; picket,strike_out_of_scope
2,3/13/2022,Minneapolis,MN,strike; picket,strike_out_of_scope
2,3/13/2022,Lawrenceville,NJ,strike; picket,strike_out_of_scope
2,3/13/2022,New York,NY,strike; picket,strike_out_of_scope
2,3/13/2022,Cleveland,OH,strike; picket,strike_out_of_scope
2,3/13/2022,Kittanning,PA,strike; picket,strike_out_of_scope
2,3/13/2022,San Antonio,TX,strike; picket,strike_out_of_scope
2,3/13/2022,Renton,WA,strike; picket,strike_out_of_scope
2,3/13/2022,Renton,WA,strike; picket,strike_out_of_scope
2,3/13/2022,Seattle,WA,strike; picket,strike_out_of_scope
2,3/13/2022,Smith Island,WA,strike; picket,strike_out_of_scope
2,3/13/2022,Woodinville,WA,strike; picket,strike_out_of_scope
2,3/13/2022,Huntington,WV,strike; picket,strike_out_of_scope
2,3/14/2022,Brookwood,AL,strike; picket,strike_out_of_scope
2,3/14/2022,Merced,CA,hunger strike,strike_out_of_scope
2,3/14/2022,Rohnert Park,CA,strike; picket,strike_out_of_scope
2,3/14/2022,Davenport,IA,strike; picket,strike_out_of_scope
2,3/14/2022,Melrose Park,IL,strike; picket,strike_out_of_scope
2,3/14/2022,Proviso Township,IL,strike; picket,strike_out_of_scope
2,3/14/2022,Detroit,MI,strike; picket,strike_out_of_scope
2,3/14/2022,Minneapolis,MN,strike; picket,strike_out_of_scope
2,3/14/2022,Minneapolis,MN,strike; picket,strike_out_of_scope
2,3/14/2022,Lawrenceville,NJ,strike; picket,strike_out_of_scope
2,3/14/2022,New York,NY,strike; picket,strike_out_of_scope
2,3/14/2022,Cleveland,OH,strike; picket,strike_out_of_scope
2,3/14/2022,Kittanning,PA,strike; picket,strike_out_of_scope
2,3/14/2022,San Antonio,TX,strike; picket,strike_out_of_scope
2,3/14/2022,Renton,WA,strike; picket,strike_out_of_scope
2,3/14/2022,Renton,WA,strike; picket,strike_out_of_scope
2,3/14/2022,Seattle,WA,strike; picket,strike_out_of_scope
2,3/14/2022,Smith Island,WA,strike; picket,strike_out_of_scope
2,3/14/2022,Woodinville,WA,strike; picket,strike_out_of_scope
2,3/15/2022,Brookwood,AL,strike; picket,strike_out_of_scope
2,3/15/2022,Merced,CA,hunger strike,strike_out_of_scope
2,3/15/2022,Rohnert Park,CA,strike; picket,strike_out_of_scope
2,3/15/2022,Davenport,IA,strike; picket,strike_out_of_scope
2,3/15/2022,Melrose Park,IL,strike; picket,strike_out_of_scope
2,3/15/2022,Proviso Township,IL,strike; picket; protest,strike_out_of_scope
2,3/15/2022,Detroit,MI,strike; picket,strike_out_of_scope
2,3/15/2022,Minneapolis,MN,strike; picket,strike_out_of_scope
2,3/15/2022,Minneapolis,MN,strike; picket,strike_out_of_scope
2,3/15/2022,Lawrenceville,NJ,strike; picket,strike_out_of_scope
2,3/15/2022,New York,NY,strike; picket,strike_out_of_scope
2,3/15/2022,Cleveland,OH,strike; picket,strike_out_of_scope
2,3/15/2022,Kittanning,PA,strike; picket,strike_out_of_scope
2,3/15/2022,San Antonio,TX,strike; picket,strike_out_of_scope
2,3/15/2022,Renton,WA,strike; picket,strike_out_of_scope
2,3/15/2022,Renton,WA,strike; picket,strike_out_of_scope
2,3/15/2022,Seattle,WA,strike; picket,strike_out_of_scope
2,3/15/2022,Smith Island,WA,strike; picket,strike_out_of_scope
2,3/15/2022,Woodinville,WA,strike; picket,strike_out_of_scope
2,3/16/2022,Brookwood,AL,strike; picket,strike_out_of_scope
2,3/16/2022,Merced,CA,hunger strike,strike_out_of_scope
2,3/16/2022,Rohnert Park,CA,strike; picket,strike_out_of_scope
2,3/16/2022,Davenport,IA,strike; picket,strike_out_of_scope
2,3/16/2022,Chicago,IL,strike; picket,strike_out_of_scope
2,3/16/2022,Melrose Park,IL,strike; picket,strike_out_of_scope
2,3/16/2022,Detroit,MI,strike; picket,strike_out_of_scope
2,3/16/2022,Minneapolis,MN,strike; picket,strike_out_of_scope
2,3/16/2022,Minneapolis,MN,strike; picket,strike_out_of_scope
2,3/16/2022,Lawrenceville,NJ,strike; picket,strike_out_of_scope
2,3/16/2022,New York,NY,strike; picket,strike_out_of_scope
2,3/16/2022,Cleveland,OH,strike; picket,strike_out_of_scope
2,3/16/2022,Kittanning,PA,strike; picket,strike_out_of_scope
2,3/16/2022,San Antonio,TX,strike; picket,strike_out_of_scope
2,3/16/2022,Renton,WA,strike; picket,strike_out_of_scope
2,3/16/2022,Renton,WA,strike; picket,strike_out_of_scope
2,3/16/2022,Seattle,WA,strike; picket,strike_out_of_scope
2,3/16/2022,Smith Island,WA,strike; picket,strike_out_of_scope
2,3/16/2022,Woodinville,WA,strike; picket,strike_out_of_scope
2,3/17/2022,Brookwood,AL,strike; picket,strike_out_of_scope
2,3/17/2022,Merced,CA,hunger strike,strike_out_of_scope
2,3/17/2022,Rohnert Park,CA,strike; picket,strike_out_of_scope
2,3/17/2022,Davenport,IA,strike; picket,strike_out_of_scope
2,3/17/2022,Chicago,IL,strike; picket,strike_out_of_scope
2,3/17/2022,Melrose Park,IL,strike; picket,strike_out_of_scope
2,3/17/2022,Proviso Township,IL,strike; picket,strike_out_of_scope
2,3/17/2022,Detroit,MI,strike; picket,strike_out_of_scope
2,3/17/2022,Minneapolis,MN,strike; picket,strike_out_of_scope
2,3/17/2022,Minneapolis,MN,strike; picket,strike_out_of_scope
2,3/17/2022,Lawrenceville,NJ,strike; picket,strike_out_of_scope
2,3/17/2022,New York,NY,strike; picket,strike_out_of_scope
2,3/17/2022,Cleveland,OH,strike; picket,strike_out_of_scope
2,3/17/2022,Kittanning,PA,strike; picket,strike_out_of_scope
2,3/17/2022,San Antonio,TX,strike; picket,strike_out_of_scope
2,3/17/2022,Renton,WA,strike; picket,strike_out_of_scope
2,3/17/2022,Renton,WA,strike; picket,strike_out_of_scope
2,3/17/2022,Seattle,WA,strike; picket,strike_out_of_scope
2,3/17/2022,Smith Island,WA,strike; picket,strike_out_of_scope
2,3/17/2022,Woodinville,WA,strike; picket,strike_out_of_scope
2,3/18/2022,Brookwood,AL,strike; picket,strike_out_of_scope
2,3/18/2022,Merced,CA,hunger strike,strike_out_of_scope
2,3/18/2022,North Hollywood,CA,strike; picket,strike_out_of_scope
2,3/18/2022,Davenport,IA,strike; picket,strike_out_of_scope
2,3/18/2022,Chicago,IL,strike; picket,strike_out_of_scope
2,3/18/2022,Melrose Park,IL,strike; picket,strike_out_of_scope
2,3/18/2022,Proviso Township,IL,strike; picket,strike_out_of_scope
2,3/18/2022,Detroit,MI,strike; picket,strike_out_of_scope
2,3/18/2022,Minneapolis,MN,strike; picket,strike_out_of_scope
2,3/18/2022,Minneapolis,MN,strike; picket,strike_out_of_scope
2,3/18/2022,Lawrenceville,NJ,strike; picket,strike_out_of_scope
2,3/18/2022,New York,NY,strike; picket,strike_out_of_scope
2,3/18/2022,Cleveland,OH,strike; picket,strike_out_of_scope
2,3/18/2022,San Antonio,TX,strike; picket,strike_out_of_scope
2,3/18/2022,Renton,WA,strike; picket,strike_out_of_scope
2,3/18/2022,Renton,WA,strike; picket,strike_out_of_scope
2,3/18/2022,Seattle,WA,strike; picket,strike_out_of_scope
2,3/18/2022,Smith Island,WA,strike; picket,strike_out_of_scope
2,3/18/2022,Woodinville,WA,strike; picket,strike_out_of_scope
2,3/19/2022,Brookwood,AL,strike; picket,strike_out_of_scope
2,3/19/2022,Merced,CA,hunger strike,strike_out_of_scope
2,3/19/2022,North Hollywood,CA,strike; picket,strike_out_of_scope
2,3/19/2022,Davenport,IA,strike; picket,strike_out_of_scope
2,3/19/2022,Chicago,IL,strike; picket,strike_out_of_scope
2,3/19/2022,Melrose Park,IL,strike; picket,strike_out_of_scope
2,3/19/2022,Proviso Township,IL,strike; picket,strike_out_of_scope
2,3/19/2022,Overland Park,KS,strike; picket,strike_out_of_scope
2,3/19/2022,Detroit,MI,strike; picket,strike_out_of_scope
2,3/19/2022,Minneapolis,MN,strike; picket,strike_out_of_scope
2,3/19/2022,Lawrenceville,NJ,strike; picket,strike_out_of_scope
2,3/19/2022,New York,NY,strike; picket,strike_out_of_scope
2,3/19/2022,Cleveland,OH,strike; picket,strike_out_of_scope
2,3/19/2022,San Antonio,TX,strike; picket,strike_out_of_scope
2,3/19/2022,Renton,WA,strike; picket,strike_out_of_scope
2,3/19/2022,Renton,WA,strike; picket,strike_out_of_scope
2,3/19/2022,Seattle,WA,strike; picket,strike_out_of_scope
2,3/19/2022,Smith Island,WA,strike; picket,strike_out_of_scope
2,3/19/2022,Woodinville,WA,strike; picket,strike_out_of_scope
2,3/20/2022,Brookwood,AL,strike; picket,strike_out_of_scope
2,3/20/2022,Merced,CA,hunger strike,strike_out_of_scope
2,3/20/2022,North Hollywood,CA,strike; picket,strike_out_of_scope
2,3/20/2022,Davenport,IA,strike; picket,strike_out_of_scope
2,3/20/2022,Chicago,IL,strike; picket,strike_out_of_scope
2,3/20/2022,Melrose Park,IL,strike; picket,strike_out_of_scope
2,3/20/2022,Proviso Township,IL,strike; picket,strike_out_of_scope
2,3/20/2022,Detroit,MI,strike; picket,strike_out_of_scope
2,3/20/2022,Minneapolis,MN,strike; picket,strike_out_of_scope
2,3/20/2022,Lawrenceville,NJ,strike; picket,strike_out_of_scope
2,3/20/2022,New York,NY,strike; picket,strike_out_of_scope
2,3/20/2022,Cleveland,OH,strike; picket,strike_out_of_scope
2,3/20/2022,San Antonio,TX,strike; picket,strike_out_of_scope
2,3/20/2022,Renton,WA,strike; picket,strike_out_of_scope
2,3/20/2022,Renton,WA,strike; picket,strike_out_of_scope
2,3/20/2022,Seattle,WA,strike; picket,strike_out_of_scope
2,3/20/2022,Smith Island,WA,strike; picket,strike_out_of_scope
2,3/20/2022,Woodinville,WA,strike; picket,strike_out_of_scope
2,3/21/2022,Brookwood,AL,strike; picket,strike_out_of_scope
2,3/21/2022,Merced,CA,hunger strike,strike_out_of_scope
2,3/21/2022,North Hollywood,CA,strike; picket,strike_out_of_scope
2,3/21/2022,Richmond,CA,strike; picket,strike_out_of_scope
2,3/21/2022,Davenport,IA,strike; picket,strike_out_of_scope
2,3/21/2022,Chicago,IL,strike; picket; press conference,strike_out_of_scope
2,3/21/2022,Melrose Park,IL,strike; picket,strike_out_of_scope
2,3/21/2022,Proviso Township,IL,strike; picket,strike_out_of_scope
2,3/21/2022,Detroit,MI,strike; picket,strike_out_of_scope
2,3/21/2022,Minneapolis,MN,strike; picket,strike_out_of_scope
2,3/21/2022,Lawrenceville,NJ,strike; picket,strike_out_of_scope
2,3/21/2022,New York,NY,strike; picket,strike_out_of_scope
2,3/21/2022,Cleveland,OH,strike; picket,strike_out_of_scope
2,3/21/2022,San Antonio,TX,strike; picket,strike_out_of_scope
2,3/21/2022,Renton,WA,strike; picket,strike_out_of_scope
2,3/21/2022,Renton,WA,strike; picket,strike_out_of_scope
2,3/21/2022,Seattle,WA,strike; picket,strike_out_of_scope
2,3/21/2022,Smith Island,WA,strike; picket,strike_out_of_scope
2,3/21/2022,Woodinville,WA,strike; picket,strike_out_of_scope
2,3/22/2022,Brookwood,AL,strike; picket,strike_out_of_scope
2,3/22/2022,Merced,CA,hunger strike,strike_out_of_scope
2,3/22/2022,North Hollywood,CA,strike; picket,strike_out_of_scope
2,3/22/2022,Richmond,CA,strike; picket,strike_out_of_scope
2,3/22/2022,Davenport,IA,strike; picket,strike_out_of_scope
2,3/22/2022,Chicago,IL,strike; picket,strike_out_of_scope
2,3/22/2022,Melrose Park,IL,strike; picket,strike_out_of_scope
2,3/22/2022,Proviso Township,IL,strike; picket,strike_out_of_scope
2,3/22/2022,Detroit,MI,strike; picket,strike_out_of_scope
2,3/22/2022,Minneapolis,MN,strike; picket,strike_out_of_scope
2,3/22/2022,Lawrenceville,NJ,strike; picket,strike_out_of_scope
2,3/22/2022,New York,NY,strike; picket,strike_out_of_scope
2,3/22/2022,Cleveland,OH,strike; picket,strike_out_of_scope
2,3/22/2022,San Antonio,TX,strike; picket,strike_out_of_scope
2,3/22/2022,Renton,WA,strike; picket,strike_out_of_scope
2,3/22/2022,Renton,WA,strike; picket,strike_out_of_scope
2,3/22/2022,Seattle,WA,strike; picket,strike_out_of_scope
2,3/22/2022,Smith Island,WA,strike; picket,strike_out_of_scope
2,3/22/2022,Woodinville,WA,strike; picket,strike_out_of_scope
2,3/23/2022,Brookwood,AL,strike; picket,strike_out_of_scope
2,3/23/2022,Merced,CA,hunger strike,strike_out_of_scope
2,3/23/2022,North Hollywood,CA,strike; picket,strike_out_of_scope
2,3/23/2022,Richmond,CA,strike; picket,strike_out_of_scope
2,3/23/2022,Sacramento,CA,strike; picket,strike_out_of_scope
2,3/23/2022,Chicago,IL,strike; picket,strike_out_of_scope
2,3/23/2022,Melrose Park,IL,strike; picket,strike_out_of_scope
2,3/23/2022,Proviso Township,IL,strike; picket,strike_out_of_scope
2,3/23/2022,Bogalusa,LA,strike; picket,strike_out_of_scope
2,3/23/2022,Detroit,MI,strike; picket,strike_out_of_scope
2,3/23/2022,Minneapolis,MN,strike; picket,strike_out_of_scope
2,3/23/2022,Hattiesburg,MS,strike; picket,strike_out_of_scope
2,3/23/2022,Lawrenceville,NJ,strike; picket,strike_out_of_scope
2,3/23/2022,New York,NY,strike; picket,strike_out_of_scope
2,3/23/2022,Cleveland,OH,strike; picket,strike_out_of_scope
2,3/23/2022,San Antonio,TX,strike; picket,strike_out_of_scope
2,3/23/2022,Renton,WA,strike; picket,strike_out_of_scope
2,3/23/2022,Renton,WA,strike; picket,strike_out_of_scope
2,3/23/2022,Seattle,WA,strike; picket,strike_out_of_scope
2,3/23/2022,Smith Island,WA,strike; picket,strike_out_of_scope
2,3/23/2022,Woodinville,WA,strike; picket,strike_out_of_scope
2,3/24/2022,Brookwood,AL,strike; picket,strike_out_of_scope
2,3/24/2022,Merced,CA,hunger strike,strike_out_of_scope
2,3/24/2022,North Hollywood,CA,strike; picket,strike_out_of_scope
2,3/24/2022,Richmond,CA,strike; picket,strike_out_of_scope
2,3/24/2022,Sacramento,CA,strike; picket,strike_out_of_scope
2,3/24/2022,Chicago,IL,strike; picket,strike_out_of_scope
2,3/24/2022,Melrose Park,IL,strike; picket,strike_out_of_scope
2,3/24/2022,Detroit,MI,strike; picket,strike_out_of_scope
2,3/24/2022,Minneapolis,MN,strike; picket,strike_out_of_scope
2,3/24/2022,Lawrenceville,NJ,strike; picket,strike_out_of_scope
2,3/24/2022,New York,NY,strike; picket,strike_out_of_scope
2,3/24/2022,Cleveland,OH,strike; picket,strike_out_of_scope
2,3/24/2022,San Antonio,TX,strike; picket,strike_out_of_scope
2,3/24/2022,Renton,WA,strike; picket,strike_out_of_scope
2,3/24/2022,Renton,WA,strike; picket,strike_out_of_scope
2,3/24/2022,Seattle,WA,strike; picket,strike_out_of_scope
2,3/24/2022,Smith Island,WA,strike; picket,strike_out_of_scope
2,3/24/2022,Woodinville,WA,strike; picket,strike_out_of_scope
2,3/25/2022,Brookwood,AL,strike; picket,strike_out_of_scope
2,3/25/2022,Merced,CA,hunger strike,strike_out_of_scope
2,3/25/2022,North Hollywood,CA,strike; picket,strike_out_of_scope
2,3/25/2022,Richmond,CA,strike; picket,strike_out_of_scope
2,3/25/2022,Sacramento,CA,strike; picket,strike_out_of_scope
2,3/25/2022,Chicago,IL,strike; picket,strike_out_of_scope
2,3/25/2022,Melrose Park,IL,strike; picket,strike_out_of_scope
2,3/25/2022,Detroit,MI,strike; picket,strike_out_of_scope
2,3/25/2022,Minneapolis,MN,strike; picket,strike_out_of_scope
2,3/25/2022,Lawrenceville,NJ,strike; picket,strike_out_of_scope
2,3/25/2022,New York,NY,strike; picket,strike_out_of_scope
2,3/25/2022,Cleveland,OH,strike; picket,strike_out_of_scope
2,3/25/2022,San Antonio,TX,strike; picket,strike_out_of_scope
2,3/25/2022,Renton,WA,strike; picket,strike_out_of_scope
2,3/25/2022,Renton,WA,strike; picket,strike_out_of_scope
2,3/25/2022,Seattle,WA,strike; picket,strike_out_of_scope
2,3/25/2022,Smith Island,WA,strike; picket,strike_out_of_scope
2,3/25/2022,Woodinville,WA,strike; picket,strike_out_of_scope
2,3/26/2022,Brookwood,AL,strike; picket,strike_out_of_scope
2,3/26/2022,Merced,CA,hunger strike,strike_out_of_scope
2,3/26/2022,North Hollywood,CA,strike; picket,strike_out_of_scope
2,3/26/2022,Richmond,CA,strike; picket,strike_out_of_scope
2,3/26/2022,Chicago,IL,strike; picket,strike_out_of_scope
2,3/26/2022,Melrose Park,IL,strike; picket,strike_out_of_scope
2,3/26/2022,Detroit,MI,strike; picket,strike_out_of_scope
2,3/26/2022,Lawrenceville,NJ,strike; picket,strike_out_of_scope
2,3/26/2022,New York,NY,strike; picket,strike_out_of_scope
2,3/26/2022,Cleveland,OH,strike; picket,strike_out_of_scope
2,3/26/2022,San Antonio,TX,strike; picket,strike_out_of_scope
2,3/26/2022,Renton,WA,strike; picket,strike_out_of_scope
2,3/26/2022,Renton,WA,strike; picket,strike_out_of_scope
2,3/26/2022,Seattle,WA,strike; picket,strike_out_of_scope
2,3/26/2022,Smith Island,WA,strike; picket,strike_out_of_scope
2,3/26/2022,Woodinville,WA,strike; picket,strike_out_of_scope
2,3/27/2022,Brookwood,AL,strike; picket,strike_out_of_scope
2,3/27/2022,Merced,CA,hunger strike,strike_out_of_scope
2,3/27/2022,Richmond,CA,strike; picket,strike_out_of_scope
2,3/27/2022,Chicago,IL,strike; picket,strike_out_of_scope
2,3/27/2022,Melrose Park,IL,strike; picket,strike_out_of_scope
2,3/27/2022,Detroit,MI,strike; picket,strike_out_of_scope
2,3/27/2022,Kalamazoo,MI,strike; picket,strike_out_of_scope
2,3/27/2022,Lawrenceville,NJ,strike; picket,strike_out_of_scope
2,3/27/2022,New York,NY,strike; picket,strike_out_of_scope
2,3/27/2022,Cleveland,OH,strike; picket,strike_out_of_scope
2,3/27/2022,San Antonio,TX,strike; picket,strike_out_of_scope
2,3/27/2022,Renton,WA,strike; picket,strike_out_of_scope
2,3/27/2022,Renton,WA,strike; picket,strike_out_of_scope
2,3/27/2022,Seattle,WA,strike; picket,strike_out_of_scope
2,3/27/2022,Smith Island,WA,strike; picket,strike_out_of_scope
2,3/27/2022,Woodinville,WA,strike; picket,strike_out_of_scope
2,3/28/2022,Brookwood,AL,strike; picket,strike_out_of_scope
2,3/28/2022,North Hollywood,CA,strike; picket,strike_out_of_scope
2,3/28/2022,Richmond,CA,strike; picket,strike_out_of_scope
2,3/28/2022,Sacramento,CA,strike; picket,strike_out_of_scope
2,3/28/2022,Chicago,IL,strike; picket,strike_out_of_scope
2,3/28/2022,Melrose Park,IL,strike; picket,strike_out_of_scope
2,3/28/2022,Detroit,MI,strike; picket,strike_out_of_scope
2,3/28/2022,Kalamazoo,MI,strike; picket,strike_out_of_scope
2,3/28/2022,Lawrenceville,NJ,strike; picket,strike_out_of_scope
2,3/28/2022,New York,NY,strike; picket,strike_out_of_scope
2,3/28/2022,Cleveland,OH,strike; picket,strike_out_of_scope
2,3/28/2022,San Antonio,TX,strike; picket,strike_out_of_scope
2,3/28/2022,Renton,WA,strike; picket,strike_out_of_scope
2,3/28/2022,Renton,WA,strike; picket,strike_out_of_scope
2,3/28/2022,Seattle,WA,strike; picket,strike_out_of_scope
2,3/28/2022,Smith Island,WA,strike; picket,strike_out_of_scope
2,3/28/2022,Woodinville,WA,strike; picket,strike_out_of_scope
2,3/29/2022,Brookwood,AL,strike; picket,strike_out_of_scope
2,3/29/2022,North Hollywood,CA,strike; picket,strike_out_of_scope
2,3/29/2022,Richmond,CA,strike; picket,strike_out_of_scope
2,3/29/2022,Sacramento,CA,strike; picket,strike_out_of_scope
2,3/29/2022,Chicago,IL,strike; picket,strike_out_of_scope
2,3/29/2022,Melrose Park,IL,strike; picket,strike_out_of_scope
2,3/29/2022,Detroit,MI,strike; picket,strike_out_of_scope
2,3/29/2022,Kalamazoo,MI,strike; picket,strike_out_of_scope
2,3/29/2022,Lawrenceville,NJ,strike; picket,strike_out_of_scope
2,3/29/2022,New York,NY,strike; picket,strike_out_of_scope
2,3/29/2022,Cleveland,OH,strike; picket,strike_out_of_scope
2,3/29/2022,San Antonio,TX,strike; picket,strike_out_of_scope
2,3/29/2022,Renton,WA,strike; picket,strike_out_of_scope
2,3/29/2022,Renton,WA,strike; picket,strike_out_of_scope
2,3/29/2022,Seattle,WA,strike; picket,strike_out_of_scope
2,3/29/2022,Smith Island,WA,strike; picket,strike_out_of_scope
2,3/29/2022,Woodinville,WA,strike; picket,strike_out_of_scope
2,3/30/2022,Brookwood,AL,strike; picket,strike_out_of_scope
2,3/30/2022,North Hollywood,CA,strike,strike_out_of_scope
2,3/30/2022,Richmond,CA,strike; picket,strike_out_of_scope
2,3/30/2022,Sacramento,CA,strike; picket,strike_out_of_scope
2,3/30/2022,Chicago,IL,strike; picket,strike_out_of_scope
2,3/30/2022,Melrose Park,IL,strike; picket,strike_out_of_scope
2,3/30/2022,Detroit,MI,strike; picket,strike_out_of_scope
2,3/30/2022,Kalamazoo,MI,strike; picket,strike_out_of_scope
2,3/30/2022,Lawrenceville,NJ,strike; picket,strike_out_of_scope
2,3/30/2022,New York,NY,strike; picket,strike_out_of_scope
2,3/30/2022,Cleveland,OH,strike; picket,strike_out_of_scope
2,3/30/2022,San Antonio,TX,strike; picket,strike_out_of_scope
2,3/30/2022,Renton,WA,strike; picket,strike_out_of_scope
2,3/30/2022,Renton,WA,strike; picket,strike_out_of_scope
2,3/30/2022,Seattle,WA,strike; picket,strike_out_of_scope
2,3/30/2022,Smith Island,WA,strike; picket,strike_out_of_scope
2,3/30/2022,Woodinville,WA,strike; picket,strike_out_of_scope
2,3/31/2022,Brookwood,AL,strike; picket,strike_out_of_scope
2,3/31/2022,North Hollywood,CA,strike; picket,strike_out_of_scope
2,3/31/2022,Richmond,CA,strike; picket,strike_out_of_scope
2,3/31/2022,Sacramento,CA,strike; picket,strike_out_of_scope
2,3/31/2022,Chicago,IL,strike; picket,strike_out_of_scope
2,3/31/2022,Melrose Park,IL,strike; picket,strike_out_of_scope
2,3/31/2022,Detroit,MI,strike; picket,strike_out_of_scope
2,3/31/2022,Kalamazoo,MI,strike; picket,strike_out_of_scope
2,3/31/2022,Lawrenceville,NJ,strike; picket,strike_out_of_scope
2,3/31/2022,New York,NY,strike; picket,strike_out_of_scope
2,3/31/2022,New York,NY,strike; picket,strike_out_of_scope
2,3/31/2022,Cleveland,OH,strike; picket,strike_out_of_scope
2,3/31/2022,San Antonio,TX,strike; picket,strike_out_of_scope
2,3/31/2022,Renton,WA,strike; picket,strike_out_of_scope
2,3/31/2022,Renton,WA,strike; picket,strike_out_of_scope
2,3/31/2022,Seattle,WA,strike; picket,strike_out_of_scope
2,3/31/2022,Smith Island,WA,strike; picket,strike_out_of_scope
2,3/31/2022,Woodinville,WA,strike; picket,strike_out_of_scope
2,4/1/2022,Brookwood,AL,strike; picket,strike_out_of_scope
2,4/1/2022,North Hollywood,CA,strike; picket,strike_out_of_scope
2,4/1/2022,Richmond,CA,strike; picket,strike_out_of_scope
2,4/1/2022,Sacramento,CA,strike; picket,strike_out_of_scope
2,4/1/2022,Chicago,IL,strike; picket,strike_out_of_scope
2,4/1/2022,Melrose Park,IL,strike; picket,strike_out_of_scope
2,4/1/2022,South Easton,MA,strike; picket,strike_out_of_scope
2,4/1/2022,Detroit,MI,strike; picket,strike_out_of_scope
2,4/1/2022,Kalamazoo,MI,strike; picket,strike_out_of_scope
2,4/1/2022,Lawrenceville,NJ,strike; picket,strike_out_of_scope
2,4/1/2022,New York,NY,strike; picket,strike_out_of_scope
2,4/1/2022,Cleveland,OH,strike; picket,strike_out_of_scope
2,4/1/2022,San Antonio,TX,strike; picket,strike_out_of_scope
2,4/1/2022,Renton,WA,strike; picket,strike_out_of_scope
2,4/1/2022,Renton,WA,strike; picket,strike_out_of_scope
2,4/1/2022,Seattle,WA,strike; picket,strike_out_of_scope
2,4/1/2022,Smith Island,WA,strike; picket,strike_out_of_scope
2,4/1/2022,Woodinville,WA,strike; picket,strike_out_of_scope
2,4/2/2022,Brookwood,AL,strike; picket,strike_out_of_scope
2,4/2/2022,North Hollywood,CA,strike; picket,strike_out_of_scope
2,4/2/2022,Richmond,CA,strike; picket,strike_out_of_scope
2,4/2/2022,Sacramento,CA,strike; picket,strike_out_of_scope
2,4/2/2022,Chicago,IL,strike; picket,strike_out_of_scope
2,4/2/2022,Melrose Park,IL,strike; picket,strike_out_of_scope
2,4/2/2022,Detroit,MI,strike; picket,strike_out_of_scope
2,4/2/2022,Kalamazoo,MI,strike; picket,strike_out_of_scope
2,4/2/2022,Lawrenceville,NJ,strike; picket,strike_out_of_scope
2,4/2/2022,New York,NY,strike; picket,strike_out_of_scope
2,4/2/2022,Cleveland,OH,strike; picket,strike_out_of_scope
2,4/2/2022,San Antonio,TX,strike; picket,strike_out_of_scope
2,4/2/2022,Renton,WA,strike; picket,strike_out_of_scope
2,4/2/2022,Renton,WA,strike; picket,strike_out_of_scope
2,4/2/2022,Seattle,WA,strike; picket,strike_out_of_scope
2,4/2/2022,Smith Island,WA,strike; picket,strike_out_of_scope
2,4/2/2022,Woodinville,WA,strike; picket,strike_out_of_scope
2,4/3/2022,Brookwood,AL,strike; picket,strike_out_of_scope
2,4/3/2022,North Hollywood,CA,strike,strike_out_of_scope
2,4/3/2022,Richmond,CA,strike; picket,strike_out_of_scope
2,4/3/2022,Sacramento,CA,strike; picket,strike_out_of_scope
2,4/3/2022,Chicago,IL,strike; picket,strike_out_of_scope
2,4/3/2022,Melrose Park,IL,strike; picket,strike_out_of_scope
2,4/3/2022,Detroit,MI,strike; picket,strike_out_of_scope
2,4/3/2022,Kalamazoo,MI,strike; picket,strike_out_of_scope
2,4/3/2022,Lawrenceville,NJ,strike; picket,strike_out_of_scope
2,4/3/2022,New York,NY,strike; picket,strike_out_of_scope
2,4/3/2022,Cleveland,OH,strike; picket,strike_out_of_scope
2,4/3/2022,San Antonio,TX,strike; picket,strike_out_of_scope
2,4/3/2022,Renton,WA,strike; picket,strike_out_of_scope
2,4/3/2022,Renton,WA,strike; picket,strike_out_of_scope
2,4/3/2022,Seattle,WA,strike; picket,strike_out_of_scope
2,4/3/2022,Smith Island,WA,strike; picket,strike_out_of_scope
2,4/3/2022,Woodinville,WA,strike; picket,strike_out_of_scope
2,4/4/2022,Brookwood,AL,strike; picket,strike_out_of_scope
2,4/4/2022,North Hollywood,CA,strike,strike_out_of_scope
2,4/4/2022,Richmond,CA,strike; picket,strike_out_of_scope
2,4/4/2022,Chicago,IL,strike; picket,strike_out_of_scope
2,4/4/2022,Melrose Park,IL,strike; picket,strike_out_of_scope
2,4/4/2022,Detroit,MI,strike; picket,strike_out_of_scope
2,4/4/2022,Kalamazoo,MI,strike; picket,strike_out_of_scope
2,4/4/2022,Lawrenceville,NJ,strike; picket,strike_out_of_scope
2,4/4/2022,New York,NY,strike; picket,strike_out_of_scope
2,4/4/2022,Cleveland,OH,strike; picket,strike_out_of_scope
2,4/4/2022,San Antonio,TX,strike; picket,strike_out_of_scope
2,4/4/2022,Renton,WA,strike; picket,strike_out_of_scope
2,4/4/2022,Renton,WA,strike; picket,strike_out_of_scope
2,4/4/2022,Seattle,WA,strike; picket,strike_out_of_scope
2,4/4/2022,Smith Island,WA,strike; picket,strike_out_of_scope
2,4/4/2022,Woodinville,WA,strike; picket,strike_out_of_scope
2,4/4/2022,Sheboygan,WI,strike; picket,strike_out_of_scope
2,4/5/2022,Brookwood,AL,strike; picket,strike_out_of_scope
2,4/5/2022,North Hollywood,CA,strike,strike_out_of_scope
2,4/5/2022,Richmond,CA,strike; picket,strike_out_of_scope
2,4/5/2022,Chicago,IL,strike; picket,strike_out_of_scope
2,4/5/2022,Melrose Park,IL,strike; picket,strike_out_of_scope
2,4/5/2022,Detroit,MI,strike; picket,strike_out_of_scope
2,4/5/2022,Kalamazoo,MI,strike; picket,strike_out_of_scope
2,4/5/2022,Lawrenceville,NJ,strike; picket,strike_out_of_scope
2,4/5/2022,New York,NY,strike; picket,strike_out_of_scope
2,4/5/2022,Cleveland,OH,strike; picket,strike_out_of_scope
2,4/5/2022,San Antonio,TX,strike; picket,strike_out_of_scope
2,4/5/2022,Renton,WA,strike; picket,strike_out_of_scope
2,4/5/2022,Renton,WA,strike; picket,strike_out_of_scope
2,4/5/2022,Seattle,WA,strike; picket,strike_out_of_scope
2,4/5/2022,Smith Island,WA,strike; picket,strike_out_of_scope
2,4/5/2022,Woodinville,WA,strike; picket,strike_out_of_scope
2,4/5/2022,Sheboygan,WI,strike; picket,strike_out_of_scope
2,4/6/2022,Brookwood,AL,strike; picket,strike_out_of_scope
2,4/6/2022,North Hollywood,CA,strike,strike_out_of_scope
2,4/6/2022,Richmond,CA,strike; picket,strike_out_of_scope
2,4/6/2022,Chicago,IL,strike; picket,strike_out_of_scope
2,4/6/2022,Melrose Park,IL,strike; picket,strike_out_of_scope
2,4/6/2022,Overland Park,KS,strike,strike_out_of_scope
2,4/6/2022,Detroit,MI,strike; picket,strike_out_of_scope
2,4/6/2022,Lawrenceville,NJ,strike; picket,strike_out_of_scope
2,4/6/2022,New York,NY,strike; picket,strike_out_of_scope
2,4/6/2022,Cleveland,OH,strike; picket,strike_out_of_scope
2,4/6/2022,San Antonio,TX,strike; picket,strike_out_of_scope
2,4/6/2022,Renton,WA,strike; picket,strike_out_of_scope
2,4/6/2022,Renton,WA,strike; picket,strike_out_of_scope
2,4/6/2022,Seattle,WA,strike; picket,strike_out_of_scope
2,4/6/2022,Smith Island,WA,strike; picket,strike_out_of_scope
2,4/6/2022,Woodinville,WA,strike; picket,strike_out_of_scope
2,4/6/2022,Sheboygan,WI,strike; picket,strike_out_of_scope
2,4/7/2022,Brookwood,AL,strike; picket,strike_out_of_scope
2,4/7/2022,North Hollywood,CA,strike; picket,strike_out_of_scope
2,4/7/2022,Richmond,CA,strike; picket,strike_out_of_scope
2,4/7/2022,Chicago,IL,strike; picket,strike_out_of_scope
2,4/7/2022,Melrose Park,IL,strike; picket,strike_out_of_scope
2,4/7/2022,Overland Park,KS,strike,strike_out_of_scope
2,4/7/2022,Detroit,MI,strike; picket,strike_out_of_scope
2,4/7/2022,Lawrenceville,NJ,strike; picket,strike_out_of_scope
2,4/7/2022,New York,NY,strike; picket,strike_out_of_scope
2,4/7/2022,Cleveland,OH,strike; picket,strike_out_of_scope
2,4/7/2022,San Antonio,TX,strike; picket,strike_out_of_scope
2,4/7/2022,Renton,WA,strike; picket,strike_out_of_scope
2,4/7/2022,Renton,WA,strike; picket,strike_out_of_scope
2,4/7/2022,Seattle,WA,strike; picket,strike_out_of_scope
2,4/7/2022,Smith Island,WA,strike; picket,strike_out_of_scope
2,4/7/2022,Woodinville,WA,strike; picket,strike_out_of_scope
2,4/7/2022,Sheboygan,WI,strike; picket,strike_out_of_scope
2,4/8/2022,Brookwood,AL,strike; picket,strike_out_of_scope
2,4/8/2022,North Hollywood,CA,strike; picket,strike_out_of_scope
2,4/8/2022,Richmond,CA,strike; picket,strike_out_of_scope
2,4/8/2022,Melrose Park,IL,strike; picket,strike_out_of_scope
2,4/8/2022,Overland Park,KS,strike,strike_out_of_scope
2,4/8/2022,Detroit,MI,strike; picket,strike_out_of_scope
2,4/8/2022,Lawrenceville,NJ,strike; picket,strike_out_of_scope
2,4/8/2022,New York,NY,strike; picket,strike_out_of_scope
2,4/8/2022,Cleveland,OH,strike; picket,strike_out_of_scope
2,4/8/2022,San Antonio,TX,strike; picket,strike_out_of_scope
2,4/8/2022,Marysville,WA,strike; picket,strike_out_of_scope
2,4/8/2022,Renton,WA,strike; picket,strike_out_of_scope
2,4/8/2022,Renton,WA,strike; picket,strike_out_of_scope
2,4/8/2022,Seattle,WA,strike; picket,strike_out_of_scope
2,4/8/2022,Smith Island,WA,strike; picket,strike_out_of_scope
2,4/8/2022,Woodinville,WA,strike; picket,strike_out_of_scope
2,4/8/2022,Sheboygan,WI,strike; picket,strike_out_of_scope
2,4/9/2022,Brookwood,AL,strike; picket,strike_out_of_scope
2,4/9/2022,North Hollywood,CA,strike; picket,strike_out_of_scope
2,4/9/2022,Richmond,CA,strike; picket,strike_out_of_scope
2,4/9/2022,Melrose Park,IL,strike; picket,strike_out_of_scope
2,4/9/2022,Overland Park,KS,strike,strike_out_of_scope
2,4/9/2022,Detroit,MI,strike; picket,strike_out_of_scope
2,4/9/2022,Lawrenceville,NJ,strike; picket,strike_out_of_scope
2,4/9/2022,New York,NY,strike; picket,strike_out_of_scope
2,4/9/2022,Cleveland,OH,strike; picket,strike_out_of_scope
2,4/9/2022,San Antonio,TX,strike; picket,strike_out_of_scope
2,4/9/2022,Marysville,WA,strike; picket,strike_out_of_scope
2,4/9/2022,Renton,WA,strike; picket,strike_out_of_scope
2,4/9/2022,Renton,WA,strike; picket,strike_out_of_scope
2,4/9/2022,Seattle,WA,strike; picket,strike_out_of_scope
2,4/9/2022,Smith Island,WA,strike; picket,strike_out_of_scope
2,4/9/2022,Woodinville,WA,strike; picket,strike_out_of_scope
2,4/9/2022,Sheboygan,WI,strike; picket,strike_out_of_scope
2,4/10/2022,Brookwood,AL,strike; picket,strike_out_of_scope
2,4/10/2022,North Hollywood,CA,strike,strike_out_of_scope
2,4/10/2022,Richmond,CA,strike; picket,strike_out_of_scope
2,4/10/2022,Melrose Park,IL,strike; picket,strike_out_of_scope
2,4/10/2022,Overland Park,KS,strike,strike_out_of_scope
2,4/10/2022,Detroit,MI,strike; picket,strike_out_of_scope
2,4/10/2022,Lawrenceville,NJ,strike; picket,strike_out_of_scope
2,4/10/2022,New York,NY,strike; picket,strike_out_of_scope
2,4/10/2022,Cleveland,OH,strike; picket,strike_out_of_scope
2,4/10/2022,San Antonio,TX,strike; picket,strike_out_of_scope
2,4/10/2022,Renton,WA,strike; picket,strike_out_of_scope
2,4/10/2022,Renton,WA,strike; picket,strike_out_of_scope
2,4/10/2022,Seattle,WA,strike; picket,strike_out_of_scope
2,4/10/2022,Smith Island,WA,strike; picket,strike_out_of_scope
2,4/10/2022,Woodinville,WA,strike; picket,strike_out_of_scope
2,4/11/2022,Brookwood,AL,strike; picket,strike_out_of_scope
2,4/11/2022,North Hollywood,CA,strike; picket,strike_out_of_scope
2,4/11/2022,Richmond,CA,strike; picket,strike_out_of_scope
2,4/11/2022,Washington,DC,strike; picket; rally,strike_out_of_scope
2,4/11/2022,Washington,DC,virtual strike,strike_out_of_scope
2,4/11/2022,Melrose Park,IL,strike; picket,strike_out_of_scope
2,4/11/2022,Detroit,MI,strike; picket,strike_out_of_scope
2,4/11/2022,Lawrenceville,NJ,strike; picket,strike_out_of_scope
2,4/11/2022,New York,NY,strike; picket,strike_out_of_scope
2,4/11/2022,Cleveland,OH,strike; picket,strike_out_of_scope
2,4/11/2022,Gambier,OH,strike,strike_out_of_scope
2,4/11/2022,San Antonio,TX,strike; picket,strike_out_of_scope
2,4/12/2022,Brookwood,AL,strike; picket,strike_out_of_scope
2,4/12/2022,North Hollywood,CA,strike,strike_out_of_scope
2,4/12/2022,Richmond,CA,strike; picket,strike_out_of_scope
2,4/12/2022,Washington,DC,strike; picket,strike_out_of_scope
2,4/12/2022,Washington,DC,virtual strike,strike_out_of_scope
2,4/12/2022,Melrose Park,IL,strike; picket,strike_out_of_scope
2,4/12/2022,Detroit,MI,strike; picket,strike_out_of_scope
2,4/12/2022,Kansas City,MO,strike; picket,strike_out_of_scope
2,4/12/2022,Lawrenceville,NJ,strike; picket,strike_out_of_scope
2,4/12/2022,New York,NY,strike; picket,strike_out_of_scope
2,4/12/2022,Cleveland,OH,strike; picket,strike_out_of_scope
2,4/12/2022,Gambier,OH,strike,strike_out_of_scope
2,4/12/2022,San Antonio,TX,strike; picket,strike_out_of_scope
2,4/13/2022,Brookwood,AL,strike; picket,strike_out_of_scope
2,4/13/2022,North Hollywood,CA,strike,strike_out_of_scope
2,4/13/2022,Richmond,CA,strike; picket,strike_out_of_scope
2,4/13/2022,Washington,DC,virtual strike,strike_out_of_scope
2,4/13/2022,Melrose Park,IL,strike; picket,strike_out_of_scope
2,4/13/2022,Bloomington,IN,strike,strike_out_of_scope
2,4/13/2022,Detroit,MI,strike; picket,strike_out_of_scope
2,4/13/2022,Lawrenceville,NJ,strike; picket,strike_out_of_scope
2,4/13/2022,New York,NY,strike; picket,strike_out_of_scope
2,4/13/2022,Cleveland,OH,strike; picket,strike_out_of_scope
2,4/13/2022,Gambier,OH,strike,strike_out_of_scope
2,4/13/2022,San Antonio,TX,strike; picket,strike_out_of_scope
2,4/14/2022,Brookwood,AL,strike; picket,strike_out_of_scope
2,4/14/2022,North Hollywood,CA,strike; picket,strike_out_of_scope
2,4/14/2022,Richmond,CA,strike; picket,strike_out_of_scope
2,4/14/2022,Washington,DC,virtual strike,strike_out_of_scope
2,4/14/2022,Melrose Park,IL,strike; picket,strike_out_of_scope
2,4/14/2022,Bloomington,IN,walkout; rally,walkout_labor_precutoff
2,4/14/2022,Bloomington,IN,strike; picket,strike_out_of_scope
2,4/14/2022,Detroit,MI,strike; picket,strike_out_of_scope
2,4/14/2022,Lawrenceville,NJ,strike; picket,strike_out_of_scope
2,4/14/2022,New York,NY,strike; picket,strike_out_of_scope
2,4/14/2022,Cleveland,OH,strike; picket,strike_out_of_scope
2,4/14/2022,Gambier,OH,strike,strike_out_of_scope
2,4/14/2022,San Antonio,TX,strike; picket,strike_out_of_scope
2,4/15/2022,Brookwood,AL,strike; picket,strike_out_of_scope
2,4/15/2022,North Hollywood,CA,strike; picket,strike_out_of_scope
2,4/15/2022,Richmond,CA,strike; picket,strike_out_of_scope
2,4/15/2022,Washington,DC,virtual strike,strike_out_of_scope
2,4/15/2022,Melrose Park,IL,strike; picket,strike_out_of_scope
2,4/15/2022,Bloomington,IN,strike; picket,strike_out_of_scope
2,4/15/2022,Detroit,MI,strike; picket,strike_out_of_scope
2,4/15/2022,Lawrenceville,NJ,strike; picket,strike_out_of_scope
2,4/15/2022,New York,NY,strike; picket,strike_out_of_scope
2,4/15/2022,Cleveland,OH,strike; picket,strike_out_of_scope
2,4/15/2022,Gambier,OH,strike,strike_out_of_scope
2,4/15/2022,San Antonio,TX,strike; picket,strike_out_of_scope
2,4/15/2022,Seattle,WA,strike; picket,strike_out_of_scope
2,4/15/2022,Seattle,WA,strike; picket,strike_out_of_scope
2,4/16/2022,Brookwood,AL,strike; picket,strike_out_of_scope
2,4/16/2022,North Hollywood,CA,strike; picket,strike_out_of_scope
2,4/16/2022,Richmond,CA,strike; picket,strike_out_of_scope
2,4/16/2022,Washington,DC,virtual strike,strike_out_of_scope
2,4/16/2022,Melrose Park,IL,strike; picket,strike_out_of_scope
2,4/16/2022,Bloomington,IN,strike,strike_out_of_scope
2,4/16/2022,Detroit,MI,strike; picket,strike_out_of_scope
2,4/16/2022,Lawrenceville,NJ,strike; picket,strike_out_of_scope
2,4/16/2022,Ithaca,NY,strike; picket,strike_out_of_scope
2,4/16/2022,New York,NY,strike; picket,strike_out_of_scope
2,4/16/2022,Cleveland,OH,strike; picket,strike_out_of_scope
2,4/16/2022,Gambier,OH,strike,strike_out_of_scope
2,4/16/2022,San Antonio,TX,strike; picket,strike_out_of_scope
2,4/16/2022,Seattle,WA,strike; picket,strike_out_of_scope
2,4/16/2022,Seattle,WA,strike; picket,strike_out_of_scope
2,4/17/2022,Brookwood,AL,strike; picket,strike_out_of_scope
2,4/17/2022,North Hollywood,CA,strike,strike_out_of_scope
2,4/17/2022,Richmond,CA,strike; picket,strike_out_of_scope
2,4/17/2022,Washington,DC,virtual strike,strike_out_of_scope
2,4/17/2022,Melrose Park,IL,strike; picket,strike_out_of_scope
2,4/17/2022,Bloomington,IN,strike,strike_out_of_scope
2,4/17/2022,Detroit,MI,strike; picket,strike_out_of_scope
2,4/17/2022,Lawrenceville,NJ,strike; picket,strike_out_of_scope
2,4/17/2022,New York,NY,strike; picket,strike_out_of_scope
2,4/17/2022,Gambier,OH,strike,strike_out_of_scope
2,4/17/2022,San Antonio,TX,strike; picket,strike_out_of_scope
2,4/17/2022,Seattle,WA,strike; picket,strike_out_of_scope
2,4/17/2022,Seattle,WA,strike; picket,strike_out_of_scope
2,4/18/2022,Brookwood,AL,strike; picket,strike_out_of_scope
2,4/18/2022,Antioch,CA,strike; picket,strike_out_of_scope
2,4/18/2022,Auburn,CA,strike; picket,strike_out_of_scope
2,4/18/2022,Berkeley,CA,strike; picket,strike_out_of_scope
2,4/18/2022,Berkeley,CA,strike; picket,strike_out_of_scope
2,4/18/2022,Burlingame,CA,strike; picket,strike_out_of_scope
2,4/18/2022,Castro Valley,CA,strike; picket,strike_out_of_scope
2,4/18/2022,Crescent City,CA,strike; picket,strike_out_of_scope
2,4/18/2022,Lakeport,CA,strike; picket,strike_out_of_scope
2,4/18/2022,North Hollywood,CA,strike,strike_out_of_scope
2,4/18/2022,Novato,CA,strike; picket,strike_out_of_scope
2,4/18/2022,Oakland,CA,strike; picket,strike_out_of_scope
2,4/18/2022,Richmond,CA,strike; picket,strike_out_of_scope
2,4/18/2022,Roseville,CA,strike; picket,strike_out_of_scope
2,4/18/2022,Sacramento,CA,strike; picket,strike_out_of_scope
2,4/18/2022,San Francisco,CA,strike; picket,strike_out_of_scope
2,4/18/2022,San Francisco,CA,strike; picket,strike_out_of_scope
2,4/18/2022,Santa Cruz,CA,strike; picket,strike_out_of_scope
2,4/18/2022,Santa Rosa,CA,strike; picket,strike_out_of_scope
2,4/18/2022,Tracy,CA,strike; picket,strike_out_of_scope
2,4/18/2022,Vallejo,CA,strike; picket,strike_out_of_scope
2,4/18/2022,Washington,DC,virtual strike,strike_out_of_scope
2,4/18/2022,Folkston,GA,hunger strike,strike_out_of_scope
2,4/18/2022,Chicago,IL,strike; picket,strike_out_of_scope
2,4/18/2022,Melrose Park,IL,strike; picket,strike_out_of_scope
2,4/18/2022,Bloomington,IN,strike; picket,strike_out_of_scope
2,4/18/2022,Detroit,MI,strike; picket,strike_out_of_scope
2,4/18/2022,Lawrenceville,NJ,strike; picket,strike_out_of_scope
2,4/18/2022,New York,NY,strike; picket,strike_out_of_scope
2,4/18/2022,Gambier,OH,strike,strike_out_of_scope
2,4/18/2022,San Antonio,TX,strike; picket,strike_out_of_scope
2,4/19/2022,Brookwood,AL,strike; picket,strike_out_of_scope
2,4/19/2022,North Hollywood,CA,strike,strike_out_of_scope
2,4/19/2022,Richmond,CA,strike; picket,strike_out_of_scope
2,4/19/2022,Folkston,GA,hunger strike,strike_out_of_scope
2,4/19/2022,Chicago,IL,strike; picket,strike_out_of_scope
2,4/19/2022,Melrose Park,IL,strike; picket,strike_out_of_scope
2,4/19/2022,Bloomington,IN,strike; picket,strike_out_of_scope
2,4/19/2022,Detroit,MI,strike; picket,strike_out_of_scope
2,4/19/2022,Lawrenceville,NJ,strike; picket,strike_out_of_scope
2,4/19/2022,New York,NY,strike; picket,strike_out_of_scope
2,4/19/2022,Gambier,OH,strike,strike_out_of_scope
2,4/19/2022,San Antonio,TX,strike; picket,strike_out_of_scope
2,4/20/2022,Brookwood,AL,strike; picket,strike_out_of_scope
2,4/20/2022,North Hollywood,CA,strike,strike_out_of_scope
2,4/20/2022,Richmond,CA,strike; picket,strike_out_of_scope
2,4/20/2022,Folkston,GA,hunger strike,strike_out_of_scope
2,4/20/2022,Chicago,IL,strike; picket,strike_out_of_scope
2,4/20/2022,Melrose Park,IL,strike; picket,strike_out_of_scope
2,4/20/2022,Bloomington,IN,strike; picket,strike_out_of_scope
2,4/20/2022,Detroit,MI,strike; picket,strike_out_of_scope
2,4/20/2022,Lawrenceville,NJ,strike; picket,strike_out_of_scope
2,4/20/2022,New York,NY,strike; picket,strike_out_of_scope
2,4/20/2022,Gambier,OH,strike,strike_out_of_scope
2,4/20/2022,San Antonio,TX,strike; picket,strike_out_of_scope
2,4/21/2022,Brookwood,AL,strike; picket,strike_out_of_scope
2,4/21/2022,North Hollywood,CA,strike; picket,strike_out_of_scope
2,4/21/2022,Richmond,CA,strike; picket,strike_out_of_scope
2,4/21/2022,Folkston,GA,hunger strike,strike_out_of_scope
2,4/21/2022,Chicago,IL,strike; picket,strike_out_of_scope
2,4/21/2022,Melrose Park,IL,strike; picket,strike_out_of_scope
2,4/21/2022,Bloomington,IN,strike; picket; demonstration,strike_out_of_scope
2,4/21/2022,Detroit,MI,strike; picket,strike_out_of_scope
2,4/21/2022,Lawrenceville,NJ,strike; picket,strike_out_of_scope
2,4/21/2022,New York,NY,strike; picket,strike_out_of_scope
2,4/21/2022,Gambier,OH,strike,strike_out_of_scope
2,4/21/2022,San Antonio,TX,strike; picket,strike_out_of_scope
2,4/22/2022,Brookwood,AL,strike; picket,strike_out_of_scope
2,4/22/2022,North Hollywood,CA,strike; picket,strike_out_of_scope
2,4/22/2022,Richmond,CA,strike; picket,strike_out_of_scope
2,4/22/2022,Folkston,GA,hunger strike,strike_out_of_scope
2,4/22/2022,Chicago,IL,strike; picket,strike_out_of_scope
2,4/22/2022,Melrose Park,IL,strike; picket,strike_out_of_scope
2,4/22/2022,Bloomington,IN,strike; picket,strike_out_of_scope
2,4/22/2022,Detroit,MI,strike; picket,strike_out_of_scope
2,4/22/2022,Lawrenceville,NJ,strike; picket,strike_out_of_scope
2,4/22/2022,New York,NY,strike; picket,strike_out_of_scope
2,4/22/2022,Gambier,OH,strike,strike_out_of_scope
2,4/22/2022,San Antonio,TX,strike; picket,strike_out_of_scope
2,4/23/2022,Brookwood,AL,strike; picket,strike_out_of_scope
2,4/23/2022,North Hollywood,CA,strike; picket,strike_out_of_scope
2,4/23/2022,Richmond,CA,strike; picket,strike_out_of_scope
2,4/23/2022,Chicago,IL,strike; picket,strike_out_of_scope
2,4/23/2022,Melrose Park,IL,strike; picket,strike_out_of_scope
2,4/23/2022,Bloomington,IN,strike,strike_out_of_scope
2,4/23/2022,Detroit,MI,strike; picket,strike_out_of_scope
2,4/23/2022,Lawrenceville,NJ,strike; picket,strike_out_of_scope
2,4/23/2022,New York,NY,strike; picket,strike_out_of_scope
2,4/23/2022,Gambier,OH,strike,strike_out_of_scope
2,4/23/2022,Philadelphia,PA,strike; picket,strike_out_of_scope
2,4/23/2022,San Antonio,TX,strike; picket,strike_out_of_scope
2,4/24/2022,Brookwood,AL,strike; picket,strike_out_of_scope
2,4/24/2022,North Hollywood,CA,strike,strike_out_of_scope
2,4/24/2022,Richmond,CA,strike; picket,strike_out_of_scope
2,4/24/2022,Chicago,IL,strike; picket,strike_out_of_scope
2,4/24/2022,Melrose Park,IL,strike; picket,strike_out_of_scope
2,4/24/2022,Bloomington,IN,strike,strike_out_of_scope
2,4/24/2022,Detroit,MI,strike; picket,strike_out_of_scope
2,4/24/2022,Lawrenceville,NJ,strike; picket,strike_out_of_scope
2,4/24/2022,New York,NY,strike; picket,strike_out_of_scope
2,4/24/2022,Gambier,OH,strike,strike_out_of_scope
2,4/24/2022,San Antonio,TX,strike; picket,strike_out_of_scope
2,4/25/2022,Brookwood,AL,strike; picket,strike_out_of_scope
2,4/25/2022,North Hollywood,CA,strike,strike_out_of_scope
2,4/25/2022,Richmond,CA,strike; picket,strike_out_of_scope
2,4/25/2022,Stanford,CA,strike; picket,strike_out_of_scope
2,4/25/2022,New Haven,CT,walkout,walkout_labor_precutoff
2,4/25/2022,Chicago,IL,strike; picket,strike_out_of_scope
2,4/25/2022,Melrose Park,IL,strike; picket,strike_out_of_scope
2,4/25/2022,Bloomington,IN,strike; picket,strike_out_of_scope
2,4/25/2022,Detroit,MI,strike; picket,strike_out_of_scope
2,4/25/2022,Lawrenceville,NJ,strike; picket,strike_out_of_scope
2,4/25/2022,New York,NY,strike; picket,strike_out_of_scope
2,4/25/2022,Gambier,OH,strike,strike_out_of_scope
2,4/25/2022,San Antonio,TX,strike; picket,strike_out_of_scope
2,4/26/2022,Brookwood,AL,strike; picket,strike_out_of_scope
2,4/26/2022,North Hollywood,CA,strike,strike_out_of_scope
2,4/26/2022,Richmond,CA,strike; picket,strike_out_of_scope
2,4/26/2022,Sacramento,CA,strike; picket,strike_out_of_scope
2,4/26/2022,Stanford,CA,strike; picket,strike_out_of_scope
2,4/26/2022,Melrose Park,IL,strike; picket,strike_out_of_scope
2,4/26/2022,Bloomington,IN,strike; picket,strike_out_of_scope
2,4/26/2022,Detroit,MI,strike; picket,strike_out_of_scope
2,4/26/2022,Weaverville,NC,strike; picket,strike_out_of_scope
2,4/26/2022,Lawrenceville,NJ,strike; picket,strike_out_of_scope
2,4/26/2022,New York,NY,strike; picket,strike_out_of_scope
2,4/26/2022,Gambier,OH,strike,strike_out_of_scope
2,4/26/2022,San Antonio,TX,strike; picket,strike_out_of_scope
2,4/27/2022,Brookwood,AL,strike; picket,strike_out_of_scope
2,4/27/2022,North Hollywood,CA,strike,strike_out_of_scope
2,4/27/2022,Richmond,CA,strike; picket,strike_out_of_scope
2,4/27/2022,Stanford,CA,strike; picket,strike_out_of_scope
2,4/27/2022,Melrose Park,IL,strike; picket,strike_out_of_scope
2,4/27/2022,Bloomington,IN,strike; picket,strike_out_of_scope
2,4/27/2022,Detroit,MI,strike; picket,strike_out_of_scope
2,4/27/2022,Weaverville,NC,strike; picket,strike_out_of_scope
2,4/27/2022,Lawrenceville,NJ,strike; picket,strike_out_of_scope
2,4/27/2022,New York,NY,strike; picket,strike_out_of_scope
2,4/27/2022,Gambier,OH,strike,strike_out_of_scope
2,4/27/2022,San Antonio,TX,strike; picket,strike_out_of_scope
2,4/28/2022,Brookwood,AL,strike; picket,strike_out_of_scope
2,4/28/2022,North Hollywood,CA,strike; picket,strike_out_of_scope
2,4/28/2022,Richmond,CA,strike; picket,strike_out_of_scope
2,4/28/2022,Stanford,CA,strike; picket,strike_out_of_scope
2,4/28/2022,Melrose Park,IL,strike; picket,strike_out_of_scope
2,4/28/2022,Bloomington,IN,strike; picket,strike_out_of_scope
2,4/28/2022,Jessup,MD,strike; picket,strike_out_of_scope
2,4/28/2022,Detroit,MI,strike; picket,strike_out_of_scope
2,4/28/2022,Weaverville,NC,strike; picket,strike_out_of_scope
2,4/28/2022,Lawrenceville,NJ,strike; picket,strike_out_of_scope
2,4/28/2022,New York,NY,strike; picket,strike_out_of_scope
2,4/28/2022,Gambier,OH,strike,strike_out_of_scope
2,4/28/2022,San Antonio,TX,strike; picket,strike_out_of_scope
2,4/29/2022,Brookwood,AL,strike; picket,strike_out_of_scope
2,4/29/2022,North Hollywood,CA,strike; picket,strike_out_of_scope
2,4/29/2022,Oakland,CA,strike; picket,strike_out_of_scope
2,4/29/2022,Richmond,CA,strike; picket,strike_out_of_scope
2,4/29/2022,Stanford,CA,strike; picket,strike_out_of_scope
2,4/29/2022,Melrose Park,IL,strike; picket,strike_out_of_scope
2,4/29/2022,Bloomington,IN,strike; picket,strike_out_of_scope
2,4/29/2022,Jessup,MD,strike; picket,strike_out_of_scope
2,4/29/2022,Detroit,MI,strike; picket,strike_out_of_scope
2,4/29/2022,Weaverville,NC,strike; picket,strike_out_of_scope
2,4/29/2022,Lawrenceville,NJ,strike; picket,strike_out_of_scope
2,4/29/2022,New York,NY,strike; picket,strike_out_of_scope
2,4/29/2022,Gambier,OH,strike,strike_out_of_scope
2,4/29/2022,San Antonio,TX,strike; picket,strike_out_of_scope
2,4/29/2022,Shakopee,WI,walkout,walkout_labor_precutoff
2,4/30/2022,Brookwood,AL,strike; picket,strike_out_of_scope
2,4/30/2022,North Hollywood,CA,strike; picket,strike_out_of_scope
2,4/30/2022,Richmond,CA,strike; picket,strike_out_of_scope
2,4/30/2022,Stanford,CA,strike,strike_out_of_scope
2,4/30/2022,Melrose Park,IL,strike; picket,strike_out_of_scope
2,4/30/2022,Bloomington,IN,strike,strike_out_of_scope
2,4/30/2022,Jessup,MD,strike; picket,strike_out_of_scope
2,4/30/2022,Detroit,MI,strike; picket,strike_out_of_scope
2,4/30/2022,Weaverville,NC,strike; picket,strike_out_of_scope
2,4/30/2022,Lawrenceville,NJ,strike; picket,strike_out_of_scope
2,4/30/2022,New York,NY,strike; picket,strike_out_of_scope
2,4/30/2022,Gambier,OH,strike,strike_out_of_scope
2,4/30/2022,San Antonio,TX,strike; picket,strike_out_of_scope
2,5/1/2022,Brookwood,AL,strike; picket,strike_out_of_scope
2,5/1/2022,North Hollywood,CA,strike,strike_out_of_scope
2,5/1/2022,Richmond,CA,strike; picket,strike_out_of_scope
2,5/1/2022,Stanford,CA,strike,strike_out_of_scope
2,5/1/2022,Melrose Park,IL,strike; picket,strike_out_of_scope
2,5/1/2022,Bloomington,IN,strike,strike_out_of_scope
2,5/1/2022,Jessup,MD,strike; picket,strike_out_of_scope
2,5/1/2022,Detroit,MI,strike; picket,strike_out_of_scope
2,5/1/2022,Weaverville,NC,strike; picket,strike_out_of_scope
2,5/1/2022,Lawrenceville,NJ,strike; picket,strike_out_of_scope
2,5/1/2022,New York,NY,strike; picket,strike_out_of_scope
2,5/1/2022,Gambier,OH,strike,strike_out_of_scope
2,5/1/2022,San Antonio,TX,strike; picket,strike_out_of_scope
2,5/2/2022,Brookwood,AL,strike; picket,strike_out_of_scope
2,5/2/2022,North Hollywood,CA,strike,strike_out_of_scope
2,5/2/2022,Richmond,CA,strike; picket,strike_out_of_scope
2,5/2/2022,Stanford,CA,strike; picket,strike_out_of_scope
2,5/2/2022,Burlington,IA,strike; picket,strike_out_of_scope
2,5/2/2022,Cedar Rapids,IA,strike; picket,strike_out_of_scope
2,5/2/2022,Melrose Park,IL,strike; picket,strike_out_of_scope
2,5/2/2022,Bloomington,IN,strike; picket,strike_out_of_scope
2,5/2/2022,Jessup,MD,strike; picket,strike_out_of_scope
2,5/2/2022,Detroit,MI,strike; picket,strike_out_of_scope
2,5/2/2022,Marion,NC,walkout,walkout_labor_precutoff
2,5/2/2022,Weaverville,NC,strike; picket,strike_out_of_scope
2,5/2/2022,Lawrenceville,NJ,strike; picket,strike_out_of_scope
2,5/2/2022,New York,NY,strike; picket,strike_out_of_scope
2,5/2/2022,Gambier,OH,strike,strike_out_of_scope
2,5/2/2022,Gresham,OR,walkout; strike; picket,strike_out_of_scope
2,5/2/2022,San Antonio,TX,strike; picket,strike_out_of_scope
2,5/2/2022,Vinton,VA,walkout,walkout_labor_precutoff
2,5/2/2022,Sturtevant,WI,strike; picket,strike_out_of_scope
2,5/3/2022,Brookwood,AL,strike; picket,strike_out_of_scope
2,5/3/2022,Los Angeles,CA,strike; picket,strike_out_of_scope
2,5/3/2022,North Hollywood,CA,strike; picket,strike_out_of_scope
2,5/3/2022,Richmond,CA,strike; picket,strike_out_of_scope
2,5/3/2022,Richmond,CA,strike; picket,strike_out_of_scope
2,5/3/2022,Washington,DC,strike; picket,strike_out_of_scope
2,5/3/2022,Burlington,IA,strike; picket,strike_out_of_scope
2,5/3/2022,Cedar Rapids,IA,strike; picket,strike_out_of_scope
2,5/3/2022,Melrose Park,IL,strike; picket,strike_out_of_scope
2,5/3/2022,Bloomington,IN,strike; picket,strike_out_of_scope
2,5/3/2022,Jessup,MD,strike; picket,strike_out_of_scope
2,5/3/2022,Detroit,MI,strike; picket,strike_out_of_scope
2,5/3/2022,Lawrenceville,NJ,strike; picket,strike_out_of_scope
2,5/3/2022,New York,NY,strike; picket,strike_out_of_scope
2,5/3/2022,Gambier,OH,strike,strike_out_of_scope
2,5/3/2022,Gresham,OR,strike; picket,strike_out_of_scope
2,5/3/2022,San Antonio,TX,strike; picket,strike_out_of_scope
2,5/3/2022,Sturtevant,WI,strike; picket,strike_out_of_scope
2,5/4/2022,Brookwood,AL,strike; picket,strike_out_of_scope
2,5/4/2022,North Hollywood,CA,strike,strike_out_of_scope
2,5/4/2022,Richmond,CA,strike; picket,strike_out_of_scope
2,5/4/2022,Washington,DC,strike; picket,strike_out_of_scope
2,5/4/2022,Burlington,IA,strike; picket,strike_out_of_scope
2,5/4/2022,Cedar Rapids,IA,strike; picket,strike_out_of_scope
2,5/4/2022,Melrose Park,IL,strike; picket,strike_out_of_scope
2,5/4/2022,Bloomington,IN,strike; picket,strike_out_of_scope
2,5/4/2022,Jessup,MD,strike; picket,strike_out_of_scope
2,5/4/2022,Detroit,MI,strike; picket,strike_out_of_scope
2,5/4/2022,Lawrenceville,NJ,strike; picket,strike_out_of_scope
2,5/4/2022,New York,NY,strike; picket,strike_out_of_scope
2,5/4/2022,New York,NY,strike; picket,strike_out_of_scope
2,5/4/2022,Gambier,OH,strike,strike_out_of_scope
2,5/4/2022,Gresham,OR,strike; picket,strike_out_of_scope
2,5/4/2022,San Antonio,TX,strike; picket,strike_out_of_scope
2,5/4/2022,Eau Claire,WI,strike; picket,strike_out_of_scope
2,5/4/2022,Sturtevant,WI,strike; picket,strike_out_of_scope
2,5/5/2022,Brookwood,AL,strike; picket,strike_out_of_scope
2,5/5/2022,North Hollywood,CA,strike; picket,strike_out_of_scope
2,5/5/2022,Richmond,CA,strike; picket,strike_out_of_scope
2,5/5/2022,Washington,DC,strike; picket,strike_out_of_scope
2,5/5/2022,Burlington,IA,strike; picket,strike_out_of_scope
2,5/5/2022,Cedar Rapids,IA,strike; picket,strike_out_of_scope
2,5/5/2022,Melrose Park,IL,strike; picket,strike_out_of_scope
2,5/5/2022,Bloomington,IN,strike; picket,strike_out_of_scope
2,5/5/2022,Jessup,MD,strike; picket,strike_out_of_scope
2,5/5/2022,Detroit,MI,strike; picket,strike_out_of_scope
2,5/5/2022,Lawrenceville,NJ,strike; picket,strike_out_of_scope
2,5/5/2022,New York,NY,strike; picket,strike_out_of_scope
2,5/5/2022,Gambier,OH,strike,strike_out_of_scope
2,5/5/2022,Gresham,OR,strike; picket,strike_out_of_scope
2,5/5/2022,San Antonio,TX,strike; picket,strike_out_of_scope
2,5/5/2022,Eau Claire,WI,strike; picket,strike_out_of_scope
2,5/5/2022,Sturtevant,WI,strike; picket,strike_out_of_scope
2,5/6/2022,Brookwood,AL,strike; picket,strike_out_of_scope
2,5/6/2022,North Hollywood,CA,strike; picket,strike_out_of_scope
2,5/6/2022,Richmond,CA,strike; picket,strike_out_of_scope
2,5/6/2022,Burlington,IA,strike; picket,strike_out_of_scope
2,5/6/2022,Cedar Rapids,IA,strike; picket,strike_out_of_scope
2,5/6/2022,Melrose Park,IL,strike; picket,strike_out_of_scope
2,5/6/2022,Bloomington,IN,strike; picket,strike_out_of_scope
2,5/6/2022,Jessup,MD,strike; picket,strike_out_of_scope
2,5/6/2022,Detroit,MI,strike; picket,strike_out_of_scope
2,5/6/2022,Lawrenceville,NJ,strike; picket,strike_out_of_scope
2,5/6/2022,New York,NY,strike; picket,strike_out_of_scope
2,5/6/2022,Gambier,OH,strike,strike_out_of_scope
2,5/6/2022,Gresham,OR,strike; picket,strike_out_of_scope
2,5/6/2022,San Antonio,TX,strike; picket,strike_out_of_scope
2,5/6/2022,Eau Claire,WI,strike; picket,strike_out_of_scope
2,5/6/2022,Sturtevant,WI,strike; picket,strike_out_of_scope
2,5/7/2022,Brookwood,AL,strike; picket,strike_out_of_scope
2,5/7/2022,North Hollywood,CA,strike; picket,strike_out_of_scope
2,5/7/2022,Richmond,CA,strike; picket,strike_out_of_scope
2,5/7/2022,Burlington,IA,strike; picket,strike_out_of_scope
2,5/7/2022,Cedar Rapids,IA,strike; picket,strike_out_of_scope
2,5/7/2022,Melrose Park,IL,strike; picket,strike_out_of_scope
2,5/7/2022,Bloomington,IN,strike; picket,strike_out_of_scope
2,5/7/2022,Jessup,MD,strike; picket,strike_out_of_scope
2,5/7/2022,Detroit,MI,strike; picket,strike_out_of_scope
2,5/7/2022,Lawrenceville,NJ,strike; picket,strike_out_of_scope
2,5/7/2022,Amherst,NY,strike; picket,strike_out_of_scope
2,5/7/2022,New York,NY,strike; picket,strike_out_of_scope
2,5/7/2022,Gambier,OH,strike,strike_out_of_scope
2,5/7/2022,Gresham,OR,strike; picket,strike_out_of_scope
2,5/7/2022,San Antonio,TX,strike; picket,strike_out_of_scope
2,5/7/2022,Eau Claire,WI,strike; picket,strike_out_of_scope
2,5/7/2022,Sturtevant,WI,strike; picket,strike_out_of_scope
2,5/8/2022,Brookwood,AL,strike; picket,strike_out_of_scope
2,5/8/2022,North Hollywood,CA,strike,strike_out_of_scope
2,5/8/2022,Richmond,CA,strike; picket,strike_out_of_scope
2,5/8/2022,Washington,DC,strike,strike_out_of_scope
2,5/8/2022,Burlington,IA,strike; picket,strike_out_of_scope
2,5/8/2022,Cedar Rapids,IA,strike; picket,strike_out_of_scope
2,5/8/2022,Melrose Park,IL,strike; picket,strike_out_of_scope
2,5/8/2022,Bloomington,IN,strike; picket,strike_out_of_scope
2,5/8/2022,Jessup,MD,strike; picket,strike_out_of_scope
2,5/8/2022,Detroit,MI,strike; picket,strike_out_of_scope
2,5/8/2022,Lawrenceville,NJ,strike; picket,strike_out_of_scope
2,5/8/2022,New York,NY,strike; picket,strike_out_of_scope
2,5/8/2022,Gambier,OH,strike,strike_out_of_scope
2,5/8/2022,Gresham,OR,strike; picket,strike_out_of_scope
2,5/8/2022,San Antonio,TX,strike; picket,strike_out_of_scope
2,5/8/2022,Eau Claire,WI,strike; picket,strike_out_of_scope
2,5/8/2022,Sturtevant,WI,strike; picket,strike_out_of_scope
2,5/9/2022,Brookwood,AL,strike; picket,strike_out_of_scope
2,5/9/2022,Los Angeles,CA,strike; picket,strike_out_of_scope
2,5/9/2022,North Hollywood,CA,strike,strike_out_of_scope
2,5/9/2022,Richmond,CA,strike; picket,strike_out_of_scope
2,5/9/2022,Washington,DC,strike,strike_out_of_scope
2,5/9/2022,Washington,DC,strike,strike_out_of_scope
2,5/9/2022,Burlington,IA,strike; picket,strike_out_of_scope
2,5/9/2022,Cedar Rapids,IA,strike; picket,strike_out_of_scope
2,5/9/2022,Melrose Park,IL,strike; picket,strike_out_of_scope
2,5/9/2022,Bloomington,IN,strike; picket,strike_out_of_scope
2,5/9/2022,New Albany,IN,strike; picket,strike_out_of_scope
2,5/9/2022,Jessup,MD,strike; picket,strike_out_of_scope
2,5/9/2022,Detroit,MI,strike; picket,strike_out_of_scope
2,5/9/2022,Lawrenceville,NJ,strike; picket,strike_out_of_scope
2,5/9/2022,New York,NY,strike; picket,strike_out_of_scope
2,5/9/2022,Gambier,OH,strike,strike_out_of_scope
2,5/9/2022,Gresham,OR,strike; picket,strike_out_of_scope
2,5/9/2022,San Antonio,TX,strike; picket,strike_out_of_scope
2,5/9/2022,Eau Claire,WI,strike; picket,strike_out_of_scope
2,5/9/2022,Sturtevant,WI,strike; picket,strike_out_of_scope
2,5/10/2022,Brookwood,AL,strike; picket,strike_out_of_scope
2,5/10/2022,Los Angeles,CA,strike; picket,strike_out_of_scope
2,5/10/2022,North Hollywood,CA,strike,strike_out_of_scope
2,5/10/2022,Richmond,CA,strike; picket,strike_out_of_scope
2,5/10/2022,Washington,DC,strike,strike_out_of_scope
2,5/10/2022,Burlington,IA,strike; picket,strike_out_of_scope
2,5/10/2022,Cedar Rapids,IA,strike; picket,strike_out_of_scope
2,5/10/2022,Melrose Park,IL,strike; picket,strike_out_of_scope
2,5/10/2022,New Albany,IN,strike; picket,strike_out_of_scope
2,5/10/2022,Jessup,MD,strike; picket,strike_out_of_scope
2,5/10/2022,Detroit,MI,strike; picket,strike_out_of_scope
2,5/10/2022,Lawrenceville,NJ,strike; picket,strike_out_of_scope
2,5/10/2022,New York,NY,strike; picket,strike_out_of_scope
2,5/10/2022,Gambier,OH,strike,strike_out_of_scope
2,5/10/2022,Gresham,OR,strike; picket,strike_out_of_scope
2,5/10/2022,San Antonio,TX,strike,strike_out_of_scope
2,5/10/2022,Eau Claire,WI,strike; picket,strike_out_of_scope
2,5/10/2022,Sturtevant,WI,strike; picket,strike_out_of_scope
2,5/11/2022,Brookwood,AL,strike; picket,strike_out_of_scope
2,5/11/2022,Los Angeles,CA,strike; picket,strike_out_of_scope
2,5/11/2022,North Hollywood,CA,strike,strike_out_of_scope
2,5/11/2022,Richmond,CA,strike; picket,strike_out_of_scope
2,5/11/2022,Washington,DC,strike,strike_out_of_scope
2,5/11/2022,Burlington,IA,strike; picket,strike_out_of_scope
2,5/11/2022,Cedar Rapids,IA,strike; picket,strike_out_of_scope
2,5/11/2022,Melrose Park,IL,strike; picket,strike_out_of_scope
2,5/11/2022,New Albany,IN,strike; picket,strike_out_of_scope
2,5/11/2022,Jessup,MD,strike; picket,strike_out_of_scope
2,5/11/2022,Detroit,MI,strike; picket,strike_out_of_scope
2,5/11/2022,Lawrenceville,NJ,strike; picket,strike_out_of_scope
2,5/11/2022,New York,NY,strike; picket,strike_out_of_scope
2,5/11/2022,Gresham,OR,strike; picket,strike_out_of_scope
2,5/11/2022,San Antonio,TX,strike,strike_out_of_scope
2,5/11/2022,Eau Claire,WI,strike; picket,strike_out_of_scope
2,5/11/2022,Sturtevant,WI,strike; picket,strike_out_of_scope
2,5/12/2022,Brookwood,AL,strike; picket,strike_out_of_scope
2,5/12/2022,Los Angeles,CA,strike; picket,strike_out_of_scope
2,5/12/2022,North Hollywood,CA,strike; picket,strike_out_of_scope
2,5/12/2022,Richmond,CA,strike; picket,strike_out_of_scope
2,5/12/2022,Washington,DC,strike,strike_out_of_scope
2,5/12/2022,Burlington,IA,strike; picket,strike_out_of_scope
2,5/12/2022,Cedar Rapids,IA,strike; picket,strike_out_of_scope
2,5/12/2022,Melrose Park,IL,strike; picket,strike_out_of_scope
2,5/12/2022,New Albany,IN,strike; picket,strike_out_of_scope
2,5/12/2022,Jessup,MD,strike; picket,strike_out_of_scope
2,5/12/2022,Detroit,MI,strike; picket,strike_out_of_scope
2,5/12/2022,Lawrenceville,NJ,strike; picket,strike_out_of_scope
2,5/12/2022,New York,NY,strike; picket,strike_out_of_scope
2,5/12/2022,Gresham,OR,strike; picket,strike_out_of_scope
2,5/12/2022,San Antonio,TX,strike,strike_out_of_scope
2,5/12/2022,Eau Claire,WI,strike; picket,strike_out_of_scope
2,5/12/2022,Sturtevant,WI,strike; picket,strike_out_of_scope
2,5/13/2022,Brookwood,AL,strike; picket,strike_out_of_scope
2,5/13/2022,Los Angeles,CA,strike; picket,strike_out_of_scope
2,5/13/2022,Los Angeles,CA,strike; picket,strike_out_of_scope
2,5/13/2022,North Hollywood,CA,strike; picket; rally,strike_out_of_scope
2,5/13/2022,Richmond,CA,strike; picket,strike_out_of_scope
2,5/13/2022,Washington,DC,strike,strike_out_of_scope
2,5/13/2022,Burlington,IA,strike; picket,strike_out_of_scope
2,5/13/2022,Cedar Rapids,IA,strike; picket,strike_out_of_scope
2,5/13/2022,Melrose Park,IL,strike; picket,strike_out_of_scope
2,5/13/2022,New Albany,IN,strike; picket,strike_out_of_scope
2,5/13/2022,Jessup,MD,strike; picket,strike_out_of_scope
2,5/13/2022,Detroit,MI,strike; picket,strike_out_of_scope
2,5/13/2022,Lawrenceville,NJ,strike; picket,strike_out_of_scope
2,5/13/2022,New York,NY,strike; picket,strike_out_of_scope
2,5/13/2022,Gresham,OR,strike; picket,strike_out_of_scope
2,5/13/2022,Allentown,PA,walkout; strike; rally; march,strike_out_of_scope
2,5/13/2022,San Antonio,TX,strike,strike_out_of_scope
2,5/13/2022,Tacoma,WA,hunger strike,strike_out_of_scope
2,5/13/2022,Eau Claire,WI,strike; picket,strike_out_of_scope
2,5/13/2022,Sturtevant,WI,strike; picket,strike_out_of_scope
2,5/14/2022,Brookwood,AL,strike; picket,strike_out_of_scope
2,5/14/2022,North Hollywood,CA,strike,strike_out_of_scope
2,5/14/2022,Richmond,CA,strike; picket,strike_out_of_scope
2,5/14/2022,Washington,DC,strike,strike_out_of_scope
2,5/14/2022,Burlington,IA,strike; picket,strike_out_of_scope
2,5/14/2022,Cedar Rapids,IA,strike; picket,strike_out_of_scope
2,5/14/2022,Melrose Park,IL,strike; picket,strike_out_of_scope
2,5/14/2022,Peoria,IL,strike; picket,strike_out_of_scope
2,5/14/2022,New Albany,IN,strike; picket,strike_out_of_scope
2,5/14/2022,Jessup,MD,strike; picket,strike_out_of_scope
2,5/14/2022,Detroit,MI,strike; picket,strike_out_of_scope
2,5/14/2022,Lawrenceville,NJ,strike; picket,strike_out_of_scope
2,5/14/2022,New York,NY,strike; picket,strike_out_of_scope
2,5/14/2022,Gresham,OR,strike; picket,strike_out_of_scope
2,5/14/2022,San Antonio,TX,strike,strike_out_of_scope
2,5/14/2022,Tacoma,WA,hunger strike,strike_out_of_scope
2,5/14/2022,Eau Claire,WI,strike; picket,strike_out_of_scope
2,5/14/2022,Sturtevant,WI,strike; picket,strike_out_of_scope
2,5/15/2022,Brookwood,AL,strike; picket,strike_out_of_scope
2,5/15/2022,North Hollywood,CA,strike,strike_out_of_scope
2,5/15/2022,Richmond,CA,strike; picket,strike_out_of_scope
2,5/15/2022,Washington,DC,strike,strike_out_of_scope
2,5/15/2022,Burlington,IA,strike; picket,strike_out_of_scope
2,5/15/2022,Cedar Rapids,IA,strike; picket,strike_out_of_scope
2,5/15/2022,Melrose Park,IL,strike; picket,strike_out_of_scope
2,5/15/2022,New Albany,IN,strike; picket,strike_out_of_scope
2,5/15/2022,Jessup,MD,strike; picket,strike_out_of_scope
2,5/15/2022,Detroit,MI,strike; picket,strike_out_of_scope
2,5/15/2022,Lawrenceville,NJ,strike; picket,strike_out_of_scope
2,5/15/2022,New York,NY,strike; picket,strike_out_of_scope
2,5/15/2022,Gresham,OR,strike; picket,strike_out_of_scope
2,5/15/2022,San Antonio,TX,strike,strike_out_of_scope
2,5/15/2022,Tacoma,WA,hunger strike,strike_out_of_scope
2,5/15/2022,Eau Claire,WI,strike; picket,strike_out_of_scope
2,5/15/2022,Sturtevant,WI,strike; picket,strike_out_of_scope
2,5/16/2022,Brookwood,AL,strike; picket,strike_out_of_scope
2,5/16/2022,Los Angeles,CA,strike; picket,strike_out_of_scope
2,5/16/2022,North Hollywood,CA,strike,strike_out_of_scope
2,5/16/2022,Richmond,CA,strike; picket,strike_out_of_scope
2,5/16/2022,Burlington,IA,strike; picket,strike_out_of_scope
2,5/16/2022,Cedar Rapids,IA,strike; picket,strike_out_of_scope
2,5/16/2022,Melrose Park,IL,strike; picket,strike_out_of_scope
2,5/16/2022,New Albany,IN,strike; picket,strike_out_of_scope
2,5/16/2022,Brookline,MA,strike; picket,strike_out_of_scope
2,5/16/2022,Jessup,MD,strike; picket,strike_out_of_scope
2,5/16/2022,Detroit,MI,strike; picket,strike_out_of_scope
2,5/16/2022,Lawrenceville,NJ,strike; picket,strike_out_of_scope
2,5/16/2022,New York,NY,strike; picket,strike_out_of_scope
2,5/16/2022,Gresham,OR,strike; picket,strike_out_of_scope
2,5/16/2022,San Antonio,TX,strike,strike_out_of_scope
2,5/16/2022,Tacoma,WA,hunger strike,strike_out_of_scope
2,5/16/2022,Eau Claire,WI,strike; picket,strike_out_of_scope
2,5/16/2022,Sturtevant,WI,strike; picket,strike_out_of_scope
2,5/17/2022,Brookwood,AL,strike; picket,strike_out_of_scope
2,5/17/2022,North Hollywood,CA,strike,strike_out_of_scope
2,5/17/2022,Richmond,CA,strike; picket,strike_out_of_scope
2,5/17/2022,Burlington,IA,strike; picket,strike_out_of_scope
2,5/17/2022,Cedar Rapids,IA,strike; picket,strike_out_of_scope
2,5/17/2022,Melrose Park,IL,strike; picket,strike_out_of_scope
2,5/17/2022,New Albany,IN,strike; picket,strike_out_of_scope
2,5/17/2022,Jessup,MD,strike; picket,strike_out_of_scope
2,5/17/2022,Detroit,MI,strike; picket,strike_out_of_scope
2,5/17/2022,Lawrenceville,NJ,strike; picket,strike_out_of_scope
2,5/17/2022,New York,NY,strike; picket,strike_out_of_scope
2,5/17/2022,Eugene,OR,strike; picket,strike_out_of_scope
2,5/17/2022,Eugene,OR,strike; picket,strike_out_of_scope
2,5/17/2022,Gresham,OR,strike; picket,strike_out_of_scope
2,5/17/2022,San Antonio,TX,strike,strike_out_of_scope
2,5/17/2022,Tacoma,WA,hunger strike,strike_out_of_scope
2,5/17/2022,Eau Claire,WI,strike; picket,strike_out_of_scope
2,5/17/2022,Sturtevant,WI,strike; picket,strike_out_of_scope
2,5/18/2022,Brookwood,AL,strike; picket,strike_out_of_scope
2,5/18/2022,North Hollywood,CA,strike,strike_out_of_scope
2,5/18/2022,Richmond,CA,strike; picket,strike_out_of_scope
2,5/18/2022,Sacramento,CA,strike,strike_out_of_scope
2,5/18/2022,Burlington,IA,strike; picket,strike_out_of_scope
2,5/18/2022,Cedar Rapids,IA,strike; picket,strike_out_of_scope
2,5/18/2022,Chicago,IL,strike; picket,strike_out_of_scope
2,5/18/2022,Chicago,IL,strike; picket,strike_out_of_scope
2,5/18/2022,Melrose Park,IL,strike; picket,strike_out_of_scope
2,5/18/2022,New Albany,IN,strike; picket,strike_out_of_scope
2,5/18/2022,Jessup,MD,strike; picket,strike_out_of_scope
2,5/18/2022,Detroit,MI,strike; picket,strike_out_of_scope
2,5/18/2022,Lawrenceville,NJ,strike; picket,strike_out_of_scope
2,5/18/2022,New York,NY,strike; picket,strike_out_of_scope
2,5/18/2022,Eugene,OR,strike; picket; rally,strike_out_of_scope
2,5/18/2022,Eugene,OR,strike; picket; rally,strike_out_of_scope
2,5/18/2022,Gresham,OR,strike; picket,strike_out_of_scope
2,5/18/2022,Portland,OR,strike; picket,strike_out_of_scope
2,5/18/2022,San Antonio,TX,strike,strike_out_of_scope
2,5/18/2022,Tacoma,WA,hunger strike,strike_out_of_scope
2,5/18/2022,Eau Claire,WI,strike; picket,strike_out_of_scope
2,5/18/2022,Sturtevant,WI,strike; picket,strike_out_of_scope
2,5/19/2022,Brookwood,AL,strike; picket,strike_out_of_scope
2,5/19/2022,North Hollywood,CA,strike; picket,strike_out_of_scope
2,5/19/2022,Richmond,CA,strike; picket,strike_out_of_scope
2,5/19/2022,Burlington,IA,strike; picket,strike_out_of_scope
2,5/19/2022,Cedar Rapids,IA,strike; picket,strike_out_of_scope
2,5/19/2022,Melrose Park,IL,strike; picket,strike_out_of_scope
2,5/19/2022,New Albany,IN,strike; picket,strike_out_of_scope
2,5/19/2022,Jessup,MD,strike; picket,strike_out_of_scope
2,5/19/2022,Detroit,MI,strike; picket,strike_out_of_scope
2,5/19/2022,Lawrenceville,NJ,strike; picket,strike_out_of_scope
2,5/19/2022,New York,NY,strike; picket,strike_out_of_scope
2,5/19/2022,Gresham,OR,strike; picket,strike_out_of_scope
2,5/19/2022,Columbia,SC,strike; picket,strike_out_of_scope
2,5/19/2022,San Antonio,TX,strike,strike_out_of_scope
2,5/19/2022,Tacoma,WA,hunger strike,strike_out_of_scope
2,5/19/2022,Eau Claire,WI,strike; picket,strike_out_of_scope
2,5/19/2022,Sturtevant,WI,strike; picket,strike_out_of_scope
2,5/20/2022,Brookwood,AL,strike; picket,strike_out_of_scope
2,5/20/2022,North Hollywood,CA,strike; picket,strike_out_of_scope
2,5/20/2022,Richmond,CA,strike; picket,strike_out_of_scope
2,5/20/2022,Burlington,IA,strike; picket,strike_out_of_scope
2,5/20/2022,Cedar Rapids,IA,strike; picket,strike_out_of_scope
2,5/20/2022,Melrose Park,IL,strike; picket,strike_out_of_scope
2,5/20/2022,New Albany,IN,strike; picket,strike_out_of_scope
2,5/20/2022,Jessup,MD,strike; picket,strike_out_of_scope
2,5/20/2022,Detroit,MI,strike; picket,strike_out_of_scope
2,5/20/2022,Lawrenceville,NJ,strike; picket,strike_out_of_scope
2,5/20/2022,New York,NY,strike; picket,strike_out_of_scope
2,5/20/2022,Gresham,OR,strike; picket,strike_out_of_scope
2,5/20/2022,Columbia,SC,strike; picket,strike_out_of_scope
2,5/20/2022,San Antonio,TX,strike,strike_out_of_scope
2,5/20/2022,Tacoma,WA,hunger strike,strike_out_of_scope
2,5/20/2022,Eau Claire,WI,strike; picket,strike_out_of_scope
2,5/20/2022,Sturtevant,WI,strike; picket,strike_out_of_scope
2,5/21/2022,Brookwood,AL,strike; picket,strike_out_of_scope
2,5/21/2022,North Hollywood,CA,strike; picket,strike_out_of_scope
2,5/21/2022,Richmond,CA,strike; picket,strike_out_of_scope
2,5/21/2022,Burlington,IA,strike; picket,strike_out_of_scope
2,5/21/2022,Cedar Rapids,IA,strike; picket,strike_out_of_scope
2,5/21/2022,Melrose Park,IL,strike; picket,strike_out_of_scope
2,5/21/2022,New Albany,IN,strike; picket,strike_out_of_scope
2,5/21/2022,Jessup,MD,strike; picket,strike_out_of_scope
2,5/21/2022,Detroit,MI,strike; picket,strike_out_of_scope
2,5/21/2022,Lawrenceville,NJ,strike; picket,strike_out_of_scope
2,5/21/2022,New York,NY,strike; picket,strike_out_of_scope
2,5/21/2022,Gresham,OR,strike; picket,strike_out_of_scope
2,5/21/2022,San Antonio,TX,strike,strike_out_of_scope
2,5/21/2022,Eau Claire,WI,strike; picket,strike_out_of_scope
2,5/21/2022,Sturtevant,WI,strike; picket,strike_out_of_scope
2,5/22/2022,Brookwood,AL,strike; picket,strike_out_of_scope
2,5/22/2022,North Hollywood,CA,strike,strike_out_of_scope
2,5/22/2022,Richmond,CA,strike; picket,strike_out_of_scope
2,5/22/2022,Burlington,IA,strike; picket,strike_out_of_scope
2,5/22/2022,Cedar Rapids,IA,strike; picket,strike_out_of_scope
2,5/22/2022,Melrose Park,IL,strike; picket,strike_out_of_scope
2,5/22/2022,New Albany,IN,strike; picket,strike_out_of_scope
2,5/22/2022,Jessup,MD,strike; picket,strike_out_of_scope
2,5/22/2022,Detroit,MI,strike; picket,strike_out_of_scope
2,5/22/2022,Lawrenceville,NJ,strike; picket,strike_out_of_scope
2,5/22/2022,New York,NY,strike; picket,strike_out_of_scope
2,5/22/2022,Gresham,OR,strike; picket,strike_out_of_scope
2,5/22/2022,San Antonio,TX,strike,strike_out_of_scope
2,5/22/2022,Eau Claire,WI,strike; picket,strike_out_of_scope
2,5/22/2022,Sturtevant,WI,strike; picket,strike_out_of_scope
2,5/23/2022,Brookwood,AL,strike; picket,strike_out_of_scope
2,5/23/2022,North Hollywood,CA,strike,strike_out_of_scope
2,5/23/2022,Richmond,CA,strike; picket,strike_out_of_scope
2,5/23/2022,Tampa,FL,strike; picket,strike_out_of_scope
2,5/23/2022,Burlington,IA,strike; picket,strike_out_of_scope
2,5/23/2022,Cedar Rapids,IA,strike; picket,strike_out_of_scope
2,5/23/2022,Melrose Park,IL,strike; picket,strike_out_of_scope
2,5/23/2022,New Albany,IN,strike; picket,strike_out_of_scope
2,5/23/2022,Bogalusa,LA,strike; picket,strike_out_of_scope
2,5/23/2022,Jessup,MD,strike; picket,strike_out_of_scope
2,5/23/2022,Detroit,MI,strike; picket,strike_out_of_scope
2,5/23/2022,Hattiesburg,MS,strike; picket,strike_out_of_scope
2,5/23/2022,Lawrenceville,NJ,strike; picket,strike_out_of_scope
2,5/23/2022,Newark,NJ,strike; picket,strike_out_of_scope
2,5/23/2022,New York,NY,strike; picket,strike_out_of_scope
2,5/23/2022,Gresham,OR,strike; picket,strike_out_of_scope
2,5/23/2022,San Antonio,TX,strike,strike_out_of_scope
2,5/23/2022,Seattle,WA,strike; picket,strike_out_of_scope
2,5/23/2022,Eau Claire,WI,strike; picket,strike_out_of_scope
2,5/23/2022,Sturtevant,WI,strike; picket,strike_out_of_scope
2,5/24/2022,Brookwood,AL,strike; picket,strike_out_of_scope
2,5/24/2022,North Hollywood,CA,strike,strike_out_of_scope
2,5/24/2022,Richmond,CA,strike; picket,strike_out_of_scope
2,5/24/2022,Burlington,IA,strike; picket,strike_out_of_scope
2,5/24/2022,Cedar Rapids,IA,strike; picket,strike_out_of_scope
2,5/24/2022,Melrose Park,IL,strike; picket,strike_out_of_scope
2,5/24/2022,New Albany,IN,strike; picket,strike_out_of_scope
2,5/24/2022,Bogalusa,LA,strike; picket,strike_out_of_scope
2,5/24/2022,Jessup,MD,strike; picket,strike_out_of_scope
2,5/24/2022,Detroit,MI,strike; picket,strike_out_of_scope
2,5/24/2022,Fridley,MN,strike; picket,strike_out_of_scope
2,5/24/2022,Minneapolis,MN,strike; picket,strike_out_of_scope
2,5/24/2022,Minneapolis,MN,strike; picket,strike_out_of_scope
2,5/24/2022,Hattiesburg,MS,strike; rally,strike_out_of_scope
2,5/24/2022,Lawrenceville,NJ,strike; picket,strike_out_of_scope
2,5/24/2022,Newark,NJ,strike; picket,strike_out_of_scope
2,5/24/2022,New York,NY,strike; picket,strike_out_of_scope
2,5/24/2022,New York,NY,strike; picket,strike_out_of_scope
2,5/24/2022,Gresham,OR,strike; picket,strike_out_of_scope
2,5/24/2022,San Antonio,TX,strike,strike_out_of_scope
2,5/24/2022,Eau Claire,WI,strike; picket,strike_out_of_scope
2,5/24/2022,Sturtevant,WI,strike; picket,strike_out_of_scope
2,5/25/2022,Brookwood,AL,strike; picket,strike_out_of_scope
2,5/25/2022,Menifee,CA,strike; picket,strike_out_of_scope
2,5/25/2022,North Hollywood,CA,strike,strike_out_of_scope
2,5/25/2022,Richmond,CA,strike; picket,strike_out_of_scope
2,5/25/2022,Burlington,IA,strike; picket,strike_out_of_scope
2,5/25/2022,Cedar Rapids,IA,strike; picket,strike_out_of_scope
2,5/25/2022,Melrose Park,IL,strike; picket,strike_out_of_scope
2,5/25/2022,New Albany,IN,strike; picket,strike_out_of_scope
2,5/25/2022,Jessup,MD,strike; picket,strike_out_of_scope
2,5/25/2022,Lawrenceville,NJ,strike; picket,strike_out_of_scope
2,5/25/2022,Newark,NJ,strike; picket,strike_out_of_scope
2,5/25/2022,New York,NY,strike; picket,strike_out_of_scope
2,5/25/2022,Gresham,OR,strike; picket,strike_out_of_scope
2,5/25/2022,San Antonio,TX,strike,strike_out_of_scope
2,5/25/2022,Eau Claire,WI,strike; picket,strike_out_of_scope
2,5/25/2022,Sturtevant,WI,strike; picket,strike_out_of_scope
2,5/26/2022,Brookwood,AL,strike; picket,strike_out_of_scope
2,5/26/2022,North Hollywood,CA,strike,strike_out_of_scope
2,5/26/2022,Richmond,CA,strike; picket,strike_out_of_scope
2,5/26/2022,Burlington,IA,strike; picket,strike_out_of_scope
2,5/26/2022,Cedar Rapids,IA,strike; picket,strike_out_of_scope
2,5/26/2022,Melrose Park,IL,strike; picket,strike_out_of_scope
2,5/26/2022,New Albany,IN,strike; picket,strike_out_of_scope
2,5/26/2022,Jessup,MD,strike; picket,strike_out_of_scope
2,5/26/2022,Lawrenceville,NJ,strike; picket,strike_out_of_scope
2,5/26/2022,Newark,NJ,strike; picket,strike_out_of_scope
2,5/26/2022,New York,NY,strike; picket,strike_out_of_scope
2,5/26/2022,Gresham,OR,strike; picket,strike_out_of_scope
2,5/26/2022,San Antonio,TX,strike,strike_out_of_scope
2,5/26/2022,Eau Claire,WI,strike; picket,strike_out_of_scope
2,5/26/2022,Sturtevant,WI,strike; picket,strike_out_of_scope
2,5/27/2022,Brookwood,AL,strike; picket,strike_out_of_scope
2,5/27/2022,North Hollywood,CA,strike; picket,strike_out_of_scope
2,5/27/2022,Richmond,CA,strike; picket,strike_out_of_scope
2,5/27/2022,Burlington,IA,strike; picket,strike_out_of_scope
2,5/27/2022,Cedar Rapids,IA,strike; picket,strike_out_of_scope
2,5/27/2022,Melrose Park,IL,strike; picket,strike_out_of_scope
2,5/27/2022,New Albany,IN,strike; picket,strike_out_of_scope
2,5/27/2022,Jessup,MD,strike; picket,strike_out_of_scope
2,5/27/2022,Lawrenceville,NJ,strike; picket,strike_out_of_scope
2,5/27/2022,Newark,NJ,strike; picket,strike_out_of_scope
2,5/27/2022,New York,NY,strike; picket,strike_out_of_scope
2,5/27/2022,Gresham,OR,strike; picket,strike_out_of_scope
2,5/27/2022,San Antonio,TX,strike,strike_out_of_scope
2,5/27/2022,Eau Claire,WI,strike; picket,strike_out_of_scope
2,5/27/2022,Sturtevant,WI,strike; picket,strike_out_of_scope
2,5/28/2022,Brookwood,AL,strike; picket,strike_out_of_scope
2,5/28/2022,North Hollywood,CA,strike; picket,strike_out_of_scope
2,5/28/2022,Richmond,CA,strike; picket,strike_out_of_scope
2,5/28/2022,Burlington,IA,strike; picket,strike_out_of_scope
2,5/28/2022,Cedar Rapids,IA,strike; picket,strike_out_of_scope
2,5/28/2022,Melrose Park,IL,strike; picket,strike_out_of_scope
2,5/28/2022,New Albany,IN,strike; picket,strike_out_of_scope
2,5/28/2022,Jessup,MD,strike; picket,strike_out_of_scope
2,5/28/2022,Lawrenceville,NJ,strike; picket,strike_out_of_scope
2,5/28/2022,Newark,NJ,strike; picket,strike_out_of_scope
2,5/28/2022,New York,NY,strike; picket,strike_out_of_scope
2,5/28/2022,Gresham,OR,strike; picket,strike_out_of_scope
2,5/28/2022,San Antonio,TX,strike,strike_out_of_scope
2,5/28/2022,Leesburg,VA,strike; picket,strike_out_of_scope
2,5/28/2022,Eau Claire,WI,strike; picket,strike_out_of_scope
2,5/28/2022,Sturtevant,WI,strike; picket,strike_out_of_scope
2,5/29/2022,Brookwood,AL,strike; picket,strike_out_of_scope
2,5/29/2022,North Hollywood,CA,strike,strike_out_of_scope
2,5/29/2022,Burlington,IA,strike; picket,strike_out_of_scope
2,5/29/2022,Cedar Rapids,IA,strike; picket,strike_out_of_scope
2,5/29/2022,Melrose Park,IL,strike; picket,strike_out_of_scope
2,5/29/2022,New Albany,IN,strike; picket,strike_out_of_scope
2,5/29/2022,Jessup,MD,strike; picket,strike_out_of_scope
2,5/29/2022,Lawrenceville,NJ,strike; picket,strike_out_of_scope
2,5/29/2022,Newark,NJ,strike; picket,strike_out_of_scope
2,5/29/2022,New York,NY,strike; picket,strike_out_of_scope
2,5/29/2022,Gresham,OR,strike; picket,strike_out_of_scope
2,5/29/2022,San Antonio,TX,strike,strike_out_of_scope
2,5/29/2022,Leesburg,VA,strike; picket,strike_out_of_scope
2,5/29/2022,Eau Claire,WI,strike; picket,strike_out_of_scope
2,5/29/2022,Sturtevant,WI,strike; picket,strike_out_of_scope
2,5/30/2022,Brookwood,AL,strike; picket,strike_out_of_scope
2,5/30/2022,North Hollywood,CA,strike,strike_out_of_scope
2,5/30/2022,Burlington,IA,strike; picket,strike_out_of_scope
2,5/30/2022,Cedar Rapids,IA,strike; picket,strike_out_of_scope
2,5/30/2022,Melrose Park,IL,strike; picket,strike_out_of_scope
2,5/30/2022,New Albany,IN,strike; picket,strike_out_of_scope
2,5/30/2022,Jessup,MD,strike; picket,strike_out_of_scope
2,5/30/2022,Lawrenceville,NJ,strike; picket,strike_out_of_scope
2,5/30/2022,Newark,NJ,strike; picket,strike_out_of_scope
2,5/30/2022,New York,NY,strike; picket,strike_out_of_scope
2,5/30/2022,Gresham,OR,strike; picket,strike_out_of_scope
2,5/30/2022,San Antonio,TX,strike,strike_out_of_scope
2,5/30/2022,Eau Claire,WI,strike; picket,strike_out_of_scope
2,5/30/2022,Sturtevant,WI,strike; picket,strike_out_of_scope
2,5/31/2022,Brookwood,AL,strike; picket,strike_out_of_scope
2,5/31/2022,North Hollywood,CA,strike,strike_out_of_scope
2,5/31/2022,Burlington,IA,strike; picket,strike_out_of_scope
2,5/31/2022,Cedar Rapids,IA,strike; picket,strike_out_of_scope
2,5/31/2022,Melrose Park,IL,strike; picket,strike_out_of_scope
2,5/31/2022,New Albany,IN,strike; picket,strike_out_of_scope
2,5/31/2022,Boston,MA,strike; picket,strike_out_of_scope
2,5/31/2022,Jessup,MD,strike; picket,strike_out_of_scope
2,5/31/2022,Lawrenceville,NJ,strike; picket,strike_out_of_scope
2,5/31/2022,Newark,NJ,strike; picket,strike_out_of_scope
2,5/31/2022,New York,NY,strike; picket,strike_out_of_scope
2,5/31/2022,Gresham,OR,strike; picket,strike_out_of_scope
2,5/31/2022,San Antonio,TX,strike,strike_out_of_scope
2,5/31/2022,Eau Claire,WI,strike; picket,strike_out_of_scope
2,5/31/2022,Sturtevant,WI,strike; picket,strike_out_of_scope
2,6/1/2022,Brookwood,AL,strike; picket,strike_out_of_scope
2,6/1/2022,North Hollywood,CA,strike,strike_out_of_scope
2,6/1/2022,Burlington,IA,strike; picket,strike_out_of_scope
2,6/1/2022,Cedar Rapids,IA,strike; picket,strike_out_of_scope
2,6/1/2022,Melrose Park,IL,strike; picket,strike_out_of_scope
2,6/1/2022,New Albany,IN,strike; picket,strike_out_of_scope
2,6/1/2022,Jessup,MD,strike; picket,strike_out_of_scope
2,6/1/2022,Minneapolis,MN,strike; picket,strike_out_of_scope
2,6/1/2022,Lawrenceville,NJ,strike; picket,strike_out_of_scope
2,6/1/2022,Newark,NJ,strike; picket,strike_out_of_scope
2,6/1/2022,New York,NY,strike; picket,strike_out_of_scope
2,6/1/2022,Gresham,OR,strike; picket,strike_out_of_scope
2,6/1/2022,San Antonio,TX,strike,strike_out_of_scope
2,6/1/2022,Eau Claire,WI,strike; picket,strike_out_of_scope
2,6/1/2022,Sturtevant,WI,strike; picket,strike_out_of_scope
2,6/2/2022,Brookwood,AL,strike; picket,strike_out_of_scope
2,6/2/2022,North Hollywood,CA,strike,strike_out_of_scope
2,6/2/2022,Burlington,IA,strike; picket,strike_out_of_scope
2,6/2/2022,Cedar Rapids,IA,strike; picket,strike_out_of_scope
2,6/2/2022,Melrose Park,IL,strike; picket,strike_out_of_scope
2,6/2/2022,New Albany,IN,strike; picket,strike_out_of_scope
2,6/2/2022,Bowling Green,KY,strike; picket,strike_out_of_scope
2,6/2/2022,Jessup,MD,strike; picket,strike_out_of_scope
2,6/2/2022,Lawrenceville,NJ,strike; picket,strike_out_of_scope
2,6/2/2022,Newark,NJ,strike; picket,strike_out_of_scope
2,6/2/2022,New York,NY,strike; picket,strike_out_of_scope
2,6/2/2022,Gresham,OR,strike; picket,strike_out_of_scope
2,6/2/2022,San Antonio,TX,strike,strike_out_of_scope
2,6/2/2022,Eau Claire,WI,strike; picket,strike_out_of_scope
2,6/2/2022,Sturtevant,WI,strike; picket,strike_out_of_scope
2,6/3/2022,Brookwood,AL,strike; picket,strike_out_of_scope
2,6/3/2022,North Hollywood,CA,strike; picket,strike_out_of_scope
2,6/3/2022,Burlington,IA,strike; picket,strike_out_of_scope
2,6/3/2022,Cedar Rapids,IA,strike; picket,strike_out_of_scope
2,6/3/2022,Melrose Park,IL,strike; picket,strike_out_of_scope
2,6/3/2022,New Albany,IN,strike; picket,strike_out_of_scope
2,6/3/2022,Bowling Green,KY,strike; picket,strike_out_of_scope
2,6/3/2022,Jessup,MD,strike; picket,strike_out_of_scope
2,6/3/2022,Lawrenceville,NJ,strike; picket,strike_out_of_scope
2,6/3/2022,Newark,NJ,strike; picket,strike_out_of_scope
2,6/3/2022,New York,NY,strike; picket,strike_out_of_scope
2,6/3/2022,Gresham,OR,strike; picket,strike_out_of_scope
2,6/3/2022,San Antonio,TX,strike,strike_out_of_scope
2,6/3/2022,Eau Claire,WI,strike; picket,strike_out_of_scope
2,6/3/2022,Sturtevant,WI,strike; picket,strike_out_of_scope
2,6/4/2022,Brookwood,AL,strike; picket,strike_out_of_scope
2,6/4/2022,North Hollywood,CA,strike; picket,strike_out_of_scope
2,6/4/2022,Burlington,IA,strike; picket,strike_out_of_scope
2,6/4/2022,Cedar Rapids,IA,strike; picket,strike_out_of_scope
2,6/4/2022,Melrose Park,IL,strike; picket,strike_out_of_scope
2,6/4/2022,New Albany,IN,strike; picket,strike_out_of_scope
2,6/4/2022,Bowling Green,KY,strike; picket,strike_out_of_scope
2,6/4/2022,Jessup,MD,strike; picket,strike_out_of_scope
2,6/4/2022,Lawrenceville,NJ,strike; picket,strike_out_of_scope
2,6/4/2022,Newark,NJ,strike; picket,strike_out_of_scope
2,6/4/2022,New York,NY,strike; picket,strike_out_of_scope
2,6/4/2022,Gresham,OR,strike; picket,strike_out_of_scope
2,6/4/2022,San Antonio,TX,strike,strike_out_of_scope
2,6/4/2022,Eau Claire,WI,strike; picket,strike_out_of_scope
2,6/4/2022,Sturtevant,WI,strike; picket,strike_out_of_scope
2,6/5/2022,Brookwood,AL,strike; picket,strike_out_of_scope
2,6/5/2022,North Hollywood,CA,strike,strike_out_of_scope
2,6/5/2022,Burlington,IA,strike; picket,strike_out_of_scope
2,6/5/2022,Cedar Rapids,IA,strike; picket,strike_out_of_scope
2,6/5/2022,Melrose Park,IL,strike; picket,strike_out_of_scope
2,6/5/2022,New Albany,IN,strike; picket,strike_out_of_scope
2,6/5/2022,Bowling Green,KY,strike; picket,strike_out_of_scope
2,6/5/2022,Jessup,MD,strike; picket,strike_out_of_scope
2,6/5/2022,Lawrenceville,NJ,strike; picket,strike_out_of_scope
2,6/5/2022,Newark,NJ,strike; picket,strike_out_of_scope
2,6/5/2022,New York,NY,strike; picket,strike_out_of_scope
2,6/5/2022,Gresham,OR,strike; picket,strike_out_of_scope
2,6/5/2022,San Antonio,TX,strike,strike_out_of_scope
2,6/5/2022,Eau Claire,WI,strike; picket,strike_out_of_scope
2,6/5/2022,Sturtevant,WI,strike; picket,strike_out_of_scope
2,6/6/2022,Anchorage,AK,strike,strike_out_of_scope
2,6/6/2022,Brookwood,AL,strike; picket,strike_out_of_scope
2,6/6/2022,North Hollywood,CA,strike,strike_out_of_scope
2,6/6/2022,Burlington,IA,strike; picket,strike_out_of_scope
2,6/6/2022,Cedar Rapids,IA,strike; picket,strike_out_of_scope
2,6/6/2022,Melrose Park,IL,strike; picket,strike_out_of_scope
2,6/6/2022,New Albany,IN,strike; picket,strike_out_of_scope
2,6/6/2022,Bowling Green,KY,strike; picket,strike_out_of_scope
2,6/6/2022,Jessup,MD,strike; picket,strike_out_of_scope
2,6/6/2022,Lawrenceville,NJ,strike; picket,strike_out_of_scope
2,6/6/2022,Newark,NJ,strike; picket; rally,strike_out_of_scope
2,6/6/2022,New York,NY,strike; picket,strike_out_of_scope
2,6/6/2022,Gresham,OR,strike; picket,strike_out_of_scope
2,6/6/2022,San Antonio,TX,strike,strike_out_of_scope
2,6/6/2022,Eau Claire,WI,strike; picket,strike_out_of_scope
2,6/6/2022,Sturtevant,WI,strike; picket,strike_out_of_scope
2,6/7/2022,Anchorage,AK,strike,strike_out_of_scope
2,6/7/2022,Brookwood,AL,strike; picket,strike_out_of_scope
2,6/7/2022,North Hollywood,CA,strike,strike_out_of_scope
2,6/7/2022,Burlington,IA,strike; picket,strike_out_of_scope
2,6/7/2022,Melrose Park,IL,strike; picket,strike_out_of_scope
2,6/7/2022,Springfield,IL,strike; picket,strike_out_of_scope
2,6/7/2022,New Albany,IN,strike; picket,strike_out_of_scope
2,6/7/2022,Bowling Green,KY,strike; picket,strike_out_of_scope
2,6/7/2022,Jessup,MD,strike; picket,strike_out_of_scope
2,6/7/2022,Lawrenceville,NJ,strike; picket,strike_out_of_scope
2,6/7/2022,Newark,NJ,strike; picket,strike_out_of_scope
2,6/7/2022,New York,NY,strike; picket,strike_out_of_scope
2,6/7/2022,Gresham,OR,strike; picket,strike_out_of_scope
2,6/7/2022,Waynesburg,PA,hunger strike,strike_out_of_scope
2,6/7/2022,San Antonio,TX,strike,strike_out_of_scope
2,6/7/2022,Eau Claire,WI,strike; picket,strike_out_of_scope
2,6/7/2022,Sturtevant,WI,strike; picket,strike_out_of_scope
2,6/8/2022,Brookwood,AL,strike; picket,strike_out_of_scope
2,6/8/2022,North Hollywood,CA,strike; picket,strike_out_of_scope
2,6/8/2022,Burlington,IA,strike; picket,strike_out_of_scope
2,6/8/2022,Melrose Park,IL,strike; picket,strike_out_of_scope
2,6/8/2022,Springfield,IL,strike; picket,strike_out_of_scope
2,6/8/2022,New Albany,IN,strike; picket,strike_out_of_scope
2,6/8/2022,Bowling Green,KY,strike; picket,strike_out_of_scope
2,6/8/2022,Jessup,MD,strike; picket,strike_out_of_scope
2,6/8/2022,Lawrenceville,NJ,strike; picket,strike_out_of_scope
2,6/8/2022,Newark,NJ,strike; picket,strike_out_of_scope
2,6/8/2022,New York,NY,strike; picket,strike_out_of_scope
2,6/8/2022,Gresham,OR,strike; picket,strike_out_of_scope
2,6/8/2022,Waynesburg,PA,hunger strike,strike_out_of_scope
2,6/8/2022,San Antonio,TX,strike,strike_out_of_scope
2,6/8/2022,Eau Claire,WI,strike; picket,strike_out_of_scope
2,6/8/2022,Sturtevant,WI,strike; picket,strike_out_of_scope
2,6/9/2022,Brookwood,AL,strike; picket,strike_out_of_scope
2,6/9/2022,North Hollywood,CA,strike,strike_out_of_scope
2,6/9/2022,Burlington,IA,strike; picket,strike_out_of_scope
2,6/9/2022,Melrose Park,IL,strike; picket,strike_out_of_scope
2,6/9/2022,Springfield,IL,strike; picket,strike_out_of_scope
2,6/9/2022,New Albany,IN,strike; picket,strike_out_of_scope
2,6/9/2022,Bowling Green,KY,strike; picket,strike_out_of_scope
2,6/9/2022,Jessup,MD,strike; picket,strike_out_of_scope
2,6/9/2022,Lawrenceville,NJ,strike; picket,strike_out_of_scope
2,6/9/2022,Newark,NJ,strike; picket,strike_out_of_scope
2,6/9/2022,New York,NY,strike; picket,strike_out_of_scope
2,6/9/2022,Gresham,OR,strike; picket,strike_out_of_scope
2,6/9/2022,Waynesburg,PA,hunger strike,strike_out_of_scope
2,6/9/2022,San Antonio,TX,strike,strike_out_of_scope
2,6/9/2022,Eau Claire,WI,strike; picket,strike_out_of_scope
2,6/9/2022,Sturtevant,WI,strike; picket,strike_out_of_scope
2,6/10/2022,Brookwood,AL,strike; picket,strike_out_of_scope
2,6/10/2022,North Hollywood,CA,strike; picket,strike_out_of_scope
2,6/10/2022,Burlington,IA,strike; picket,strike_out_of_scope
2,6/10/2022,Melrose Park,IL,strike; picket,strike_out_of_scope
2,6/10/2022,Springfield,IL,strike; picket,strike_out_of_scope
2,6/10/2022,New Albany,IN,strike; picket,strike_out_of_scope
2,6/10/2022,Bowling Green,KY,strike; picket,strike_out_of_scope
2,6/10/2022,Jessup,MD,strike; picket,strike_out_of_scope
2,6/10/2022,Lawrenceville,NJ,strike; picket,strike_out_of_scope
2,6/10/2022,Newark,NJ,strike; picket,strike_out_of_scope
2,6/10/2022,New York,NY,strike; picket,strike_out_of_scope
2,6/10/2022,Gresham,OR,strike; picket,strike_out_of_scope
2,6/10/2022,Waynesburg,PA,hunger strike,strike_out_of_scope
2,6/10/2022,San Antonio,TX,strike,strike_out_of_scope
2,6/10/2022,Eau Claire,WI,strike; picket,strike_out_of_scope
2,6/10/2022,Sturtevant,WI,strike; picket,strike_out_of_scope
2,6/11/2022,Brookwood,AL,strike; picket,strike_out_of_scope
2,6/11/2022,North Hollywood,CA,strike,strike_out_of_scope
2,6/11/2022,Burlington,IA,strike; picket,strike_out_of_scope
2,6/11/2022,Melrose Park,IL,strike; picket,strike_out_of_scope
2,6/11/2022,Springfield,IL,strike; picket,strike_out_of_scope
2,6/11/2022,New Albany,IN,strike; picket,strike_out_of_scope
2,6/11/2022,Bowling Green,KY,strike; picket,strike_out_of_scope
2,6/11/2022,Jessup,MD,strike; picket,strike_out_of_scope
2,6/11/2022,Lawrenceville,NJ,strike; picket,strike_out_of_scope
2,6/11/2022,Newark,NJ,strike; picket,strike_out_of_scope
2,6/11/2022,New York,NY,strike; picket,strike_out_of_scope
2,6/11/2022,Gresham,OR,strike; picket,strike_out_of_scope
2,6/11/2022,Waynesburg,PA,hunger strike,strike_out_of_scope
2,6/11/2022,Anderson,SC,strike; picket,strike_out_of_scope
2,6/11/2022,San Antonio,TX,strike,strike_out_of_scope
2,6/11/2022,Eau Claire,WI,strike; picket,strike_out_of_scope
2,6/11/2022,Sturtevant,WI,strike; picket,strike_out_of_scope
2,6/12/2022,Brookwood,AL,strike; picket,strike_out_of_scope
2,6/12/2022,North Hollywood,CA,strike,strike_out_of_scope
2,6/12/2022,Burlington,IA,strike; picket,strike_out_of_scope
2,6/12/2022,Melrose Park,IL,strike; picket,strike_out_of_scope
2,6/12/2022,Springfield,IL,strike; picket,strike_out_of_scope
2,6/12/2022,New Albany,IN,strike; picket,strike_out_of_scope
2,6/12/2022,Bowling Green,KY,strike; picket,strike_out_of_scope
2,6/12/2022,Jessup,MD,strike; picket,strike_out_of_scope
2,6/12/2022,Lawrenceville,NJ,strike; picket,strike_out_of_scope
2,6/12/2022,Newark,NJ,strike; picket,strike_out_of_scope
2,6/12/2022,New York,NY,strike; picket,strike_out_of_scope
2,6/12/2022,Gresham,OR,strike; picket,strike_out_of_scope
2,6/12/2022,Waynesburg,PA,hunger strike,strike_out_of_scope
2,6/12/2022,San Antonio,TX,strike,strike_out_of_scope
2,6/12/2022,Eau Claire,WI,strike; picket,strike_out_of_scope
2,6/12/2022,Sturtevant,WI,strike; picket,strike_out_of_scope
2,6/13/2022,Brookwood,AL,strike; picket,strike_out_of_scope
2,6/13/2022,North Hollywood,CA,strike,strike_out_of_scope
2,6/13/2022,Burlington,IA,strike; picket,strike_out_of_scope
2,6/13/2022,Athens,IL,strike; picket,strike_out_of_scope
2,6/13/2022,Cicero,IL,strike; picket,strike_out_of_scope
2,6/13/2022,Melrose Park,IL,strike; picket,strike_out_of_scope
2,6/13/2022,Springfield,IL,strike; picket,strike_out_of_scope
2,6/13/2022,Springfield,IL,strike; picket,strike_out_of_scope
2,6/13/2022,New Albany,IN,strike; picket,strike_out_of_scope
2,6/13/2022,Bowling Green,KY,strike; picket,strike_out_of_scope
2,6/13/2022,Jessup,MD,strike; picket,strike_out_of_scope
2,6/13/2022,Lawrenceville,NJ,strike; picket,strike_out_of_scope
2,6/13/2022,Newark,NJ,strike; picket,strike_out_of_scope
2,6/13/2022,New York,NY,strike; picket,strike_out_of_scope
2,6/13/2022,Gresham,OR,strike; picket,strike_out_of_scope
2,6/13/2022,Waynesburg,PA,hunger strike,strike_out_of_scope
2,6/13/2022,San Antonio,TX,strike,strike_out_of_scope
2,6/13/2022,Eau Claire,WI,strike; picket,strike_out_of_scope
2,6/13/2022,Sturtevant,WI,strike; picket,strike_out_of_scope
2,6/14/2022,Brookwood,AL,strike; picket,strike_out_of_scope
2,6/14/2022,North Hollywood,CA,strike,strike_out_of_scope
2,6/14/2022,Burlington,IA,strike; picket,strike_out_of_scope
2,6/14/2022,Athens,IL,strike; picket,strike_out_of_scope
2,6/14/2022,Cicero,IL,strike; picket,strike_out_of_scope
2,6/14/2022,Melrose Park,IL,strike; picket,strike_out_of_scope
2,6/14/2022,Springfield,IL,strike; picket,strike_out_of_scope
2,6/14/2022,Springfield,IL,strike; picket,strike_out_of_scope
2,6/14/2022,New Albany,IN,strike; picket,strike_out_of_scope
2,6/14/2022,Bowling Green,KY,strike; picket,strike_out_of_scope
2,6/14/2022,Jessup,MD,strike; picket,strike_out_of_scope
2,6/14/2022,Lawrenceville,NJ,strike; picket,strike_out_of_scope
2,6/14/2022,Newark,NJ,strike; picket,strike_out_of_scope
2,6/14/2022,New York,NY,strike; picket,strike_out_of_scope
2,6/14/2022,Gresham,OR,strike; picket,strike_out_of_scope
2,6/14/2022,Waynesburg,PA,hunger strike,strike_out_of_scope
2,6/14/2022,San Antonio,TX,strike,strike_out_of_scope
2,6/14/2022,Eau Claire,WI,strike; picket,strike_out_of_scope
2,6/14/2022,Sturtevant,WI,strike; picket,strike_out_of_scope
2,6/15/2022,Brookwood,AL,strike; picket,strike_out_of_scope
2,6/15/2022,North Hollywood,CA,strike,strike_out_of_scope
2,6/15/2022,Burlington,IA,strike; picket,strike_out_of_scope
2,6/15/2022,Athens,IL,strike; picket,strike_out_of_scope
2,6/15/2022,Cicero,IL,strike; picket,strike_out_of_scope
2,6/15/2022,Melrose Park,IL,strike; picket,strike_out_of_scope
2,6/15/2022,Springfield,IL,strike; picket,strike_out_of_scope
2,6/15/2022,Springfield,IL,strike; picket,strike_out_of_scope
2,6/15/2022,New Albany,IN,strike; picket,strike_out_of_scope
2,6/15/2022,Bowling Green,KY,strike; picket,strike_out_of_scope
2,6/15/2022,Jessup,MD,strike; picket,strike_out_of_scope
2,6/15/2022,Lawrenceville,NJ,strike; picket,strike_out_of_scope
2,6/15/2022,Newark,NJ,strike; picket,strike_out_of_scope
2,6/15/2022,New York,NY,strike; picket,strike_out_of_scope
2,6/15/2022,Gresham,OR,strike; picket,strike_out_of_scope
2,6/15/2022,Waynesburg,PA,hunger strike,strike_out_of_scope
2,6/15/2022,Eau Claire,WI,strike; picket,strike_out_of_scope
2,6/15/2022,Sturtevant,WI,strike; picket,strike_out_of_scope
2,6/16/2022,Brookwood,AL,strike; picket,strike_out_of_scope
2,6/16/2022,North Hollywood,CA,strike,strike_out_of_scope
2,6/16/2022,Burlington,IA,strike; picket,strike_out_of_scope
2,6/16/2022,Athens,IL,strike; picket,strike_out_of_scope
2,6/16/2022,Cicero,IL,strike; picket,strike_out_of_scope
2,6/16/2022,Melrose Park,IL,strike; picket,strike_out_of_scope
2,6/16/2022,Springfield,IL,strike; picket,strike_out_of_scope
2,6/16/2022,Springfield,IL,strike; picket,strike_out_of_scope
2,6/16/2022,New Albany,IN,strike; picket,strike_out_of_scope
2,6/16/2022,Bowling Green,KY,strike; picket,strike_out_of_scope
2,6/16/2022,Jessup,MD,strike; picket,strike_out_of_scope
2,6/16/2022,Lawrenceville,NJ,strike; picket,strike_out_of_scope
2,6/16/2022,Newark,NJ,strike; picket,strike_out_of_scope
2,6/16/2022,New York,NY,strike; picket,strike_out_of_scope
2,6/16/2022,Gresham,OR,strike; picket,strike_out_of_scope
2,6/16/2022,Waynesburg,PA,hunger strike,strike_out_of_scope
2,6/16/2022,Eau Claire,WI,strike; picket,strike_out_of_scope
2,6/16/2022,Sturtevant,WI,strike; picket,strike_out_of_scope
2,6/17/2022,Brookwood,AL,strike; picket,strike_out_of_scope
2,6/17/2022,North Hollywood,CA,strike,strike_out_of_scope
2,6/17/2022,San Diego,CA,strike; picket,strike_out_of_scope
2,6/17/2022,Burlington,IA,strike; picket,strike_out_of_scope
2,6/17/2022,Athens,IL,strike; picket,strike_out_of_scope
2,6/17/2022,Cicero,IL,strike; picket,strike_out_of_scope
2,6/17/2022,Melrose Park,IL,strike; picket,strike_out_of_scope
2,6/17/2022,Springfield,IL,strike; picket,strike_out_of_scope
2,6/17/2022,Springfield,IL,strike; picket,strike_out_of_scope
2,6/17/2022,New Albany,IN,strike; picket,strike_out_of_scope
2,6/17/2022,Bowling Green,KY,strike; picket,strike_out_of_scope
2,6/17/2022,Jessup,MD,strike; picket,strike_out_of_scope
2,6/17/2022,Lawrenceville,NJ,strike; picket,strike_out_of_scope
2,6/17/2022,Newark,NJ,strike; picket,strike_out_of_scope
2,6/17/2022,Trenton,NJ,strike,strike_out_of_scope
2,6/17/2022,New York,NY,strike; picket,strike_out_of_scope
2,6/17/2022,Gresham,OR,strike; picket,strike_out_of_scope
2,6/17/2022,Waynesburg,PA,hunger strike,strike_out_of_scope
2,6/17/2022,Eau Claire,WI,strike; picket,strike_out_of_scope
2,6/17/2022,Sturtevant,WI,strike; picket,strike_out_of_scope
2,6/18/2022,Brookwood,AL,strike; picket,strike_out_of_scope
2,6/18/2022,North Hollywood,CA,strike,strike_out_of_scope
2,6/18/2022,San Diego,CA,strike; picket,strike_out_of_scope
2,6/18/2022,Burlington,IA,strike; picket,strike_out_of_scope
2,6/18/2022,Cicero,IL,strike; picket,strike_out_of_scope
2,6/18/2022,Melrose Park,IL,strike; picket,strike_out_of_scope
2,6/18/2022,Springfield,IL,strike; picket,strike_out_of_scope
2,6/18/2022,Springfield,IL,strike; picket,strike_out_of_scope
2,6/18/2022,New Albany,IN,strike; picket,strike_out_of_scope
2,6/18/2022,Bowling Green,KY,strike; picket,strike_out_of_scope
2,6/18/2022,Jessup,MD,strike; picket,strike_out_of_scope
2,6/18/2022,Avanel,NJ,strike; picket,strike_out_of_scope
2,6/18/2022,Lawrenceville,NJ,strike; picket,strike_out_of_scope
2,6/18/2022,Newark,NJ,strike; picket,strike_out_of_scope
2,6/18/2022,New York,NY,strike; picket,strike_out_of_scope
2,6/18/2022,Gresham,OR,strike; picket,strike_out_of_scope
2,6/18/2022,Waynesburg,PA,hunger strike,strike_out_of_scope
2,6/18/2022,Eau Claire,WI,strike; picket,strike_out_of_scope
2,6/18/2022,Sturtevant,WI,strike; picket,strike_out_of_scope
2,6/19/2022,Brookwood,AL,strike; picket,strike_out_of_scope
2,6/19/2022,North Hollywood,CA,strike,strike_out_of_scope
2,6/19/2022,San Diego,CA,strike; picket,strike_out_of_scope
2,6/19/2022,Burlington,IA,strike; picket,strike_out_of_scope
2,6/19/2022,Cicero,IL,strike; picket,strike_out_of_scope
2,6/19/2022,Melrose Park,IL,strike; picket,strike_out_of_scope
2,6/19/2022,Springfield,IL,strike; picket,strike_out_of_scope
2,6/19/2022,Springfield,IL,strike; picket,strike_out_of_scope
2,6/19/2022,New Albany,IN,strike; picket,strike_out_of_scope
2,6/19/2022,Bowling Green,KY,strike; picket,strike_out_of_scope
2,6/19/2022,Jessup,MD,strike; picket,strike_out_of_scope
2,6/19/2022,Lawrenceville,NJ,strike; picket,strike_out_of_scope
2,6/19/2022,Newark,NJ,strike; picket,strike_out_of_scope
2,6/19/2022,New York,NY,strike; picket,strike_out_of_scope
2,6/19/2022,Gresham,OR,strike; picket,strike_out_of_scope
2,6/19/2022,Hatfield,PA,strike; picket,strike_out_of_scope
2,6/19/2022,Philadelphia,PA,strike; picket,strike_out_of_scope
2,6/19/2022,Philadelphia,PA,strike; picket,strike_out_of_scope
2,6/19/2022,Waynesburg,PA,hunger strike,strike_out_of_scope
2,6/19/2022,Eau Claire,WI,strike; picket,strike_out_of_scope
2,6/19/2022,Sturtevant,WI,strike; picket,strike_out_of_scope
2,6/20/2022,Brookwood,AL,strike; picket,strike_out_of_scope
2,6/20/2022,North Hollywood,CA,strike,strike_out_of_scope
2,6/20/2022,San Diego,CA,strike; picket,strike_out_of_scope
2,6/20/2022,Burlington,IA,strike; picket,strike_out_of_scope
2,6/20/2022,Cicero,IL,strike; picket,strike_out_of_scope
2,6/20/2022,Melrose Park,IL,strike; picket,strike_out_of_scope
2,6/20/2022,Springfield,IL,strike; picket,strike_out_of_scope
2,6/20/2022,Springfield,IL,strike; picket,strike_out_of_scope
2,6/20/2022,New Albany,IN,strike; picket,strike_out_of_scope
2,6/20/2022,Bowling Green,KY,strike; picket,strike_out_of_scope
2,6/20/2022,Jessup,MD,strike; picket,strike_out_of_scope
2,6/20/2022,Lawrenceville,NJ,strike; picket,strike_out_of_scope
2,6/20/2022,Newark,NJ,strike; picket,strike_out_of_scope
2,6/20/2022,New York,NY,strike; picket,strike_out_of_scope
2,6/20/2022,Gresham,OR,strike; picket,strike_out_of_scope
2,6/20/2022,Hatfield,PA,strike; picket,strike_out_of_scope
2,6/20/2022,Philadelphia,PA,strike; picket,strike_out_of_scope
2,6/20/2022,Philadelphia,PA,strike; picket,strike_out_of_scope
2,6/20/2022,Waynesburg,PA,hunger strike,strike_out_of_scope
2,6/20/2022,Eau Claire,WI,strike; picket,strike_out_of_scope
2,6/20/2022,Sturtevant,WI,strike; picket,strike_out_of_scope
2,6/21/2022,Brookwood,AL,strike; picket,strike_out_of_scope
2,6/21/2022,North Hollywood,CA,strike,strike_out_of_scope
2,6/21/2022,San Diego,CA,strike; picket,strike_out_of_scope
2,6/21/2022,Burlington,IA,strike; picket,strike_out_of_scope
2,6/21/2022,Cicero,IL,strike; picket,strike_out_of_scope
2,6/21/2022,Melrose Park,IL,strike; picket,strike_out_of_scope
2,6/21/2022,Springfield,IL,strike; picket,strike_out_of_scope
2,6/21/2022,Springfield,IL,strike; picket,strike_out_of_scope
2,6/21/2022,New Albany,IN,strike; picket,strike_out_of_scope
2,6/21/2022,Bowling Green,KY,strike; picket,strike_out_of_scope
2,6/21/2022,Jessup,MD,strike; picket,strike_out_of_scope
2,6/21/2022,Lawrenceville,NJ,strike; picket,strike_out_of_scope
2,6/21/2022,Newark,NJ,strike; picket,strike_out_of_scope
2,6/21/2022,New York,NY,strike; picket,strike_out_of_scope
2,6/21/2022,Gresham,OR,strike; picket,strike_out_of_scope
2,6/21/2022,Hatfield,PA,strike; picket,strike_out_of_scope
2,6/21/2022,Philadelphia,PA,strike; picket,strike_out_of_scope
2,6/21/2022,Philadelphia,PA,strike; picket,strike_out_of_scope
2,6/21/2022,Waynesburg,PA,hunger strike,strike_out_of_scope
2,6/21/2022,Eau Claire,WI,strike; picket,strike_out_of_scope
2,6/21/2022,Sturtevant,WI,strike; picket,strike_out_of_scope
2,6/22/2022,Brookwood,AL,strike; picket,strike_out_of_scope
2,6/22/2022,North Hollywood,CA,strike,strike_out_of_scope
2,6/22/2022,San Diego,CA,strike; picket,strike_out_of_scope
2,6/22/2022,Burlington,IA,strike; picket,strike_out_of_scope
2,6/22/2022,Cicero,IL,strike; picket,strike_out_of_scope
2,6/22/2022,Melrose Park,IL,strike; picket,strike_out_of_scope
2,6/22/2022,Springfield,IL,strike; picket,strike_out_of_scope
2,6/22/2022,Springfield,IL,strike; picket,strike_out_of_scope
2,6/22/2022,New Albany,IN,strike; picket,strike_out_of_scope
2,6/22/2022,Bowling Green,KY,strike; picket,strike_out_of_scope
2,6/22/2022,Jessup,MD,strike; picket,strike_out_of_scope
2,6/22/2022,Lawrenceville,NJ,strike; picket,strike_out_of_scope
2,6/22/2022,Newark,NJ,strike; picket,strike_out_of_scope
2,6/22/2022,New York,NY,strike; picket,strike_out_of_scope
2,6/22/2022,Gresham,OR,strike; picket,strike_out_of_scope
2,6/22/2022,Hatfield,PA,strike; picket,strike_out_of_scope
2,6/22/2022,Philadelphia,PA,strike; picket,strike_out_of_scope
2,6/22/2022,Philadelphia,PA,strike; picket,strike_out_of_scope
2,6/22/2022,Waynesburg,PA,hunger strike,strike_out_of_scope
2,6/22/2022,Pawtucket,RI,strike; picket,strike_out_of_scope
2,6/22/2022,Eau Claire,WI,strike; picket,strike_out_of_scope
2,6/22/2022,Sturtevant,WI,strike; picket,strike_out_of_scope
2,6/23/2022,Brookwood,AL,strike; picket,strike_out_of_scope
2,6/23/2022,North Hollywood,CA,strike,strike_out_of_scope
2,6/23/2022,San Diego,CA,strike; picket,strike_out_of_scope
2,6/23/2022,Burlington,IA,strike; picket,strike_out_of_scope
2,6/23/2022,Cicero,IL,strike; picket,strike_out_of_scope
2,6/23/2022,Melrose Park,IL,strike; picket,strike_out_of_scope
2,6/23/2022,Springfield,IL,strike; picket,strike_out_of_scope
2,6/23/2022,Springfield,IL,strike; picket,strike_out_of_scope
2,6/23/2022,New Albany,IN,strike; picket,strike_out_of_scope
2,6/23/2022,Bowling Green,KY,strike; picket,strike_out_of_scope
2,6/23/2022,Jessup,MD,strike; picket,strike_out_of_scope
2,6/23/2022,Lawrenceville,NJ,strike; picket,strike_out_of_scope
2,6/23/2022,Reno,NV,strike; picket,strike_out_of_scope
2,6/23/2022,New York,NY,strike; picket,strike_out_of_scope
2,6/23/2022,Gresham,OR,strike; picket,strike_out_of_scope
2,6/23/2022,Hatfield,PA,strike; picket,strike_out_of_scope
2,6/23/2022,Philadelphia,PA,strike; picket,strike_out_of_scope
2,6/23/2022,Philadelphia,PA,strike; picket,strike_out_of_scope
2,6/23/2022,Waynesburg,PA,hunger strike,strike_out_of_scope
2,6/23/2022,Pawtucket,RI,strike; picket,strike_out_of_scope
2,6/23/2022,Eau Claire,WI,strike; picket,strike_out_of_scope
2,6/23/2022,Sturtevant,WI,strike; picket,strike_out_of_scope
2,6/24/2022,Brookwood,AL,strike; picket,strike_out_of_scope
2,6/24/2022,North Hollywood,CA,strike; picket,strike_out_of_scope
2,6/24/2022,San Diego,CA,strike; picket,strike_out_of_scope
2,6/24/2022,Burlington,IA,strike; picket,strike_out_of_scope
2,6/24/2022,Cicero,IL,strike; picket,strike_out_of_scope
2,6/24/2022,Melrose Park,IL,strike; picket,strike_out_of_scope
2,6/24/2022,Springfield,IL,strike; picket,strike_out_of_scope
2,6/24/2022,Springfield,IL,strike; picket,strike_out_of_scope
2,6/24/2022,New Albany,IN,strike; picket,strike_out_of_scope
2,6/24/2022,Bowling Green,KY,strike; picket,strike_out_of_scope
2,6/24/2022,Jessup,MD,strike; picket,strike_out_of_scope
2,6/24/2022,Lawrenceville,NJ,strike; picket,strike_out_of_scope
2,6/24/2022,New York,NY,strike; picket,strike_out_of_scope
2,6/24/2022,Gresham,OR,strike; picket,strike_out_of_scope
2,6/24/2022,Hatfield,PA,strike; picket,strike_out_of_scope
2,6/24/2022,Philadelphia,PA,strike; picket,strike_out_of_scope
2,6/24/2022,Philadelphia,PA,strike; picket,strike_out_of_scope
2,6/24/2022,Pittsburgh,PA,strike; picket,strike_out_of_scope
2,6/24/2022,Pawtucket,RI,strike; picket,strike_out_of_scope
2,6/24/2022,Seattle,WA,walkout,walkout_labor_precutoff
2,6/24/2022,Eau Claire,WI,strike; picket,strike_out_of_scope
2,6/24/2022,Sturtevant,WI,strike; picket,strike_out_of_scope
2,6/25/2022,Brookwood,AL,strike; picket,strike_out_of_scope
2,6/25/2022,North Hollywood,CA,strike; picket,strike_out_of_scope
2,6/25/2022,San Diego,CA,strike; picket,strike_out_of_scope
2,6/25/2022,Burlington,IA,strike; picket,strike_out_of_scope
2,6/25/2022,Cicero,IL,strike; picket,strike_out_of_scope
2,6/25/2022,Melrose Park,IL,strike; picket,strike_out_of_scope
2,6/25/2022,Springfield,IL,strike; picket,strike_out_of_scope
2,6/25/2022,Springfield,IL,strike; picket,strike_out_of_scope
2,6/25/2022,New Albany,IN,strike; picket,strike_out_of_scope
2,6/25/2022,Bowling Green,KY,strike; picket,strike_out_of_scope
2,6/25/2022,Jessup,MD,strike; picket,strike_out_of_scope
2,6/25/2022,Lawrenceville,NJ,strike; picket,strike_out_of_scope
2,6/25/2022,New York,NY,strike; picket,strike_out_of_scope
2,6/25/2022,Gresham,OR,strike; picket,strike_out_of_scope
2,6/25/2022,Hatfield,PA,strike; picket,strike_out_of_scope
2,6/25/2022,Philadelphia,PA,strike; picket,strike_out_of_scope
2,6/25/2022,Philadelphia,PA,strike; picket,strike_out_of_scope
2,6/25/2022,Pittsburgh,PA,strike; picket,strike_out_of_scope
2,6/25/2022,Pawtucket,RI,strike; picket,strike_out_of_scope
2,6/25/2022,Dallas,TX,strike; picket,strike_out_of_scope
2,6/25/2022,Eau Claire,WI,strike; picket,strike_out_of_scope
2,6/25/2022,Sturtevant,WI,strike; picket,strike_out_of_scope
2,6/26/2022,Brookwood,AL,strike; picket,strike_out_of_scope
2,6/26/2022,North Hollywood,CA,strike,strike_out_of_scope
2,6/26/2022,San Diego,CA,strike; picket,strike_out_of_scope
2,6/26/2022,Burlington,IA,strike; picket,strike_out_of_scope
2,6/26/2022,Cicero,IL,strike; picket,strike_out_of_scope
2,6/26/2022,Melrose Park,IL,strike; picket,strike_out_of_scope
2,6/26/2022,Springfield,IL,strike; picket,strike_out_of_scope
2,6/26/2022,Springfield,IL,strike; picket,strike_out_of_scope
2,6/26/2022,New Albany,IN,strike; picket,strike_out_of_scope
2,6/26/2022,Bowling Green,KY,strike; picket,strike_out_of_scope
2,6/26/2022,Jessup,MD,strike; picket,strike_out_of_scope
2,6/26/2022,Lawrenceville,NJ,strike; picket,strike_out_of_scope
2,6/26/2022,New York,NY,strike; picket,strike_out_of_scope
2,6/26/2022,Gresham,OR,strike; picket,strike_out_of_scope
2,6/26/2022,Pittsburgh,PA,strike; picket,strike_out_of_scope
2,6/26/2022,Pawtucket,RI,strike; picket,strike_out_of_scope
2,6/26/2022,Eau Claire,WI,strike; picket,strike_out_of_scope
2,6/26/2022,Sturtevant,WI,strike; picket,strike_out_of_scope
2,6/27/2022,Brookwood,AL,strike; picket,strike_out_of_scope
2,6/27/2022,North Hollywood,CA,strike,strike_out_of_scope
2,6/27/2022,San Diego,CA,strike; picket,strike_out_of_scope
2,6/27/2022,Burlington,IA,strike; picket,strike_out_of_scope
2,6/27/2022,Cicero,IL,strike; picket,strike_out_of_scope
2,6/27/2022,Melrose Park,IL,strike; picket,strike_out_of_scope
2,6/27/2022,Springfield,IL,strike; picket,strike_out_of_scope
2,6/27/2022,Springfield,IL,strike; picket,strike_out_of_scope
2,6/27/2022,New Albany,IN,strike; picket,strike_out_of_scope
2,6/27/2022,Bowling Green,KY,strike; picket,strike_out_of_scope
2,6/27/2022,Jessup,MD,strike; picket,strike_out_of_scope
2,6/27/2022,Lawrenceville,NJ,strike; picket,strike_out_of_scope
2,6/27/2022,New York,NY,strike; picket,strike_out_of_scope
2,6/27/2022,Gresham,OR,strike; picket,strike_out_of_scope
2,6/27/2022,Pawtucket,RI,strike; picket,strike_out_of_scope
2,6/27/2022,Eau Claire,WI,strike; picket,strike_out_of_scope
2,6/27/2022,Sturtevant,WI,strike; picket,strike_out_of_scope
2,6/28/2022,Brookwood,AL,strike; picket,strike_out_of_scope
2,6/28/2022,North Hollywood,CA,strike,strike_out_of_scope
2,6/28/2022,San Diego,CA,strike; picket,strike_out_of_scope
2,6/28/2022,Burlington,IA,strike; picket,strike_out_of_scope
2,6/28/2022,Cicero,IL,strike; picket,strike_out_of_scope
2,6/28/2022,Melrose Park,IL,strike; picket,strike_out_of_scope
2,6/28/2022,Springfield,IL,strike; picket,strike_out_of_scope
2,6/28/2022,Springfield,IL,strike; picket,strike_out_of_scope
2,6/28/2022,New Albany,IN,strike; picket,strike_out_of_scope
2,6/28/2022,Bowling Green,KY,strike; picket,strike_out_of_scope
2,6/28/2022,Jessup,MD,strike; picket,strike_out_of_scope
2,6/28/2022,Lawrenceville,NJ,strike; picket,strike_out_of_scope
2,6/28/2022,New York,NY,strike; picket,strike_out_of_scope
2,6/28/2022,Gresham,OR,strike; picket,strike_out_of_scope
2,6/28/2022,Sheridan,OR,hunger strike,strike_out_of_scope
2,6/28/2022,Pawtucket,RI,strike; picket,strike_out_of_scope
2,6/28/2022,Eau Claire,WI,strike; picket,strike_out_of_scope
2,6/28/2022,Sturtevant,WI,strike; picket,strike_out_of_scope
2,6/29/2022,Brookwood,AL,strike; picket,strike_out_of_scope
2,6/29/2022,North Hollywood,CA,strike,strike_out_of_scope
2,6/29/2022,San Diego,CA,strike; picket,strike_out_of_scope
2,6/29/2022,Burlington,IA,strike; picket,strike_out_of_scope
2,6/29/2022,Cicero,IL,strike; picket,strike_out_of_scope
2,6/29/2022,Melrose Park,IL,strike; picket,strike_out_of_scope
2,6/29/2022,Springfield,IL,strike; picket,strike_out_of_scope
2,6/29/2022,Springfield,IL,strike; picket,strike_out_of_scope
2,6/29/2022,New Albany,IN,strike; picket,strike_out_of_scope
2,6/29/2022,Bowling Green,KY,strike; picket,strike_out_of_scope
2,6/29/2022,Jessup,MD,strike; picket,strike_out_of_scope
2,6/29/2022,Lawrenceville,NJ,strike; picket,strike_out_of_scope
2,6/29/2022,New York,NY,strike; picket,strike_out_of_scope
2,6/29/2022,Gresham,OR,strike; picket,strike_out_of_scope
2,6/29/2022,Pawtucket,RI,strike; picket,strike_out_of_scope
2,6/29/2022,Eau Claire,WI,strike; picket,strike_out_of_scope
2,6/29/2022,Sturtevant,WI,strike; picket,strike_out_of_scope
2,6/30/2022,Brookwood,AL,strike; picket,strike_out_of_scope
2,6/30/2022,North Hollywood,CA,strike,strike_out_of_scope
2,6/30/2022,San Diego,CA,strike; picket,strike_out_of_scope
2,6/30/2022,Burlington,IA,strike; picket,strike_out_of_scope
2,6/30/2022,Cicero,IL,strike; picket,strike_out_of_scope
2,6/30/2022,Melrose Park,IL,strike; picket,strike_out_of_scope
2,6/30/2022,Springfield,IL,strike; picket,strike_out_of_scope
2,6/30/2022,Springfield,IL,strike; picket,strike_out_of_scope
2,6/30/2022,New Albany,IN,strike; picket,strike_out_of_scope
2,6/30/2022,Bowling Green,KY,strike; picket,strike_out_of_scope
2,6/30/2022,Jessup,MD,strike; picket,strike_out_of_scope
2,6/30/2022,Lawrenceville,NJ,strike; picket,strike_out_of_scope
2,6/30/2022,New York,NY,strike; picket,strike_out_of_scope
2,6/30/2022,Pawtucket,RI,strike; picket,strike_out_of_scope
2,6/30/2022,Eau Claire,WI,strike; picket,strike_out_of_scope
2,6/30/2022,Sturtevant,WI,strike; picket,strike_out_of_scope
2,7/1/2022,Brookwood,AL,strike; picket,strike_out_of_scope
2,7/1/2022,North Hollywood,CA,strike; picket,strike_out_of_scope
2,7/1/2022,San Diego,CA,strike; picket,strike_out_of_scope
2,7/1/2022,Burlington,IA,strike; picket,strike_out_of_scope
2,7/1/2022,Chicago,IL,strike; picket,strike_out_of_scope
2,7/1/2022,Cicero,IL,strike; picket,strike_out_of_scope
2,7/1/2022,Melrose Park,IL,strike; picket,strike_out_of_scope
2,7/1/2022,Springfield,IL,strike; picket,strike_out_of_scope
2,7/1/2022,New Albany,IN,strike; picket,strike_out_of_scope
2,7/1/2022,Bowling Green,KY,strike; picket,strike_out_of_scope
2,7/1/2022,Jessup,MD,strike; picket,strike_out_of_scope
2,7/1/2022,Lawrenceville,NJ,strike; picket,strike_out_of_scope
2,7/1/2022,New York,NY,strike; picket,strike_out_of_scope
2,7/1/2022,Pawtucket,RI,strike; picket,strike_out_of_scope
2,7/1/2022,Eau Claire,WI,strike; picket,strike_out_of_scope
2,7/1/2022,Sturtevant,WI,strike; picket,strike_out_of_scope
2,7/2/2022,Brookwood,AL,strike; picket,strike_out_of_scope
2,7/2/2022,North Hollywood,CA,strike; picket,strike_out_of_scope
2,7/2/2022,San Diego,CA,strike; picket,strike_out_of_scope
2,7/2/2022,Burlington,IA,strike; picket,strike_out_of_scope
2,7/2/2022,Chicago,IL,strike; picket,strike_out_of_scope
2,7/2/2022,Melrose Park,IL,strike; picket,strike_out_of_scope
2,7/2/2022,Springfield,IL,strike; picket,strike_out_of_scope
2,7/2/2022,New Albany,IN,strike; picket,strike_out_of_scope
2,7/2/2022,Bowling Green,KY,strike; picket,strike_out_of_scope
2,7/2/2022,Jessup,MD,strike; picket,strike_out_of_scope
2,7/2/2022,Lawrenceville,NJ,strike; picket,strike_out_of_scope
2,7/2/2022,New York,NY,strike; picket,strike_out_of_scope
2,7/2/2022,Pawtucket,RI,strike; picket,strike_out_of_scope
2,7/2/2022,Marion,VA,strike; picket,strike_out_of_scope
2,7/2/2022,Eau Claire,WI,strike; picket,strike_out_of_scope
2,7/2/2022,Sturtevant,WI,strike; picket,strike_out_of_scope
2,7/3/2022,Brookwood,AL,strike; picket,strike_out_of_scope
2,7/3/2022,North Hollywood,CA,strike,strike_out_of_scope
2,7/3/2022,San Diego,CA,strike; picket,strike_out_of_scope
2,7/3/2022,Burlington,IA,strike; picket,strike_out_of_scope
2,7/3/2022,Melrose Park,IL,strike; picket,strike_out_of_scope
2,7/3/2022,Springfield,IL,strike; picket,strike_out_of_scope
2,7/3/2022,New Albany,IN,strike; picket,strike_out_of_scope
2,7/3/2022,Bowling Green,KY,strike; picket,strike_out_of_scope
2,7/3/2022,Jessup,MD,strike; picket,strike_out_of_scope
2,7/3/2022,Lawrenceville,NJ,strike; picket,strike_out_of_scope
2,7/3/2022,New York,NY,strike; picket,strike_out_of_scope
2,7/3/2022,Pawtucket,RI,strike; picket,strike_out_of_scope
2,7/3/2022,Marion,VA,strike; picket,strike_out_of_scope
2,7/3/2022,Eau Claire,WI,strike; picket,strike_out_of_scope
2,7/3/2022,Sturtevant,WI,strike; picket,strike_out_of_scope
2,7/4/2022,Brookwood,AL,strike; picket,strike_out_of_scope
2,7/4/2022,North Hollywood,CA,strike,strike_out_of_scope
2,7/4/2022,San Diego,CA,strike; picket,strike_out_of_scope
2,7/4/2022,Burlington,IA,strike; picket,strike_out_of_scope
2,7/4/2022,Melrose Park,IL,strike; picket,strike_out_of_scope
2,7/4/2022,Springfield,IL,strike; picket,strike_out_of_scope
2,7/4/2022,New Albany,IN,strike; picket,strike_out_of_scope
2,7/4/2022,Bowling Green,KY,strike; picket,strike_out_of_scope
2,7/4/2022,Jessup,MD,strike; picket,strike_out_of_scope
2,7/4/2022,Lawrenceville,NJ,strike; picket,strike_out_of_scope
2,7/4/2022,New York,NY,strike; picket,strike_out_of_scope
2,7/4/2022,Pawtucket,RI,strike; picket,strike_out_of_scope
2,7/4/2022,Marion,VA,strike; picket,strike_out_of_scope
2,7/4/2022,Eau Claire,WI,strike; picket,strike_out_of_scope
2,7/4/2022,Sturtevant,WI,strike; picket,strike_out_of_scope
2,7/5/2022,Brookwood,AL,strike; picket,strike_out_of_scope
2,7/5/2022,North Hollywood,CA,strike,strike_out_of_scope
2,7/5/2022,San Diego,CA,strike; picket,strike_out_of_scope
2,7/5/2022,Burlington,IA,strike; picket,strike_out_of_scope
2,7/5/2022,Melrose Park,IL,strike; picket,strike_out_of_scope
2,7/5/2022,Springfield,IL,strike; picket,strike_out_of_scope
2,7/5/2022,New Albany,IN,strike; picket,strike_out_of_scope
2,7/5/2022,Bowling Green,KY,strike; picket,strike_out_of_scope
2,7/5/2022,Jessup,MD,strike; picket,strike_out_of_scope
2,7/5/2022,Lawrenceville,NJ,strike; picket,strike_out_of_scope
2,7/5/2022,New York,NY,strike; picket,strike_out_of_scope
2,7/5/2022,Pawtucket,RI,strike; picket,strike_out_of_scope
2,7/5/2022,Marion,VA,strike; picket,strike_out_of_scope
2,7/5/2022,Eau Claire,WI,strike; picket,strike_out_of_scope
2,7/5/2022,Sturtevant,WI,strike; picket,strike_out_of_scope
2,7/6/2022,Brookwood,AL,strike; picket,strike_out_of_scope
2,7/6/2022,North Hollywood,CA,strike,strike_out_of_scope
2,7/6/2022,San Diego,CA,strike; picket,strike_out_of_scope
2,7/6/2022,Burlington,IA,strike; picket,strike_out_of_scope
2,7/6/2022,Melrose Park,IL,strike; picket,strike_out_of_scope
2,7/6/2022,Springfield,IL,strike; picket,strike_out_of_scope
2,7/6/2022,New Albany,IN,strike; picket,strike_out_of_scope
2,7/6/2022,Bowling Green,KY,strike; picket,strike_out_of_scope
2,7/6/2022,Jessup,MD,strike; picket,strike_out_of_scope
2,7/6/2022,Lawrenceville,NJ,strike; picket,strike_out_of_scope
2,7/6/2022,New York,NY,strike; picket,strike_out_of_scope
2,7/6/2022,Pawtucket,RI,strike; picket,strike_out_of_scope
2,7/6/2022,Marion,VA,strike; picket,strike_out_of_scope
2,7/6/2022,Eau Claire,WI,strike; picket,strike_out_of_scope
2,7/6/2022,Sturtevant,WI,strike; picket,strike_out_of_scope
2,7/7/2022,Brookwood,AL,strike; picket,strike_out_of_scope
2,7/7/2022,North Hollywood,CA,strike; picket,strike_out_of_scope
2,7/7/2022,San Diego,CA,strike; picket,strike_out_of_scope
2,7/7/2022,Burlington,IA,strike; picket,strike_out_of_scope
2,7/7/2022,Melrose Park,IL,strike; picket,strike_out_of_scope
2,7/7/2022,Springfield,IL,strike; picket,strike_out_of_scope
2,7/7/2022,New Albany,IN,strike; picket,strike_out_of_scope
2,7/7/2022,Bowling Green,KY,strike; picket,strike_out_of_scope
2,7/7/2022,Jessup,MD,strike; picket,strike_out_of_scope
2,7/7/2022,Lawrenceville,NJ,strike; picket,strike_out_of_scope
2,7/7/2022,New York,NY,strike; picket,strike_out_of_scope
2,7/7/2022,Pawtucket,RI,strike; picket,strike_out_of_scope
2,7/7/2022,Marion,VA,strike; picket,strike_out_of_scope
2,7/7/2022,Eau Claire,WI,strike; picket,strike_out_of_scope
2,7/7/2022,Sturtevant,WI,strike; picket,strike_out_of_scope
2,7/8/2022,Brookwood,AL,strike; picket,strike_out_of_scope
2,7/8/2022,North Hollywood,CA,strike; picket,strike_out_of_scope
2,7/8/2022,San Diego,CA,strike; picket,strike_out_of_scope
2,7/8/2022,Burlington,IA,strike; picket,strike_out_of_scope
2,7/8/2022,Melrose Park,IL,strike; picket,strike_out_of_scope
2,7/8/2022,Springfield,IL,strike; picket,strike_out_of_scope
2,7/8/2022,New Albany,IN,strike; picket,strike_out_of_scope
2,7/8/2022,Bowling Green,KY,strike; picket,strike_out_of_scope
2,7/8/2022,Jessup,MD,strike; picket,strike_out_of_scope
2,7/8/2022,Lawrenceville,NJ,strike; picket,strike_out_of_scope
2,7/8/2022,New York,NY,strike; picket,strike_out_of_scope
2,7/8/2022,Pawtucket,RI,strike; picket,strike_out_of_scope
2,7/8/2022,Marion,VA,strike; picket,strike_out_of_scope
2,7/8/2022,Eau Claire,WI,strike; picket,strike_out_of_scope
2,7/8/2022,Sturtevant,WI,strike; picket,strike_out_of_scope
2,7/9/2022,Brookwood,AL,strike; picket,strike_out_of_scope
2,7/9/2022,North Hollywood,CA,strike,strike_out_of_scope
2,7/9/2022,San Diego,CA,strike; picket,strike_out_of_scope
2,7/9/2022,Burlington,IA,strike; picket,strike_out_of_scope
2,7/9/2022,Melrose Park,IL,strike; picket,strike_out_of_scope
2,7/9/2022,Springfield,IL,strike; picket,strike_out_of_scope
2,7/9/2022,New Albany,IN,strike; picket,strike_out_of_scope
2,7/9/2022,Bowling Green,KY,strike; picket,strike_out_of_scope
2,7/9/2022,Jessup,MD,strike; picket,strike_out_of_scope
2,7/9/2022,Lawrenceville,NJ,strike; picket,strike_out_of_scope
2,7/9/2022,Buffalo,NY,strike; picket,strike_out_of_scope
2,7/9/2022,New York,NY,strike; picket,strike_out_of_scope
2,7/9/2022,Pawtucket,RI,strike; picket,strike_out_of_scope
2,7/9/2022,Marion,VA,strike; picket,strike_out_of_scope
2,7/9/2022,Eau Claire,WI,strike; picket,strike_out_of_scope
2,7/9/2022,Sturtevant,WI,strike; picket,strike_out_of_scope
2,7/10/2022,Brookwood,AL,strike; picket,strike_out_of_scope
2,7/10/2022,North Hollywood,CA,strike,strike_out_of_scope
2,7/10/2022,San Diego,CA,strike; picket,strike_out_of_scope
2,7/10/2022,Burlington,IA,strike; picket,strike_out_of_scope
2,7/10/2022,Melrose Park,IL,strike; picket,strike_out_of_scope
2,7/10/2022,Springfield,IL,strike; picket,strike_out_of_scope
2,7/10/2022,New Albany,IN,strike; picket,strike_out_of_scope
2,7/10/2022,Bowling Green,KY,strike; picket,strike_out_of_scope
2,7/10/2022,Jessup,MD,strike; picket,strike_out_of_scope
2,7/10/2022,Lawrenceville,NJ,strike; picket,strike_out_of_scope
2,7/10/2022,New York,NY,strike; picket,strike_out_of_scope
2,7/10/2022,Pawtucket,RI,strike; picket,strike_out_of_scope
2,7/10/2022,Marion,VA,strike; picket,strike_out_of_scope
2,7/10/2022,Eau Claire,WI,strike; picket,strike_out_of_scope
2,7/10/2022,Sturtevant,WI,strike; picket,strike_out_of_scope
2,7/11/2022,Brookwood,AL,strike; picket,strike_out_of_scope
2,7/11/2022,North Hollywood,CA,strike,strike_out_of_scope
2,7/11/2022,San Diego,CA,strike; picket,strike_out_of_scope
2,7/11/2022,Burlington,IA,strike; picket,strike_out_of_scope
2,7/11/2022,Melrose Park,IL,strike; picket,strike_out_of_scope
2,7/11/2022,Springfield,IL,strike; picket,strike_out_of_scope
2,7/11/2022,New Albany,IN,strike; picket,strike_out_of_scope
2,7/11/2022,Holcomb,KS,strike; picket,strike_out_of_scope
2,7/11/2022,Bowling Green,KY,strike; picket,strike_out_of_scope
2,7/11/2022,Jessup,MD,strike; picket,strike_out_of_scope
2,7/11/2022,Detroit,MI,strike; picket,strike_out_of_scope
2,7/11/2022,Lawrenceville,NJ,strike; picket,strike_out_of_scope
2,7/11/2022,New York,NY,strike; picket,strike_out_of_scope
2,7/11/2022,Pawtucket,RI,strike; picket,strike_out_of_scope
2,7/11/2022,Marion,VA,strike; picket,strike_out_of_scope
2,7/11/2022,Eau Claire,WI,strike; picket,strike_out_of_scope
2,7/11/2022,Sturtevant,WI,strike; picket,strike_out_of_scope
2,7/12/2022,Brookwood,AL,strike; picket,strike_out_of_scope
2,7/12/2022,North Hollywood,CA,strike,strike_out_of_scope
2,7/12/2022,San Diego,CA,strike; picket,strike_out_of_scope
2,7/12/2022,Burlington,IA,strike; picket,strike_out_of_scope
2,7/12/2022,Melrose Park,IL,strike; picket,strike_out_of_scope
2,7/12/2022,Springfield,IL,strike; picket,strike_out_of_scope
2,7/12/2022,New Albany,IN,strike; picket,strike_out_of_scope
2,7/12/2022,Holcomb,KS,strike; picket,strike_out_of_scope
2,7/12/2022,Bowling Green,KY,strike; picket,strike_out_of_scope
2,7/12/2022,Jessup,MD,strike; picket,strike_out_of_scope
2,7/12/2022,Lawrenceville,NJ,strike; picket,strike_out_of_scope
2,7/12/2022,New York,NY,strike; picket,strike_out_of_scope
2,7/12/2022,Pawtucket,RI,strike; picket,strike_out_of_scope
2,7/12/2022,Marion,VA,strike; picket,strike_out_of_scope
2,7/12/2022,Eau Claire,WI,strike; picket,strike_out_of_scope
2,7/12/2022,Sturtevant,WI,strike; picket,strike_out_of_scope
2,7/13/2022,Brookwood,AL,strike; picket,strike_out_of_scope
2,7/13/2022,North Hollywood,CA,strike,strike_out_of_scope
2,7/13/2022,San Diego,CA,strike; picket,strike_out_of_scope
2,7/13/2022,Atlanta,GA,walkout,walkout_labor_precutoff
2,7/13/2022,Burlington,IA,strike; picket,strike_out_of_scope
2,7/13/2022,Melrose Park,IL,strike; picket,strike_out_of_scope
2,7/13/2022,Springfield,IL,strike; picket,strike_out_of_scope
2,7/13/2022,New Albany,IN,strike; picket,strike_out_of_scope
2,7/13/2022,Holcomb,KS,strike; picket,strike_out_of_scope
2,7/13/2022,Bowling Green,KY,strike; picket,strike_out_of_scope
2,7/13/2022,Jessup,MD,strike; picket,strike_out_of_scope
2,7/13/2022,Lawrenceville,NJ,strike; picket,strike_out_of_scope
2,7/13/2022,New York,NY,strike; picket,strike_out_of_scope
2,7/13/2022,Pawtucket,RI,strike; picket,strike_out_of_scope
2,7/13/2022,Marion,VA,strike; picket,strike_out_of_scope
2,7/13/2022,Eau Claire,WI,strike; picket,strike_out_of_scope
2,7/13/2022,Sturtevant,WI,strike; picket,strike_out_of_scope
2,7/14/2022,Brookwood,AL,strike; picket,strike_out_of_scope
2,7/14/2022,North Hollywood,CA,strike; picket,strike_out_of_scope
2,7/14/2022,San Diego,CA,strike; picket,strike_out_of_scope
2,7/14/2022,Burlington,IA,strike; picket,strike_out_of_scope
2,7/14/2022,Melrose Park,IL,strike; picket,strike_out_of_scope
2,7/14/2022,Springfield,IL,strike; picket,strike_out_of_scope
2,7/14/2022,New Albany,IN,strike; picket,strike_out_of_scope
2,7/14/2022,Holcomb,KS,strike; picket,strike_out_of_scope
2,7/14/2022,Bowling Green,KY,strike; picket,strike_out_of_scope
2,7/14/2022,Jessup,MD,strike; picket,strike_out_of_scope
2,7/14/2022,Lawrenceville,NJ,strike; picket,strike_out_of_scope
2,7/14/2022,New York,NY,strike; picket,strike_out_of_scope
2,7/14/2022,Pawtucket,RI,strike; picket,strike_out_of_scope
2,7/14/2022,Marion,VA,strike; picket,strike_out_of_scope
2,7/14/2022,Eau Claire,WI,strike; picket,strike_out_of_scope
2,7/14/2022,Sturtevant,WI,strike; picket,strike_out_of_scope
2,7/15/2022,Brookwood,AL,strike; picket,strike_out_of_scope
2,7/15/2022,North Hollywood,CA,strike; picket,strike_out_of_scope
2,7/15/2022,San Diego,CA,strike; picket,strike_out_of_scope
2,7/15/2022,Burlington,IA,strike; picket,strike_out_of_scope
2,7/15/2022,Melrose Park,IL,strike; picket,strike_out_of_scope
2,7/15/2022,Springfield,IL,strike; picket,strike_out_of_scope
2,7/15/2022,New Albany,IN,strike; picket,strike_out_of_scope
2,7/15/2022,Holcomb,KS,strike; picket,strike_out_of_scope
2,7/15/2022,Bowling Green,KY,strike; picket,strike_out_of_scope
2,7/15/2022,Jessup,MD,strike; picket,strike_out_of_scope
2,7/15/2022,Lawrenceville,NJ,strike; picket,strike_out_of_scope
2,7/15/2022,New York,NY,strike; picket,strike_out_of_scope
2,7/15/2022,Pittsburgh,PA,strike; picket,strike_out_of_scope
2,7/15/2022,Pittsburgh,PA,strike; picket,strike_out_of_scope
2,7/15/2022,Pittsburgh,PA,strike; picket,strike_out_of_scope
2,7/15/2022,Pittsburgh,PA,strike; picket,strike_out_of_scope
2,7/15/2022,Pawtucket,RI,strike; picket,strike_out_of_scope
2,7/15/2022,Marion,VA,strike; picket,strike_out_of_scope
2,7/15/2022,Eau Claire,WI,strike; picket,strike_out_of_scope
2,7/15/2022,Sturtevant,WI,strike; picket,strike_out_of_scope
2,7/16/2022,Brookwood,AL,strike; picket,strike_out_of_scope
2,7/16/2022,North Hollywood,CA,strike; picket,strike_out_of_scope
2,7/16/2022,San Diego,CA,strike; picket,strike_out_of_scope
2,7/16/2022,Burlington,IA,strike; picket,strike_out_of_scope
2,7/16/2022,Melrose Park,IL,strike; picket,strike_out_of_scope
2,7/16/2022,Springfield,IL,strike; picket,strike_out_of_scope
2,7/16/2022,New Albany,IN,strike; picket,strike_out_of_scope
2,7/16/2022,Holcomb,KS,strike; picket,strike_out_of_scope
2,7/16/2022,Bowling Green,KY,strike; picket,strike_out_of_scope
2,7/16/2022,Jessup,MD,strike; picket,strike_out_of_scope
2,7/16/2022,Lawrenceville,NJ,strike; picket,strike_out_of_scope
2,7/16/2022,New York,NY,strike; picket,strike_out_of_scope
2,7/16/2022,Pittsburgh,PA,strike; picket,strike_out_of_scope
2,7/16/2022,Pittsburgh,PA,strike; picket,strike_out_of_scope
2,7/16/2022,Pittsburgh,PA,strike; picket,strike_out_of_scope
2,7/16/2022,Pittsburgh,PA,strike; picket,strike_out_of_scope
2,7/16/2022,Pawtucket,RI,strike; picket,strike_out_of_scope
2,7/16/2022,Holly Hill,SC,strike; picket,strike_out_of_scope
2,7/16/2022,Marion,VA,strike; picket,strike_out_of_scope
2,7/16/2022,Eau Claire,WI,strike; picket,strike_out_of_scope
2,7/16/2022,Sturtevant,WI,strike; picket,strike_out_of_scope
2,7/17/2022,Brookwood,AL,strike; picket,strike_out_of_scope
2,7/17/2022,North Hollywood,CA,strike,strike_out_of_scope
2,7/17/2022,San Diego,CA,strike; picket,strike_out_of_scope
2,7/17/2022,Atlanta,GA,strike,strike_out_of_scope
2,7/17/2022,Burlington,IA,strike; picket,strike_out_of_scope
2,7/17/2022,Melrose Park,IL,strike; picket,strike_out_of_scope
2,7/17/2022,Springfield,IL,strike; picket,strike_out_of_scope
2,7/17/2022,New Albany,IN,strike; picket,strike_out_of_scope
2,7/17/2022,Holcomb,KS,strike; picket,strike_out_of_scope
2,7/17/2022,Bowling Green,KY,strike; picket,strike_out_of_scope
2,7/17/2022,Jessup,MD,strike; picket,strike_out_of_scope
2,7/17/2022,Lawrenceville,NJ,strike; picket,strike_out_of_scope
2,7/17/2022,New York,NY,strike; picket,strike_out_of_scope
2,7/17/2022,Portland,OR,strike; picket,strike_out_of_scope
2,7/17/2022,Pawtucket,RI,strike; picket,strike_out_of_scope
2,7/17/2022,Marion,VA,strike; picket,strike_out_of_scope
2,7/17/2022,Seattle,WA,strike; picket,strike_out_of_scope
2,7/17/2022,Eau Claire,WI,strike; picket,strike_out_of_scope
2,7/17/2022,Sturtevant,WI,strike; picket,strike_out_of_scope
2,7/18/2022,Brookwood,AL,strike; picket,strike_out_of_scope
2,7/18/2022,North Hollywood,CA,strike,strike_out_of_scope
2,7/18/2022,Oakland,CA,strike; picket,strike_out_of_scope
2,7/18/2022,Redwood City,CA,strike; picket,strike_out_of_scope
2,7/18/2022,San Diego,CA,strike; picket,strike_out_of_scope
2,7/18/2022,Burlington,IA,strike; picket,strike_out_of_scope
2,7/18/2022,Melrose Park,IL,strike; picket,strike_out_of_scope
2,7/18/2022,Springfield,IL,strike; picket,strike_out_of_scope
2,7/18/2022,New Albany,IN,strike; picket,strike_out_of_scope
2,7/18/2022,Holcomb,KS,strike; picket,strike_out_of_scope
2,7/18/2022,Bowling Green,KY,strike; picket,strike_out_of_scope
2,7/18/2022,Boston,MA,strike; picket,strike_out_of_scope
2,7/18/2022,Brookline,MA,strike; picket,strike_out_of_scope
2,7/18/2022,Jessup,MD,strike; picket,strike_out_of_scope
2,7/18/2022,Lawrenceville,NJ,strike; picket,strike_out_of_scope
2,7/18/2022,New York,NY,strike; picket,strike_out_of_scope
2,7/18/2022,Portland,OR,strike; picket,strike_out_of_scope
2,7/18/2022,Pawtucket,RI,strike; picket,strike_out_of_scope
2,7/18/2022,Marion,VA,strike; picket,strike_out_of_scope
2,7/18/2022,Eau Claire,WI,strike; picket,strike_out_of_scope
2,7/18/2022,Sturtevant,WI,strike; picket,strike_out_of_scope
2,7/19/2022,Brookwood,AL,strike; picket,strike_out_of_scope
2,7/19/2022,North Hollywood,CA,strike,strike_out_of_scope
2,7/19/2022,Oakland,CA,strike; picket,strike_out_of_scope
2,7/19/2022,Redwood City,CA,strike; picket,strike_out_of_scope
2,7/19/2022,San Diego,CA,strike; picket,strike_out_of_scope
2,7/19/2022,Burlington,IA,strike; picket,strike_out_of_scope
2,7/19/2022,Melrose Park,IL,strike; picket,strike_out_of_scope
2,7/19/2022,Springfield,IL,strike; picket,strike_out_of_scope
2,7/19/2022,New Albany,IN,strike; picket,strike_out_of_scope
2,7/19/2022,Holcomb,KS,strike; picket,strike_out_of_scope
2,7/19/2022,Bowling Green,KY,strike; picket,strike_out_of_scope
2,7/19/2022,Brookline,MA,strike; picket; rally,strike_out_of_scope
2,7/19/2022,Jessup,MD,strike; picket,strike_out_of_scope
2,7/19/2022,Clinton Township,MI,strike; picket,strike_out_of_scope
2,7/19/2022,Lawrenceville,NJ,strike; picket,strike_out_of_scope
2,7/19/2022,New York,NY,strike; picket,strike_out_of_scope
2,7/19/2022,Portland,OR,strike; picket,strike_out_of_scope
2,7/19/2022,Pawtucket,RI,strike; picket,strike_out_of_scope
2,7/19/2022,Marion,VA,strike; picket,strike_out_of_scope
2,7/19/2022,Eau Claire,WI,strike; picket,strike_out_of_scope
2,7/19/2022,Sturtevant,WI,strike; picket,strike_out_of_scope
2,7/20/2022,Brookwood,AL,strike; picket,strike_out_of_scope
2,7/20/2022,North Hollywood,CA,strike,strike_out_of_scope
2,7/20/2022,Oakland,CA,strike; picket,strike_out_of_scope
2,7/20/2022,Redwood City,CA,strike; picket,strike_out_of_scope
2,7/20/2022,San Diego,CA,strike; picket,strike_out_of_scope
2,7/20/2022,San Diego,CA,strike; picket,strike_out_of_scope
2,7/20/2022,Burlington,IA,strike; picket,strike_out_of_scope
2,7/20/2022,Melrose Park,IL,strike; picket,strike_out_of_scope
2,7/20/2022,Springfield,IL,strike; picket,strike_out_of_scope
2,7/20/2022,New Albany,IN,strike; picket,strike_out_of_scope
2,7/20/2022,Holcomb,KS,strike; picket,strike_out_of_scope
2,7/20/2022,Bowling Green,KY,strike; picket,strike_out_of_scope
2,7/20/2022,Brookline,MA,strike; picket,strike_out_of_scope
2,7/20/2022,Jessup,MD,strike; picket,strike_out_of_scope
2,7/20/2022,Lawrenceville,NJ,strike; picket,strike_out_of_scope
2,7/20/2022,New York,NY,strike; picket,strike_out_of_scope
2,7/20/2022,New York,NY,strike; picket,strike_out_of_scope
2,7/20/2022,Portland,OR,strike; picket,strike_out_of_scope
2,7/20/2022,Central Falls,RI,strike; picket,strike_out_of_scope
2,7/20/2022,Pawtucket,RI,strike; picket,strike_out_of_scope
2,7/20/2022,Marion,VA,strike; picket,strike_out_of_scope
2,7/20/2022,Eau Claire,WI,strike; picket,strike_out_of_scope
2,7/20/2022,Sturtevant,WI,strike; picket,strike_out_of_scope
2,7/21/2022,Brookwood,AL,strike; picket,strike_out_of_scope
2,7/21/2022,Irvine,CA,walkout; rally,walkout_labor_precutoff
2,7/21/2022,North Hollywood,CA,strike,strike_out_of_scope
2,7/21/2022,Oakland,CA,strike; picket,strike_out_of_scope
2,7/21/2022,Redwood City,CA,strike; picket,strike_out_of_scope
2,7/21/2022,San Diego,CA,strike; picket,strike_out_of_scope
2,7/21/2022,Burlington,IA,strike; picket,strike_out_of_scope
2,7/21/2022,Melrose Park,IL,strike; picket,strike_out_of_scope
2,7/21/2022,Springfield,IL,strike; picket,strike_out_of_scope
2,7/21/2022,New Albany,IN,strike; picket,strike_out_of_scope
2,7/21/2022,Holcomb,KS,strike; picket,strike_out_of_scope
2,7/21/2022,Bowling Green,KY,strike; picket,strike_out_of_scope
2,7/21/2022,Brookline,MA,strike; picket,strike_out_of_scope
2,7/21/2022,Jessup,MD,strike; picket,strike_out_of_scope
2,7/21/2022,Eden Prairie,MN,walkout; rally,walkout_labor_precutoff
2,7/21/2022,Lawrenceville,NJ,strike; picket,strike_out_of_scope
2,7/21/2022,Colonie,NY,walkout; rally,walkout_labor_precutoff
2,7/21/2022,New York,NY,strike; picket,strike_out_of_scope
2,7/21/2022,Portland,OR,strike; picket,strike_out_of_scope
2,7/21/2022,Central Falls,RI,strike; picket,strike_out_of_scope
2,7/21/2022,Pawtucket,RI,strike; picket,strike_out_of_scope
2,7/21/2022,Austin,TX,walkout; rally,walkout_labor_precutoff
2,7/21/2022,Marion,VA,strike; picket,strike_out_of_scope
2,7/21/2022,Eau Claire,WI,strike; picket,strike_out_of_scope
2,7/21/2022,Sturtevant,WI,strike; picket,strike_out_of_scope
2,7/22/2022,Brookwood,AL,strike; picket,strike_out_of_scope
2,7/22/2022,North Hollywood,CA,strike; picket,strike_out_of_scope
2,7/22/2022,Oakland,CA,strike; picket,strike_out_of_scope
2,7/22/2022,Redwood City,CA,strike; picket,strike_out_of_scope
2,7/22/2022,San Diego,CA,strike; picket,strike_out_of_scope
2,7/22/2022,Burlington,IA,strike; picket,strike_out_of_scope
2,7/22/2022,Melrose Park,IL,strike; picket,strike_out_of_scope
2,7/22/2022,Springfield,IL,strike; picket,strike_out_of_scope
2,7/22/2022,New Albany,IN,strike; picket,strike_out_of_scope
2,7/22/2022,Holcomb,KS,strike; picket,strike_out_of_scope
2,7/22/2022,Bowling Green,KY,strike; picket,strike_out_of_scope
2,7/22/2022,Brookline,MA,strike; picket,strike_out_of_scope
2,7/22/2022,Jessup,MD,strike; picket,strike_out_of_scope
2,7/22/2022,Lawrenceville,NJ,strike; picket,strike_out_of_scope
2,7/22/2022,New York,NY,strike; picket,strike_out_of_scope
2,7/22/2022,Portland,OR,strike; picket,strike_out_of_scope
2,7/22/2022,Central Falls,RI,strike; picket,strike_out_of_scope
2,7/22/2022,Pawtucket,RI,strike; picket,strike_out_of_scope
2,7/22/2022,Marion,VA,strike; picket,strike_out_of_scope
2,7/22/2022,Eau Claire,WI,strike; picket,strike_out_of_scope
2,7/22/2022,Sturtevant,WI,strike; picket,strike_out_of_scope
2,7/23/2022,Brookwood,AL,strike; picket,strike_out_of_scope
2,7/23/2022,North Hollywood,CA,strike; picket,strike_out_of_scope
2,7/23/2022,Redwood City,CA,strike; picket,strike_out_of_scope
2,7/23/2022,San Diego,CA,strike; picket,strike_out_of_scope
2,7/23/2022,Burlington,IA,strike; picket,strike_out_of_scope
2,7/23/2022,Melrose Park,IL,strike; picket,strike_out_of_scope
2,7/23/2022,Springfield,IL,strike; picket,strike_out_of_scope
2,7/23/2022,New Albany,IN,strike; picket,strike_out_of_scope
2,7/23/2022,Holcomb,KS,strike; picket,strike_out_of_scope
2,7/23/2022,Bowling Green,KY,strike; picket,strike_out_of_scope
2,7/23/2022,Brookline,MA,strike; picket,strike_out_of_scope
2,7/23/2022,Jessup,MD,strike; picket,strike_out_of_scope
2,7/23/2022,Lawrenceville,NJ,strike; picket,strike_out_of_scope
2,7/23/2022,New York,NY,strike; picket,strike_out_of_scope
2,7/23/2022,Portland,OR,strike; picket,strike_out_of_scope
2,7/23/2022,Pawtucket,RI,strike; picket,strike_out_of_scope
2,7/23/2022,Marion,VA,strike; picket,strike_out_of_scope
2,7/23/2022,Eau Claire,WI,strike; picket,strike_out_of_scope
2,7/23/2022,Sturtevant,WI,strike; picket,strike_out_of_scope
2,7/24/2022,Brookwood,AL,strike; picket,strike_out_of_scope
2,7/24/2022,North Hollywood,CA,strike,strike_out_of_scope
2,7/24/2022,Redwood City,CA,strike; picket,strike_out_of_scope
2,7/24/2022,San Diego,CA,strike; picket,strike_out_of_scope
2,7/24/2022,Burlington,IA,strike; picket,strike_out_of_scope
2,7/24/2022,Melrose Park,IL,strike; picket,strike_out_of_scope
2,7/24/2022,Springfield,IL,strike; picket,strike_out_of_scope
2,7/24/2022,New Albany,IN,strike; picket,strike_out_of_scope
2,7/24/2022,Holcomb,KS,strike; picket,strike_out_of_scope
2,7/24/2022,Bowling Green,KY,strike; picket,strike_out_of_scope
2,7/24/2022,Brookline,MA,strike; picket; rally,strike_out_of_scope
2,7/24/2022,Jessup,MD,strike; picket,strike_out_of_scope
2,7/24/2022,Lawrenceville,NJ,strike; picket,strike_out_of_scope
2,7/24/2022,New York,NY,strike; picket,strike_out_of_scope
2,7/24/2022,Portland,OR,strike; picket,strike_out_of_scope
2,7/24/2022,Pawtucket,RI,strike; picket,strike_out_of_scope
2,7/24/2022,Marion,VA,strike; picket,strike_out_of_scope
2,7/24/2022,Eau Claire,WI,strike; picket,strike_out_of_scope
2,7/24/2022,Sturtevant,WI,strike; picket,strike_out_of_scope
2,7/25/2022,Brookwood,AL,strike; picket,strike_out_of_scope
2,7/25/2022,North Hollywood,CA,strike,strike_out_of_scope
2,7/25/2022,Redwood City,CA,strike; picket,strike_out_of_scope
2,7/25/2022,San Diego,CA,strike; picket,strike_out_of_scope
2,7/25/2022,Burlington,IA,strike; picket,strike_out_of_scope
2,7/25/2022,Melrose Park,IL,strike; picket,strike_out_of_scope
2,7/25/2022,Springfield,IL,strike; picket,strike_out_of_scope
2,7/25/2022,New Albany,IN,strike; picket,strike_out_of_scope
2,7/25/2022,Holcomb,KS,strike; picket,strike_out_of_scope
2,7/25/2022,Bowling Green,KY,strike; picket,strike_out_of_scope
2,7/25/2022,Brookline,MA,strike; picket,strike_out_of_scope
2,7/25/2022,Jessup,MD,strike; picket,strike_out_of_scope
2,7/25/2022,Lawrenceville,NJ,strike; picket,strike_out_of_scope
2,7/25/2022,New York,NY,strike; picket,strike_out_of_scope
2,7/25/2022,Portland,OR,strike; picket,strike_out_of_scope
2,7/25/2022,Pawtucket,RI,strike; picket,strike_out_of_scope
2,7/25/2022,Marion,VA,strike; picket,strike_out_of_scope
2,7/25/2022,Eau Claire,WI,strike; picket,strike_out_of_scope
2,7/25/2022,Sturtevant,WI,strike; picket,strike_out_of_scope
2,7/26/2022,Brookwood,AL,strike; picket,strike_out_of_scope
2,7/26/2022,North Hollywood,CA,strike,strike_out_of_scope
2,7/26/2022,Redwood City,CA,strike; picket,strike_out_of_scope
2,7/26/2022,San Diego,CA,strike; picket,strike_out_of_scope
2,7/26/2022,Burlington,IA,strike; picket,strike_out_of_scope
2,7/26/2022,Melrose Park,IL,strike; picket,strike_out_of_scope
2,7/26/2022,Springfield,IL,strike; picket,strike_out_of_scope
2,7/26/2022,New Albany,IN,strike; picket,strike_out_of_scope
2,7/26/2022,Holcomb,KS,strike; picket,strike_out_of_scope
2,7/26/2022,Bowling Green,KY,strike; picket,strike_out_of_scope
2,7/26/2022,Brookline,MA,strike; picket,strike_out_of_scope
2,7/26/2022,Jessup,MD,strike; picket,strike_out_of_scope
2,7/26/2022,Lawrenceville,NJ,strike; picket,strike_out_of_scope
2,7/26/2022,New York,NY,strike; picket,strike_out_of_scope
2,7/26/2022,Pawtucket,RI,strike; picket,strike_out_of_scope
2,7/26/2022,Marion,VA,strike; picket,strike_out_of_scope
2,7/26/2022,Eau Claire,WI,strike; picket,strike_out_of_scope
2,7/26/2022,Sturtevant,WI,strike; picket,strike_out_of_scope
2,7/27/2022,Brookwood,AL,strike; picket,strike_out_of_scope
2,7/27/2022,North Hollywood,CA,strike,strike_out_of_scope
2,7/27/2022,Redwood City,CA,strike; picket,strike_out_of_scope
2,7/27/2022,San Diego,CA,strike; picket,strike_out_of_scope
2,7/27/2022,San Francisco,CA,strike; picket,strike_out_of_scope
2,7/27/2022,Burlington,IA,strike; picket,strike_out_of_scope
2,7/27/2022,Melrose Park,IL,strike; picket,strike_out_of_scope
2,7/27/2022,New Albany,IN,strike; picket,strike_out_of_scope
2,7/27/2022,Holcomb,KS,strike; picket,strike_out_of_scope
2,7/27/2022,Bowling Green,KY,strike; picket,strike_out_of_scope
2,7/27/2022,Brookline,MA,strike; picket,strike_out_of_scope
2,7/27/2022,Jessup,MD,strike; picket,strike_out_of_scope
2,7/27/2022,Lawrenceville,NJ,strike; picket,strike_out_of_scope
2,7/27/2022,New York,NY,strike; picket,strike_out_of_scope
2,7/27/2022,Pawtucket,RI,strike; picket,strike_out_of_scope
2,7/27/2022,Marion,VA,strike; picket,strike_out_of_scope
2,7/27/2022,Eau Claire,WI,strike; picket,strike_out_of_scope
2,7/27/2022,Sturtevant,WI,strike; picket,strike_out_of_scope
2,7/28/2022,Brookwood,AL,strike; picket,strike_out_of_scope
2,7/28/2022,North Hollywood,CA,strike,strike_out_of_scope
2,7/28/2022,Redwood City,CA,strike; picket,strike_out_of_scope
2,7/28/2022,San Diego,CA,strike; picket,strike_out_of_scope
2,7/28/2022,Burlington,IA,strike; picket,strike_out_of_scope
2,7/28/2022,Melrose Park,IL,strike; picket,strike_out_of_scope
2,7/28/2022,New Albany,IN,strike; picket,strike_out_of_scope
2,7/28/2022,Holcomb,KS,strike; picket,strike_out_of_scope
2,7/28/2022,Overland Park,KS,strike; picket,strike_out_of_scope
2,7/28/2022,Bowling Green,KY,strike; picket,strike_out_of_scope
2,7/28/2022,Brookline,MA,strike; picket,strike_out_of_scope
2,7/28/2022,Jessup,MD,strike; picket,strike_out_of_scope
2,7/28/2022,Lawrenceville,NJ,strike; picket,strike_out_of_scope
2,7/28/2022,New York,NY,strike; picket,strike_out_of_scope
2,7/28/2022,Pawtucket,RI,strike; picket,strike_out_of_scope
2,7/28/2022,Marion,VA,strike; picket,strike_out_of_scope
2,7/28/2022,Eau Claire,WI,strike; picket,strike_out_of_scope
2,7/28/2022,Sturtevant,WI,strike; picket,strike_out_of_scope
2,7/29/2022,Brookwood,AL,strike; picket,strike_out_of_scope
2,7/29/2022,North Hollywood,CA,strike; picket,strike_out_of_scope
2,7/29/2022,Redwood City,CA,strike; picket,strike_out_of_scope
2,7/29/2022,San Diego,CA,strike; picket,strike_out_of_scope
2,7/29/2022,Burlington,IA,strike; picket,strike_out_of_scope
2,7/29/2022,Melrose Park,IL,strike; picket,strike_out_of_scope
2,7/29/2022,New Albany,IN,strike; picket,strike_out_of_scope
2,7/29/2022,Holcomb,KS,strike; picket,strike_out_of_scope
2,7/29/2022,Brookline,MA,strike; picket,strike_out_of_scope
2,7/29/2022,Jessup,MD,strike; picket,strike_out_of_scope
2,7/29/2022,Lawrenceville,NJ,strike; picket,strike_out_of_scope
2,7/29/2022,Cheektowaga,NY,strike; picket,strike_out_of_scope
2,7/29/2022,New York,NY,strike; picket,strike_out_of_scope
2,7/29/2022,Pawtucket,RI,strike; picket,strike_out_of_scope
2,7/29/2022,Marion,VA,strike; picket,strike_out_of_scope
2,7/29/2022,Eau Claire,WI,strike; picket,strike_out_of_scope
2,7/29/2022,Sturtevant,WI,strike; picket,strike_out_of_scope
2,7/30/2022,Brookwood,AL,strike; picket,strike_out_of_scope
2,7/30/2022,North Hollywood,CA,strike; picket,strike_out_of_scope
2,7/30/2022,San Diego,CA,strike; picket,strike_out_of_scope
2,7/30/2022,Burlington,IA,strike; picket,strike_out_of_scope
2,7/30/2022,Melrose Park,IL,strike; picket,strike_out_of_scope
2,7/30/2022,New Albany,IN,strike; picket,strike_out_of_scope
2,7/30/2022,Holcomb,KS,strike; picket,strike_out_of_scope
2,7/30/2022,Brookline,MA,strike; picket,strike_out_of_scope
2,7/30/2022,Jessup,MD,strike; picket,strike_out_of_scope
2,7/30/2022,Lawrenceville,NJ,strike; picket,strike_out_of_scope
2,7/30/2022,Cheektowaga,NY,strike; picket,strike_out_of_scope
2,7/30/2022,New York,NY,strike; picket,strike_out_of_scope
2,7/30/2022,Pawtucket,RI,strike; picket,strike_out_of_scope
2,7/30/2022,Marion,VA,strike; picket,strike_out_of_scope
2,7/30/2022,Eau Claire,WI,strike; picket,strike_out_of_scope
2,7/30/2022,Sturtevant,WI,strike; picket,strike_out_of_scope
2,7/31/2022,Brookwood,AL,strike; picket,strike_out_of_scope
2,7/31/2022,North Hollywood,CA,strike,strike_out_of_scope
2,7/31/2022,San Diego,CA,strike; picket,strike_out_of_scope
2,7/31/2022,Burlington,IA,strike; picket,strike_out_of_scope
2,7/31/2022,Melrose Park,IL,strike; picket,strike_out_of_scope
2,7/31/2022,Holcomb,KS,strike; picket,strike_out_of_scope
2,7/31/2022,Brookline,MA,strike; picket,strike_out_of_scope
2,7/31/2022,Jessup,MD,strike; picket,strike_out_of_scope
2,7/31/2022,Minneapolis,MN,strike; picket,strike_out_of_scope
2,7/31/2022,Lawrenceville,NJ,strike; picket,strike_out_of_scope
2,7/31/2022,Cheektowaga,NY,strike; picket,strike_out_of_scope
2,7/31/2022,New York,NY,strike; picket,strike_out_of_scope
2,7/31/2022,Pawtucket,RI,strike; picket,strike_out_of_scope
2,7/31/2022,Marion,VA,strike; picket,strike_out_of_scope
2,7/31/2022,Eau Claire,WI,strike; picket,strike_out_of_scope
2,7/31/2022,Sturtevant,WI,strike; picket,strike_out_of_scope
2,8/1/2022,Brookwood,AL,strike; picket,strike_out_of_scope
2,8/1/2022,North Hollywood,CA,strike,strike_out_of_scope
2,8/1/2022,Salinas,CA,hunger strike,strike_out_of_scope
2,8/1/2022,San Diego,CA,strike; picket,strike_out_of_scope
2,8/1/2022,Washington,DC,strike; picket,strike_out_of_scope
2,8/1/2022,Jacksonville,FL,strike; picket,strike_out_of_scope
2,8/1/2022,Burlington,IA,strike; picket,strike_out_of_scope
2,8/1/2022,Cedar Rapids,IA,strike; picket,strike_out_of_scope
2,8/1/2022,Melrose Park,IL,strike; picket,strike_out_of_scope
2,8/1/2022,Holcomb,KS,strike; picket,strike_out_of_scope
2,8/1/2022,Boston,MA,strike; picket,strike_out_of_scope
2,8/1/2022,Brookline,MA,strike; picket,strike_out_of_scope
2,8/1/2022,Brookline,MA,strike; picket; rally,strike_out_of_scope
2,8/1/2022,Watertown,MA,strike; picket,strike_out_of_scope
2,8/1/2022,Worcester,MA,strike; picket,strike_out_of_scope
2,8/1/2022,Jessup,MD,strike; picket,strike_out_of_scope
2,8/1/2022,Landover,MD,strike; picket,strike_out_of_scope
2,8/1/2022,Minneapolis,MN,strike; picket,strike_out_of_scope
2,8/1/2022,Lawrenceville,NJ,strike; picket,strike_out_of_scope
2,8/1/2022,New York,NY,strike; picket,strike_out_of_scope
2,8/1/2022,Pittsburgh,PA,strike; picket,strike_out_of_scope
2,8/1/2022,Pawtucket,RI,strike; picket,strike_out_of_scope
2,8/1/2022,Marion,VA,strike; picket,strike_out_of_scope
2,8/1/2022,Eau Claire,WI,strike; picket,strike_out_of_scope
2,8/1/2022,Sturtevant,WI,strike; picket,strike_out_of_scope
2,8/2/2022,Brookwood,AL,strike; picket,strike_out_of_scope
2,8/2/2022,North Hollywood,CA,strike,strike_out_of_scope
2,8/2/2022,Salinas,CA,hunger strike,strike_out_of_scope
2,8/2/2022,San Diego,CA,strike; picket,strike_out_of_scope
2,8/2/2022,Washington,DC,strike; picket,strike_out_of_scope
2,8/2/2022,Burlington,IA,strike; picket,strike_out_of_scope
2,8/2/2022,Cedar Rapids,IA,strike; picket,strike_out_of_scope
2,8/2/2022,Melrose Park,IL,strike; picket,strike_out_of_scope
2,8/2/2022,Holcomb,KS,strike; picket,strike_out_of_scope
2,8/2/2022,Brookline,MA,strike; picket,strike_out_of_scope
2,8/2/2022,Worcester,MA,strike; picket,strike_out_of_scope
2,8/2/2022,Jessup,MD,strike; picket,strike_out_of_scope
2,8/2/2022,Landover,MD,strike; picket,strike_out_of_scope
2,8/2/2022,Lawrenceville,NJ,strike; picket,strike_out_of_scope
2,8/2/2022,New York,NY,strike; picket,strike_out_of_scope
2,8/2/2022,Pawtucket,RI,strike; picket,strike_out_of_scope
2,8/2/2022,Marion,VA,strike; picket,strike_out_of_scope
2,8/2/2022,Eau Claire,WI,strike; picket,strike_out_of_scope
2,8/2/2022,Sturtevant,WI,strike; picket,strike_out_of_scope
2,8/3/2022,Brookwood,AL,strike; picket,strike_out_of_scope
2,8/3/2022,North Hollywood,CA,strike,strike_out_of_scope
2,8/3/2022,Salinas,CA,hunger strike,strike_out_of_scope
2,8/3/2022,San Diego,CA,strike; picket,strike_out_of_scope
2,8/3/2022,Burlington,IA,strike; picket,strike_out_of_scope
2,8/3/2022,Cedar Rapids,IA,strike; picket,strike_out_of_scope
2,8/3/2022,Melrose Park,IL,strike; picket,strike_out_of_scope
2,8/3/2022,Holcomb,KS,strike; picket,strike_out_of_scope
2,8/3/2022,Brookline,MA,strike; picket,strike_out_of_scope
2,8/3/2022,Worcester,MA,strike; picket,strike_out_of_scope
2,8/3/2022,Jessup,MD,strike; picket,strike_out_of_scope
2,8/3/2022,Landover,MD,strike; picket,strike_out_of_scope
2,8/3/2022,Lawrenceville,NJ,strike; picket,strike_out_of_scope
2,8/3/2022,New York,NY,strike; picket,strike_out_of_scope
2,8/3/2022,Pawtucket,RI,strike; picket,strike_out_of_scope
2,8/3/2022,Marion,VA,strike; picket,strike_out_of_scope
2,8/3/2022,Eau Claire,WI,strike; picket,strike_out_of_scope
2,8/3/2022,Sturtevant,WI,strike; picket,strike_out_of_scope
2,8/4/2022,Brookwood,AL,strike; picket,strike_out_of_scope
2,8/4/2022,North Hollywood,CA,strike,strike_out_of_scope
2,8/4/2022,Salinas,CA,hunger strike,strike_out_of_scope
2,8/4/2022,San Diego,CA,strike; picket,strike_out_of_scope
2,8/4/2022,Washington,DC,strike,strike_out_of_scope
2,8/4/2022,Burlington,IA,strike; picket,strike_out_of_scope
2,8/4/2022,Cedar Rapids,IA,strike; picket,strike_out_of_scope
2,8/4/2022,Melrose Park,IL,strike; picket,strike_out_of_scope
2,8/4/2022,Holcomb,KS,strike; picket,strike_out_of_scope
2,8/4/2022,Brookline,MA,strike; picket,strike_out_of_scope
2,8/4/2022,Worcester,MA,strike; picket,strike_out_of_scope
2,8/4/2022,Jessup,MD,strike; picket,strike_out_of_scope
2,8/4/2022,Landover,MD,strike; picket,strike_out_of_scope
2,8/4/2022,Lawrenceville,NJ,strike; picket,strike_out_of_scope
2,8/4/2022,New York,NY,strike; picket,strike_out_of_scope
2,8/4/2022,Pawtucket,RI,strike; picket,strike_out_of_scope
2,8/4/2022,Marion,VA,strike; picket,strike_out_of_scope
2,8/4/2022,Eau Claire,WI,strike; picket,strike_out_of_scope
2,8/4/2022,Sturtevant,WI,strike; picket,strike_out_of_scope
2,8/5/2022,Brookwood,AL,strike; picket,strike_out_of_scope
2,8/5/2022,North Hollywood,CA,strike; picket,strike_out_of_scope
2,8/5/2022,Salinas,CA,hunger strike,strike_out_of_scope
2,8/5/2022,San Diego,CA,strike; picket,strike_out_of_scope
2,8/5/2022,Burlington,IA,strike; picket,strike_out_of_scope
2,8/5/2022,Cedar Rapids,IA,strike; picket; rally,strike_out_of_scope
2,8/5/2022,Melrose Park,IL,strike; picket,strike_out_of_scope
2,8/5/2022,Holcomb,KS,strike; picket,strike_out_of_scope
2,8/5/2022,Brookline,MA,strike; picket,strike_out_of_scope
2,8/5/2022,Worcester,MA,strike; picket,strike_out_of_scope
2,8/5/2022,Jessup,MD,strike; picket,strike_out_of_scope
2,8/5/2022,Landover,MD,strike; picket,strike_out_of_scope
2,8/5/2022,Lawrenceville,NJ,strike; picket,strike_out_of_scope
2,8/5/2022,New York,NY,strike; picket,strike_out_of_scope
2,8/5/2022,Tonawanda,NY,walkout; strike,strike_out_of_scope
2,8/5/2022,Pawtucket,RI,strike; picket,strike_out_of_scope
2,8/5/2022,Marion,VA,strike; picket,strike_out_of_scope
2,8/5/2022,Eau Claire,WI,strike; picket,strike_out_of_scope
2,8/5/2022,Sturtevant,WI,strike; picket,strike_out_of_scope
2,8/6/2022,Brookwood,AL,strike; picket,strike_out_of_scope
2,8/6/2022,North Hollywood,CA,strike; picket,strike_out_of_scope
2,8/6/2022,Salinas,CA,hunger strike,strike_out_of_scope
2,8/6/2022,San Diego,CA,strike; picket,strike_out_of_scope
2,8/6/2022,Burlington,IA,strike; picket,strike_out_of_scope
2,8/6/2022,Cedar Rapids,IA,strike; picket,strike_out_of_scope
2,8/6/2022,Melrose Park,IL,strike; picket,strike_out_of_scope
2,8/6/2022,Holcomb,KS,strike; picket,strike_out_of_scope
2,8/6/2022,Brookline,MA,strike; picket,strike_out_of_scope
2,8/6/2022,Worcester,MA,strike; picket,strike_out_of_scope
2,8/6/2022,Jessup,MD,strike; picket,strike_out_of_scope
2,8/6/2022,Landover,MD,strike; picket,strike_out_of_scope
2,8/6/2022,Lawrenceville,NJ,strike; picket,strike_out_of_scope
2,8/6/2022,New York,NY,strike; picket,strike_out_of_scope
2,8/6/2022,Tonawanda,NY,strike,strike_out_of_scope
2,8/6/2022,Pawtucket,RI,strike; picket,strike_out_of_scope
2,8/6/2022,Marion,VA,strike; picket,strike_out_of_scope
2,8/6/2022,Eau Claire,WI,strike; picket,strike_out_of_scope
2,8/6/2022,Sturtevant,WI,strike; picket,strike_out_of_scope
2,8/7/2022,Brookwood,AL,strike; picket,strike_out_of_scope
2,8/7/2022,North Hollywood,CA,strike; picket,strike_out_of_scope
2,8/7/2022,Salinas,CA,hunger strike,strike_out_of_scope
2,8/7/2022,San Diego,CA,strike; picket,strike_out_of_scope
2,8/7/2022,Burlington,IA,strike; picket,strike_out_of_scope
2,8/7/2022,Cedar Rapids,IA,strike; picket,strike_out_of_scope
2,8/7/2022,Melrose Park,IL,strike; picket,strike_out_of_scope
2,8/7/2022,Holcomb,KS,strike; picket,strike_out_of_scope
2,8/7/2022,Brookline,MA,strike; picket,strike_out_of_scope
2,8/7/2022,Worcester,MA,strike; picket,strike_out_of_scope
2,8/7/2022,Jessup,MD,strike; picket,strike_out_of_scope
2,8/7/2022,Landover,MD,strike; picket,strike_out_of_scope
2,8/7/2022,Lawrenceville,NJ,strike; picket,strike_out_of_scope
2,8/7/2022,New York,NY,strike; picket,strike_out_of_scope
2,8/7/2022,Tonawanda,NY,strike; picket,strike_out_of_scope
2,8/7/2022,Pawtucket,RI,strike; picket,strike_out_of_scope
2,8/7/2022,Marion,VA,strike; picket,strike_out_of_scope
2,8/7/2022,Eau Claire,WI,strike; picket,strike_out_of_scope
2,8/7/2022,Sturtevant,WI,strike; picket,strike_out_of_scope
2,8/8/2022,Brookwood,AL,strike; picket,strike_out_of_scope
2,8/8/2022,North Hollywood,CA,strike,strike_out_of_scope
2,8/8/2022,Salinas,CA,hunger strike,strike_out_of_scope
2,8/8/2022,San Diego,CA,strike; picket,strike_out_of_scope
2,8/8/2022,Burlington,IA,strike; picket,strike_out_of_scope
2,8/8/2022,Cedar Rapids,IA,strike; picket,strike_out_of_scope
2,8/8/2022,Melrose Park,IL,strike; picket,strike_out_of_scope
2,8/8/2022,Holcomb,KS,strike; picket,strike_out_of_scope
2,8/8/2022,London,KY,strike; picket,strike_out_of_scope
2,8/8/2022,Bogalusa,LA,strike; picket,strike_out_of_scope
2,8/8/2022,Brookline,MA,strike; picket,strike_out_of_scope
2,8/8/2022,Jessup,MD,strike; picket,strike_out_of_scope
2,8/8/2022,Landover,MD,strike; picket,strike_out_of_scope
2,8/8/2022,Hattiesburg,MS,strike; picket,strike_out_of_scope
2,8/8/2022,Natchez,MS,strike; picket,strike_out_of_scope
2,8/8/2022,Lawrenceville,NJ,strike; picket,strike_out_of_scope
2,8/8/2022,New York,NY,strike; picket,strike_out_of_scope
2,8/8/2022,Tonawanda,NY,strike; picket,strike_out_of_scope
2,8/8/2022,Eugene,OR,strike; picket,strike_out_of_scope
2,8/8/2022,Portland,OR,strike; picket,strike_out_of_scope
2,8/8/2022,Pawtucket,RI,strike; picket,strike_out_of_scope
2,8/8/2022,Chester,VA,strike; picket,strike_out_of_scope
2,8/8/2022,Marion,VA,strike; picket,strike_out_of_scope
2,8/8/2022,Eau Claire,WI,strike; picket,strike_out_of_scope
2,8/8/2022,Sturtevant,WI,strike; picket,strike_out_of_scope
2,8/9/2022,Brookwood,AL,strike; picket,strike_out_of_scope
2,8/9/2022,North Hollywood,CA,strike,strike_out_of_scope
2,8/9/2022,Salinas,CA,hunger strike,strike_out_of_scope
2,8/9/2022,San Diego,CA,strike; picket,strike_out_of_scope
2,8/9/2022,Burlington,IA,strike; picket,strike_out_of_scope
2,8/9/2022,Cedar Rapids,IA,strike; picket,strike_out_of_scope
2,8/9/2022,Melrose Park,IL,strike; picket,strike_out_of_scope
2,8/9/2022,Holcomb,KS,strike; picket,strike_out_of_scope
2,8/9/2022,Brookline,MA,strike; picket,strike_out_of_scope
2,8/9/2022,Jessup,MD,strike; picket,strike_out_of_scope
2,8/9/2022,Landover,MD,strike; picket,strike_out_of_scope
2,8/9/2022,Lawrenceville,NJ,strike; picket,strike_out_of_scope
2,8/9/2022,New York,NY,strike; picket,strike_out_of_scope
2,8/9/2022,Tonawanda,NY,strike; picket,strike_out_of_scope
2,8/9/2022,Eugene,OR,strike; picket,strike_out_of_scope
2,8/9/2022,Portland,OR,strike; picket,strike_out_of_scope
2,8/9/2022,Pawtucket,RI,strike; picket,strike_out_of_scope
2,8/9/2022,Marion,VA,strike; picket,strike_out_of_scope
2,8/9/2022,Eau Claire,WI,strike; picket,strike_out_of_scope
2,8/9/2022,Sturtevant,WI,strike; picket,strike_out_of_scope
2,8/10/2022,Brookwood,AL,strike; picket,strike_out_of_scope
2,8/10/2022,North Hollywood,CA,strike,strike_out_of_scope
2,8/10/2022,Salinas,CA,hunger strike,strike_out_of_scope
2,8/10/2022,San Diego,CA,strike; picket,strike_out_of_scope
2,8/10/2022,Burlington,IA,strike; picket,strike_out_of_scope
2,8/10/2022,Cedar Rapids,IA,strike; picket,strike_out_of_scope
2,8/10/2022,Melrose Park,IL,strike; picket,strike_out_of_scope
2,8/10/2022,Holcomb,KS,strike; picket,strike_out_of_scope
2,8/10/2022,Brookline,MA,strike; picket,strike_out_of_scope
2,8/10/2022,Baltimore,MD,strike; picket,strike_out_of_scope
2,8/10/2022,Jessup,MD,strike; picket,strike_out_of_scope
2,8/10/2022,Landover,MD,strike; picket,strike_out_of_scope
2,8/10/2022,Lawrenceville,NJ,strike; picket,strike_out_of_scope
2,8/10/2022,New York,NY,strike; picket,strike_out_of_scope
2,8/10/2022,Tonawanda,NY,strike; picket,strike_out_of_scope
2,8/10/2022,Eugene,OR,strike; picket,strike_out_of_scope
2,8/10/2022,Eugene,OR,strike; picket,strike_out_of_scope
2,8/10/2022,Portland,OR,strike; picket,strike_out_of_scope
2,8/10/2022,Pawtucket,RI,strike; picket,strike_out_of_scope
2,8/10/2022,Marion,VA,strike; picket,strike_out_of_scope
2,8/10/2022,Eau Claire,WI,strike; picket,strike_out_of_scope
2,8/10/2022,Sturtevant,WI,strike; picket,strike_out_of_scope
2,8/11/2022,Brookwood,AL,strike; picket,strike_out_of_scope
2,8/11/2022,Phoenix,AZ,walkout,walkout_labor_precutoff
2,8/11/2022,North Hollywood,CA,strike; picket,strike_out_of_scope
2,8/11/2022,Salinas,CA,hunger strike,strike_out_of_scope
2,8/11/2022,San Diego,CA,strike; picket,strike_out_of_scope
2,8/11/2022,Burlington,IA,strike; picket,strike_out_of_scope
2,8/11/2022,Cedar Rapids,IA,strike; picket,strike_out_of_scope
2,8/11/2022,Melrose Park,IL,strike; picket,strike_out_of_scope
2,8/11/2022,Bloomington,IN,strike; picket,strike_out_of_scope
2,8/11/2022,Holcomb,KS,strike; picket,strike_out_of_scope
2,8/11/2022,Brookline,MA,strike; picket,strike_out_of_scope
2,8/11/2022,Baltimore,MD,strike; picket,strike_out_of_scope
2,8/11/2022,Jessup,MD,strike; picket,strike_out_of_scope
2,8/11/2022,Lawrenceville,NJ,strike; picket,strike_out_of_scope
2,8/11/2022,New York,NY,strike; picket,strike_out_of_scope
2,8/11/2022,Tonawanda,NY,strike; picket,strike_out_of_scope
2,8/11/2022,Eugene,OR,strike; picket,strike_out_of_scope
2,8/11/2022,Pawtucket,RI,strike; picket,strike_out_of_scope
2,8/11/2022,Marion,VA,strike; picket,strike_out_of_scope
2,8/11/2022,Eau Claire,WI,strike; picket,strike_out_of_scope
2,8/11/2022,Sturtevant,WI,strike; picket,strike_out_of_scope
2,8/12/2022,Brookwood,AL,strike; picket,strike_out_of_scope
2,8/12/2022,North Hollywood,CA,strike,strike_out_of_scope
2,8/12/2022,Salinas,CA,hunger strike,strike_out_of_scope
2,8/12/2022,San Diego,CA,strike; picket,strike_out_of_scope
2,8/12/2022,Burlington,IA,strike; picket,strike_out_of_scope
2,8/12/2022,Cedar Rapids,IA,strike; picket,strike_out_of_scope
2,8/12/2022,Melrose Park,IL,strike; picket,strike_out_of_scope
2,8/12/2022,Holcomb,KS,strike; picket,strike_out_of_scope
2,8/12/2022,Brookline,MA,strike; picket,strike_out_of_scope
2,8/12/2022,Jessup,MD,strike; picket,strike_out_of_scope
2,8/12/2022,Lawrenceville,NJ,strike; picket,strike_out_of_scope
2,8/12/2022,New York,NY,strike; picket,strike_out_of_scope
2,8/12/2022,Tonawanda,NY,strike; picket,strike_out_of_scope
2,8/12/2022,Eugene,OR,strike; picket,strike_out_of_scope
2,8/12/2022,Pawtucket,RI,strike; picket,strike_out_of_scope
2,8/12/2022,Marion,VA,strike; picket,strike_out_of_scope
2,8/12/2022,Eau Claire,WI,strike; picket,strike_out_of_scope
2,8/12/2022,Sturtevant,WI,strike; picket,strike_out_of_scope
2,8/13/2022,Brookwood,AL,strike; picket,strike_out_of_scope
2,8/13/2022,North Hollywood,CA,strike; picket,strike_out_of_scope
2,8/13/2022,Salinas,CA,hunger strike,strike_out_of_scope
2,8/13/2022,San Diego,CA,strike; picket,strike_out_of_scope
2,8/13/2022,Santa Cruz,CA,strike; picket; rally,strike_out_of_scope
2,8/13/2022,Burlington,IA,strike; picket,strike_out_of_scope
2,8/13/2022,Cedar Rapids,IA,strike; picket,strike_out_of_scope
2,8/13/2022,Melrose Park,IL,strike; picket,strike_out_of_scope
2,8/13/2022,Holcomb,KS,strike; picket,strike_out_of_scope
2,8/13/2022,Brookline,MA,strike; picket,strike_out_of_scope
2,8/13/2022,Jessup,MD,strike; picket,strike_out_of_scope
2,8/13/2022,Lawrenceville,NJ,strike; picket,strike_out_of_scope
2,8/13/2022,New York,NY,strike; picket,strike_out_of_scope
2,8/13/2022,Tonawanda,NY,strike; picket,strike_out_of_scope
2,8/13/2022,Eugene,OR,strike; picket,strike_out_of_scope
2,8/13/2022,Pawtucket,RI,strike; picket,strike_out_of_scope
2,8/13/2022,Marion,VA,strike; picket,strike_out_of_scope
2,8/13/2022,Eau Claire,WI,strike; picket,strike_out_of_scope
2,8/13/2022,Sturtevant,WI,strike; picket,strike_out_of_scope
2,8/14/2022,Brookwood,AL,strike; picket,strike_out_of_scope
2,8/14/2022,North Hollywood,CA,strike,strike_out_of_scope
2,8/14/2022,Salinas,CA,hunger strike,strike_out_of_scope
2,8/14/2022,San Diego,CA,strike; picket,strike_out_of_scope
2,8/14/2022,Santa Cruz,CA,strike; picket,strike_out_of_scope
2,8/14/2022,Burlington,IA,strike; picket,strike_out_of_scope
2,8/14/2022,Cedar Rapids,IA,strike; picket,strike_out_of_scope
2,8/14/2022,Melrose Park,IL,strike; picket,strike_out_of_scope
2,8/14/2022,Holcomb,KS,strike; picket,strike_out_of_scope
2,8/14/2022,Brookline,MA,strike; picket,strike_out_of_scope
2,8/14/2022,Jessup,MD,strike; picket,strike_out_of_scope
2,8/14/2022,Lawrenceville,NJ,strike; picket,strike_out_of_scope
2,8/14/2022,New York,NY,strike; picket,strike_out_of_scope
2,8/14/2022,Tonawanda,NY,strike; picket,strike_out_of_scope
2,8/14/2022,Eugene,OR,strike; picket,strike_out_of_scope
2,8/14/2022,Pawtucket,RI,strike; picket,strike_out_of_scope
2,8/14/2022,Marion,VA,strike; picket,strike_out_of_scope
2,8/14/2022,Eau Claire,WI,strike; picket,strike_out_of_scope
2,8/14/2022,Sturtevant,WI,strike; picket,strike_out_of_scope
2,8/15/2022,Brookwood,AL,strike; picket,strike_out_of_scope
2,8/15/2022,Fresno,CA,strike; picket,strike_out_of_scope
2,8/15/2022,North Hollywood,CA,strike,strike_out_of_scope
2,8/15/2022,Sacramento,CA,strike; picket,strike_out_of_scope
2,8/15/2022,San Diego,CA,strike; picket,strike_out_of_scope
2,8/15/2022,San Francisco,CA,strike; picket,strike_out_of_scope
2,8/15/2022,San Jose,CA,strike; picket,strike_out_of_scope
2,8/15/2022,Santa Cruz,CA,strike; picket,strike_out_of_scope
2,8/15/2022,Burlington,IA,strike; picket,strike_out_of_scope
2,8/15/2022,Cedar Rapids,IA,strike; picket,strike_out_of_scope
2,8/15/2022,Melrose Park,IL,strike; picket,strike_out_of_scope
2,8/15/2022,Holcomb,KS,strike; picket,strike_out_of_scope
2,8/15/2022,Brookline,MA,strike; picket,strike_out_of_scope
2,8/15/2022,Jessup,MD,strike; picket,strike_out_of_scope
2,8/15/2022,Lawrenceville,NJ,strike; picket,strike_out_of_scope
2,8/15/2022,New York,NY,strike; picket,strike_out_of_scope
2,8/15/2022,Eugene,OR,strike; picket,strike_out_of_scope
2,8/15/2022,Pawtucket,RI,strike; picket,strike_out_of_scope
2,8/15/2022,Marion,VA,strike; picket,strike_out_of_scope
2,8/15/2022,Eau Claire,WI,strike; picket,strike_out_of_scope
2,8/15/2022,Sturtevant,WI,strike; picket,strike_out_of_scope
2,8/16/2022,Brookwood,AL,strike; picket,strike_out_of_scope
2,8/16/2022,Fresno,CA,strike; picket,strike_out_of_scope
2,8/16/2022,Fresno,CA,strike; picket,strike_out_of_scope
2,8/16/2022,Modesto,CA,strike; picket,strike_out_of_scope
2,8/16/2022,North Hollywood,CA,strike,strike_out_of_scope
2,8/16/2022,Oakland,CA,strike; picket,strike_out_of_scope
2,8/16/2022,Sacramento,CA,strike; picket,strike_out_of_scope
2,8/16/2022,San Diego,CA,strike; picket,strike_out_of_scope
2,8/16/2022,Santa Clara,CA,strike; picket,strike_out_of_scope
2,8/16/2022,Santa Rosa,CA,strike; picket,strike_out_of_scope
2,8/16/2022,Burlington,IA,strike; picket,strike_out_of_scope
2,8/16/2022,Cedar Rapids,IA,strike; picket,strike_out_of_scope
2,8/16/2022,Centreville,IL,strike; picket,strike_out_of_scope
2,8/16/2022,Melrose Park,IL,strike; picket,strike_out_of_scope
2,8/16/2022,Holcomb,KS,strike; picket,strike_out_of_scope
2,8/16/2022,Brookline,MA,strike; picket,strike_out_of_scope
2,8/16/2022,Jessup,MD,strike; picket,strike_out_of_scope
2,8/16/2022,Lawrenceville,NJ,strike; picket,strike_out_of_scope
2,8/16/2022,New York,NY,strike; picket,strike_out_of_scope
2,8/16/2022,Eugene,OR,strike,strike_out_of_scope
2,8/16/2022,Eugene,OR,strike; picket,strike_out_of_scope
2,8/16/2022,Eugene,OR,strike,strike_out_of_scope
2,8/16/2022,Eugene,OR,strike,strike_out_of_scope
2,8/16/2022,Eugene,OR,strike,strike_out_of_scope
2,8/16/2022,Eugene,OR,strike,strike_out_of_scope
2,8/16/2022,Eugene,OR,strike,strike_out_of_scope
2,8/16/2022,Pawtucket,RI,strike; picket,strike_out_of_scope
2,8/16/2022,Marion,VA,strike; picket,strike_out_of_scope
2,8/16/2022,Eau Claire,WI,strike; picket,strike_out_of_scope
2,8/16/2022,Sturtevant,WI,strike; picket,strike_out_of_scope
2,8/17/2022,Brookwood,AL,strike; picket,strike_out_of_scope
2,8/17/2022,Fresno,CA,strike; picket,strike_out_of_scope
2,8/17/2022,Fresno,CA,strike; picket,strike_out_of_scope
2,8/17/2022,North Hollywood,CA,strike,strike_out_of_scope
2,8/17/2022,Richmond,CA,strike; picket,strike_out_of_scope
2,8/17/2022,Roseville,CA,strike; picket,strike_out_of_scope
2,8/17/2022,San Diego,CA,strike; picket,strike_out_of_scope
2,8/17/2022,San Leandro,CA,strike; picket,strike_out_of_scope
2,8/17/2022,San Rafael,CA,strike; picket,strike_out_of_scope
2,8/17/2022,Santa Clara,CA,strike; picket,strike_out_of_scope
2,8/17/2022,South San Francisco,CA,strike; picket,strike_out_of_scope
2,8/17/2022,Stockton,CA,strike; picket,strike_out_of_scope
2,8/17/2022,Vallejo,CA,strike; picket,strike_out_of_scope
2,8/17/2022,Walnut Creek,CA,strike; picket,strike_out_of_scope
2,8/17/2022,Burlington,IA,strike; picket,strike_out_of_scope
2,8/17/2022,Cedar Rapids,IA,strike; picket,strike_out_of_scope
2,8/17/2022,Centreville,IL,strike; picket,strike_out_of_scope
2,8/17/2022,Melrose Park,IL,strike; picket,strike_out_of_scope
2,8/17/2022,Holcomb,KS,strike; picket,strike_out_of_scope
2,8/17/2022,Brookline,MA,strike; picket,strike_out_of_scope
2,8/17/2022,Jessup,MD,strike; picket,strike_out_of_scope
2,8/17/2022,Lawrenceville,NJ,strike; picket,strike_out_of_scope
2,8/17/2022,New York,NY,strike; picket,strike_out_of_scope
2,8/17/2022,Eugene,OR,strike; picket; rally,strike_out_of_scope
2,8/17/2022,Pawtucket,RI,strike; picket,strike_out_of_scope
2,8/17/2022,Marion,VA,strike; picket,strike_out_of_scope
2,8/17/2022,Seattle,WA,strike; picket,strike_out_of_scope
2,8/17/2022,Eau Claire,WI,strike; picket,strike_out_of_scope
2,8/17/2022,Sturtevant,WI,strike; picket,strike_out_of_scope
2,8/18/2022,Brookwood,AL,strike; picket,strike_out_of_scope
2,8/18/2022,Fresno,CA,strike; picket,strike_out_of_scope
2,8/18/2022,Fresno,CA,strike; picket,strike_out_of_scope
2,8/18/2022,North Hollywood,CA,strike,strike_out_of_scope
2,8/18/2022,Redwood City,CA,strike; picket,strike_out_of_scope
2,8/18/2022,San Diego,CA,strike; picket,strike_out_of_scope
2,8/18/2022,San Jose,CA,strike; picket,strike_out_of_scope
2,8/18/2022,San Leandro,CA,strike; picket,strike_out_of_scope
2,8/18/2022,San Rafael,CA,strike; picket,strike_out_of_scope
2,8/18/2022,South Sacramento,CA,strike; picket,strike_out_of_scope
2,8/18/2022,Stockton,CA,strike; picket,strike_out_of_scope
2,8/18/2022,Vacaville,CA,strike; picket,strike_out_of_scope
2,8/18/2022,Walnut Creek,CA,strike; picket,strike_out_of_scope
2,8/18/2022,Burlington,IA,strike; picket,strike_out_of_scope
2,8/18/2022,Cedar Rapids,IA,strike; picket,strike_out_of_scope
2,8/18/2022,Centreville,IL,strike; picket,strike_out_of_scope
2,8/18/2022,Melrose Park,IL,strike; picket,strike_out_of_scope
2,8/18/2022,Holcomb,KS,strike; picket,strike_out_of_scope
2,8/18/2022,Brookline,MA,strike; picket,strike_out_of_scope
2,8/18/2022,Jessup,MD,strike; picket,strike_out_of_scope
2,8/18/2022,Lawrenceville,NJ,strike; picket,strike_out_of_scope
2,8/18/2022,New York,NY,strike; picket,strike_out_of_scope
2,8/18/2022,Pawtucket,RI,strike; picket,strike_out_of_scope
2,8/18/2022,Marion,VA,strike; picket,strike_out_of_scope
2,8/18/2022,Eau Claire,WI,strike; picket,strike_out_of_scope
2,8/18/2022,Sturtevant,WI,strike; picket,strike_out_of_scope
2,8/19/2022,Brookwood,AL,strike; picket,strike_out_of_scope
2,8/19/2022,Fresno,CA,strike; picket,strike_out_of_scope
2,8/19/2022,Fresno,CA,strike; picket,strike_out_of_scope
2,8/19/2022,Menifee,CA,strike; picket,strike_out_of_scope
2,8/19/2022,Modesto,CA,strike; picket,strike_out_of_scope
2,8/19/2022,North Hollywood,CA,strike; picket,strike_out_of_scope
2,8/19/2022,Oakland,CA,strike; picket,strike_out_of_scope
2,8/19/2022,San Diego,CA,strike; picket,strike_out_of_scope
2,8/19/2022,Santa Clara,CA,strike; picket,strike_out_of_scope
2,8/19/2022,Burlington,IA,strike; picket,strike_out_of_scope
2,8/19/2022,Cedar Rapids,IA,strike; picket,strike_out_of_scope
2,8/19/2022,Centreville,IL,strike; picket,strike_out_of_scope
2,8/19/2022,Melrose Park,IL,strike; picket,strike_out_of_scope
2,8/19/2022,Holcomb,KS,strike; picket,strike_out_of_scope
2,8/19/2022,Brookline,MA,strike; picket,strike_out_of_scope
2,8/19/2022,North Adams,MA,strike; picket,strike_out_of_scope
2,8/19/2022,Jessup,MD,strike; picket,strike_out_of_scope
2,8/19/2022,Olney,MD,strike; picket,strike_out_of_scope
2,8/19/2022,Lawrenceville,NJ,strike; picket,strike_out_of_scope
2,8/19/2022,New York,NY,strike; picket,strike_out_of_scope
2,8/19/2022,Pawtucket,RI,strike; picket,strike_out_of_scope
2,8/19/2022,Memphis,TN,strike; picket,strike_out_of_scope
2,8/19/2022,Marion,VA,strike; picket,strike_out_of_scope
2,8/19/2022,Eau Claire,WI,strike; picket,strike_out_of_scope
2,8/19/2022,Sturtevant,WI,strike; picket,strike_out_of_scope
2,8/20/2022,Brookwood,AL,strike; picket,strike_out_of_scope
2,8/20/2022,Fresno,CA,strike; picket,strike_out_of_scope
2,8/20/2022,Menifee,CA,strike; picket,strike_out_of_scope
2,8/20/2022,North Hollywood,CA,strike; picket,strike_out_of_scope
2,8/20/2022,San Diego,CA,strike; picket,strike_out_of_scope
2,8/20/2022,Burlington,IA,strike; picket,strike_out_of_scope
2,8/20/2022,Cedar Rapids,IA,strike; picket,strike_out_of_scope
2,8/20/2022,Centreville,IL,strike; picket,strike_out_of_scope
2,8/20/2022,Melrose Park,IL,strike; picket,strike_out_of_scope
2,8/20/2022,Holcomb,KS,strike; picket,strike_out_of_scope
2,8/20/2022,Brookline,MA,strike; picket,strike_out_of_scope
2,8/20/2022,Jessup,MD,strike; picket,strike_out_of_scope
2,8/20/2022,Olney,MD,strike; picket,strike_out_of_scope
2,8/20/2022,Lawrenceville,NJ,strike; picket,strike_out_of_scope
2,8/20/2022,New York,NY,strike; picket,strike_out_of_scope
2,8/20/2022,Pawtucket,RI,strike; picket,strike_out_of_scope
2,8/20/2022,Memphis,TN,strike; picket,strike_out_of_scope
2,8/20/2022,Marion,VA,strike; picket,strike_out_of_scope
2,8/20/2022,Eau Claire,WI,strike; picket,strike_out_of_scope
2,8/20/2022,Sturtevant,WI,strike; picket,strike_out_of_scope
2,8/21/2022,Brookwood,AL,strike; picket,strike_out_of_scope
2,8/21/2022,Fresno,CA,strike; picket,strike_out_of_scope
2,8/21/2022,Menifee,CA,strike; picket,strike_out_of_scope
2,8/21/2022,North Hollywood,CA,strike,strike_out_of_scope
2,8/21/2022,San Diego,CA,strike; picket,strike_out_of_scope
2,8/21/2022,Burlington,IA,strike; picket,strike_out_of_scope
2,8/21/2022,Cedar Rapids,IA,strike; picket,strike_out_of_scope
2,8/21/2022,Centreville,IL,strike; picket,strike_out_of_scope
2,8/21/2022,Melrose Park,IL,strike; picket,strike_out_of_scope
2,8/21/2022,Holcomb,KS,strike; picket,strike_out_of_scope
2,8/21/2022,Brookline,MA,strike; picket,strike_out_of_scope
2,8/21/2022,Jessup,MD,strike; picket,strike_out_of_scope
2,8/21/2022,Olney,MD,strike; picket,strike_out_of_scope
2,8/21/2022,Lawrenceville,NJ,strike; picket,strike_out_of_scope
2,8/21/2022,New York,NY,strike; picket,strike_out_of_scope
2,8/21/2022,Pawtucket,RI,strike; picket,strike_out_of_scope
2,8/21/2022,Memphis,TN,strike; picket,strike_out_of_scope
2,8/21/2022,Marion,VA,strike; picket,strike_out_of_scope
2,8/21/2022,Eau Claire,WI,strike; picket,strike_out_of_scope
2,8/21/2022,Sturtevant,WI,strike; picket,strike_out_of_scope
2,8/22/2022,Brookwood,AL,strike; picket,strike_out_of_scope
2,8/22/2022,Fresno,CA,strike; picket,strike_out_of_scope
2,8/22/2022,Fresno,CA,strike; picket,strike_out_of_scope
2,8/22/2022,Menifee,CA,strike; picket,strike_out_of_scope
2,8/22/2022,Modesto,CA,strike; picket,strike_out_of_scope
2,8/22/2022,North Hollywood,CA,strike,strike_out_of_scope
2,8/22/2022,Oakland,CA,strike; picket,strike_out_of_scope
2,8/22/2022,Sacramento,CA,strike; picket,strike_out_of_scope
2,8/22/2022,San Diego,CA,strike; picket,strike_out_of_scope
2,8/22/2022,San Francisco,CA,strike; picket,strike_out_of_scope
2,8/22/2022,Santa Clara,CA,strike; picket,strike_out_of_scope
2,8/22/2022,Santa Rosa,CA,strike; picket,strike_out_of_scope
2,8/22/2022,Vallejo,CA,strike; picket,strike_out_of_scope
2,8/22/2022,Walnut Creek,CA,strike; picket,strike_out_of_scope
2,8/22/2022,Washington,DC,strike; picket,strike_out_of_scope
2,8/22/2022,Burlington,IA,strike; picket,strike_out_of_scope
2,8/22/2022,Cedar Rapids,IA,strike; picket,strike_out_of_scope
2,8/22/2022,Centreville,IL,strike; picket,strike_out_of_scope
2,8/22/2022,Melrose Park,IL,strike; picket,strike_out_of_scope
2,8/22/2022,Holcomb,KS,strike; picket,strike_out_of_scope
2,8/22/2022,Brookline,MA,strike; picket,strike_out_of_scope
2,8/22/2022,Jessup,MD,strike; picket,strike_out_of_scope
2,8/22/2022,Lawrenceville,NJ,strike; picket,strike_out_of_scope
2,8/22/2022,New York,NY,strike; picket,strike_out_of_scope
2,8/22/2022,Columbus,OH,strike; picket,strike_out_of_scope
2,8/22/2022,Pawtucket,RI,strike; picket,strike_out_of_scope
2,8/22/2022,Marion,VA,strike; picket,strike_out_of_scope
2,8/22/2022,Eau Claire,WI,strike; picket,strike_out_of_scope
2,8/22/2022,Sturtevant,WI,strike; picket,strike_out_of_scope
2,8/23/2022,Brookwood,AL,strike; picket,strike_out_of_scope
2,8/23/2022,Antioch,CA,strike; picket,strike_out_of_scope
2,8/23/2022,Fresno,CA,strike; picket,strike_out_of_scope
2,8/23/2022,Fresno,CA,strike; picket,strike_out_of_scope
2,8/23/2022,Menifee,CA,strike; picket,strike_out_of_scope
2,8/23/2022,North Hollywood,CA,strike,strike_out_of_scope
2,8/23/2022,Redwood City,CA,strike; picket,strike_out_of_scope
2,8/23/2022,Roseville,CA,strike; picket,strike_out_of_scope
2,8/23/2022,San Diego,CA,strike; picket,strike_out_of_scope
2,8/23/2022,San Jose,CA,strike; picket,strike_out_of_scope
2,8/23/2022,San Leandro,CA,strike; picket,strike_out_of_scope
2,8/23/2022,Stockton,CA,strike; picket,strike_out_of_scope
2,8/23/2022,Vacaville,CA,strike; picket,strike_out_of_scope
2,8/23/2022,Washington,DC,strike; picket,strike_out_of_scope
2,8/23/2022,Burlington,IA,strike; picket,strike_out_of_scope
2,8/23/2022,Cedar Rapids,IA,strike; picket,strike_out_of_scope
2,8/23/2022,Centreville,IL,strike; picket,strike_out_of_scope
2,8/23/2022,Melrose Park,IL,strike; picket,strike_out_of_scope
2,8/23/2022,Holcomb,KS,strike; picket,strike_out_of_scope
2,8/23/2022,Brookline,MA,strike; picket,strike_out_of_scope
2,8/23/2022,Jessup,MD,strike; picket,strike_out_of_scope
2,8/23/2022,Lawrenceville,NJ,strike; picket,strike_out_of_scope
2,8/23/2022,New York,NY,strike; picket,strike_out_of_scope
2,8/23/2022,Columbus,OH,strike; picket,strike_out_of_scope
2,8/23/2022,Pawtucket,RI,strike; picket,strike_out_of_scope
2,8/23/2022,Marion,VA,strike; picket,strike_out_of_scope
2,8/23/2022,Seattle,WA,strike; picket,strike_out_of_scope
2,8/23/2022,Eau Claire,WI,strike; picket,strike_out_of_scope
2,8/23/2022,Sturtevant,WI,strike; picket,strike_out_of_scope
2,8/24/2022,Brookwood,AL,strike; picket,strike_out_of_scope
2,8/24/2022,Fresno,CA,strike; picket,strike_out_of_scope
2,8/24/2022,Fresno,CA,strike; picket,strike_out_of_scope
2,8/24/2022,Menifee,CA,strike; picket,strike_out_of_scope
2,8/24/2022,Modesto,CA,strike; picket,strike_out_of_scope
2,8/24/2022,North Hollywood,CA,strike,strike_out_of_scope
2,8/24/2022,Richmond,CA,strike; picket,strike_out_of_scope
2,8/24/2022,San Diego,CA,strike; picket,strike_out_of_scope
2,8/24/2022,Santa Clara,CA,strike; picket,strike_out_of_scope
2,8/24/2022,South Sacramento,CA,strike; picket,strike_out_of_scope
2,8/24/2022,South San Francisco,CA,strike; picket,strike_out_of_scope
2,8/24/2022,Vallejo,CA,strike; picket,strike_out_of_scope
2,8/24/2022,Walnut Creek,CA,strike; picket,strike_out_of_scope
2,8/24/2022,Washington,DC,strike; picket,strike_out_of_scope
2,8/24/2022,Burlington,IA,strike; picket,strike_out_of_scope
2,8/24/2022,Cedar Rapids,IA,strike; picket,strike_out_of_scope
2,8/24/2022,Centreville,IL,strike; picket,strike_out_of_scope
2,8/24/2022,Melrose Park,IL,strike; picket,strike_out_of_scope
2,8/24/2022,Holcomb,KS,strike; picket,strike_out_of_scope
2,8/24/2022,Brookline,MA,strike; picket,strike_out_of_scope
2,8/24/2022,Jessup,MD,strike; picket,strike_out_of_scope
2,8/24/2022,Fort Lee,NJ,strike; picket,strike_out_of_scope
2,8/24/2022,Lawrenceville,NJ,strike; picket,strike_out_of_scope
2,8/24/2022,Amherst,NY,strike; picket,strike_out_of_scope
2,8/24/2022,New York,NY,strike; picket,strike_out_of_scope
2,8/24/2022,Columbus,OH,strike; picket,strike_out_of_scope
2,8/24/2022,Pawtucket,RI,strike; picket,strike_out_of_scope
2,8/24/2022,Marion,VA,strike; picket,strike_out_of_scope
2,8/24/2022,Eau Claire,WI,strike; picket,strike_out_of_scope
2,8/24/2022,Sturtevant,WI,strike; picket,strike_out_of_scope
2,8/25/2022,Brookwood,AL,strike; picket,strike_out_of_scope
2,8/25/2022,Antioch,CA,strike; picket,strike_out_of_scope
2,8/25/2022,Fresno,CA,strike; picket,strike_out_of_scope
2,8/25/2022,Fresno,CA,strike; picket,strike_out_of_scope
2,8/25/2022,North Hollywood,CA,strike,strike_out_of_scope
2,8/25/2022,Redwood City,CA,strike; picket,strike_out_of_scope
2,8/25/2022,Sacramento,CA,strike; picket,strike_out_of_scope
2,8/25/2022,San Diego,CA,strike; picket,strike_out_of_scope
2,8/25/2022,San Jose,CA,strike; picket,strike_out_of_scope
2,8/25/2022,San Leandro,CA,strike; picket,strike_out_of_scope
2,8/25/2022,San Rafael,CA,strike; picket,strike_out_of_scope
2,8/25/2022,Stockton,CA,strike; picket,strike_out_of_scope
2,8/25/2022,Vacaville,CA,strike; picket,strike_out_of_scope
2,8/25/2022,Washington,DC,strike; picket,strike_out_of_scope
2,8/25/2022,Burlington,IA,strike; picket,strike_out_of_scope
2,8/25/2022,Cedar Rapids,IA,strike; picket,strike_out_of_scope
2,8/25/2022,Centreville,IL,strike; picket,strike_out_of_scope
2,8/25/2022,Melrose Park,IL,strike; picket,strike_out_of_scope
2,8/25/2022,Holcomb,KS,strike; picket,strike_out_of_scope
2,8/25/2022,Brookline,MA,strike; picket,strike_out_of_scope
2,8/25/2022,Jessup,MD,strike; picket,strike_out_of_scope
2,8/25/2022,Lawrenceville,NJ,strike; picket,strike_out_of_scope
2,8/25/2022,Ithaca,NY,walkout; strike; picket,strike_out_of_scope
2,8/25/2022,New York,NY,strike; picket,strike_out_of_scope
2,8/25/2022,Pawtucket,RI,strike; picket,strike_out_of_scope
2,8/25/2022,Marion,VA,strike; picket,strike_out_of_scope
2,8/25/2022,Kent,WA,strike; picket,strike_out_of_scope
2,8/25/2022,Seattle,WA,walkout; strike,strike_out_of_scope
2,8/25/2022,Eau Claire,WI,strike; picket,strike_out_of_scope
2,8/25/2022,Sturtevant,WI,strike; picket,strike_out_of_scope
2,8/26/2022,Brookwood,AL,strike; picket,strike_out_of_scope
2,8/26/2022,Fresno,CA,strike; picket,strike_out_of_scope
2,8/26/2022,Fresno,CA,strike; picket,strike_out_of_scope
2,8/26/2022,Modesto,CA,strike; picket,strike_out_of_scope
2,8/26/2022,North Hollywood,CA,strike; picket,strike_out_of_scope
2,8/26/2022,Oakland,CA,strike; picket,strike_out_of_scope
2,8/26/2022,Roseville,CA,strike; picket,strike_out_of_scope
2,8/26/2022,San Diego,CA,strike; picket,strike_out_of_scope
2,8/26/2022,San Francisco,CA,strike; picket,strike_out_of_scope
2,8/26/2022,Santa Clara,CA,strike; picket,strike_out_of_scope
2,8/26/2022,Santa Rosa,CA,strike; picket,strike_out_of_scope
2,8/26/2022,Vallejo,CA,strike; picket,strike_out_of_scope
2,8/26/2022,Walnut Creek,CA,strike; picket,strike_out_of_scope
2,8/26/2022,Washington,DC,strike; picket,strike_out_of_scope
2,8/26/2022,Burlington,IA,strike; picket,strike_out_of_scope
2,8/26/2022,Cedar Rapids,IA,strike; picket,strike_out_of_scope
2,8/26/2022,Centreville,IL,strike; picket,strike_out_of_scope
2,8/26/2022,Melrose Park,IL,strike; picket,strike_out_of_scope
2,8/26/2022,Holcomb,KS,strike; picket,strike_out_of_scope
2,8/26/2022,Brookline,MA,strike; picket,strike_out_of_scope
2,8/26/2022,Jessup,MD,strike; picket,strike_out_of_scope
2,8/26/2022,Lawrenceville,NJ,strike; picket,strike_out_of_scope
2,8/26/2022,Ithaca,NY,strike; picket,strike_out_of_scope
2,8/26/2022,Ithaca,NY,strike; picket,strike_out_of_scope
2,8/26/2022,New York,NY,strike; picket,strike_out_of_scope
2,8/26/2022,Pawtucket,RI,strike; picket,strike_out_of_scope
2,8/26/2022,Marion,VA,strike; picket,strike_out_of_scope
2,8/26/2022,Kent,WA,strike; picket,strike_out_of_scope
2,8/26/2022,Eau Claire,WI,strike; picket,strike_out_of_scope
2,8/26/2022,Sturtevant,WI,strike; picket,strike_out_of_scope
2,8/27/2022,Brookwood,AL,strike; picket,strike_out_of_scope
2,8/27/2022,Fresno,CA,strike; picket,strike_out_of_scope
2,8/27/2022,North Hollywood,CA,strike,strike_out_of_scope
2,8/27/2022,San Diego,CA,strike; picket,strike_out_of_scope
2,8/27/2022,Burlington,IA,strike; picket,strike_out_of_scope
2,8/27/2022,Cedar Rapids,IA,strike; picket,strike_out_of_scope
2,8/27/2022,Centreville,IL,strike; picket,strike_out_of_scope
2,8/27/2022,Melrose Park,IL,strike; picket,strike_out_of_scope
2,8/27/2022,Holcomb,KS,strike; picket,strike_out_of_scope
2,8/27/2022,Brookline,MA,strike; picket,strike_out_of_scope
2,8/27/2022,Jessup,MD,strike; picket,strike_out_of_scope
2,8/27/2022,Lawrenceville,NJ,strike; picket,strike_out_of_scope
2,8/27/2022,Buffalo,NY,strike; picket,strike_out_of_scope
2,8/27/2022,Ithaca,NY,strike; picket,strike_out_of_scope
2,8/27/2022,Ithaca,NY,strike; picket,strike_out_of_scope
2,8/27/2022,New York,NY,strike; picket,strike_out_of_scope
2,8/27/2022,Pawtucket,RI,strike; picket,strike_out_of_scope
2,8/27/2022,Marion,VA,strike; picket,strike_out_of_scope
2,8/27/2022,Kent,WA,strike,strike_out_of_scope
2,8/27/2022,Eau Claire,WI,strike; picket,strike_out_of_scope
2,8/27/2022,Sturtevant,WI,strike; picket,strike_out_of_scope
2,8/28/2022,Brookwood,AL,strike; picket,strike_out_of_scope
2,8/28/2022,Fresno,CA,strike; picket,strike_out_of_scope
2,8/28/2022,North Hollywood,CA,strike,strike_out_of_scope
2,8/28/2022,San Diego,CA,strike; picket,strike_out_of_scope
2,8/28/2022,Burlington,IA,strike; picket,strike_out_of_scope
2,8/28/2022,Cedar Rapids,IA,strike; picket,strike_out_of_scope
2,8/28/2022,Centreville,IL,strike; picket,strike_out_of_scope
2,8/28/2022,Melrose Park,IL,strike; picket,strike_out_of_scope
2,8/28/2022,Holcomb,KS,strike; picket,strike_out_of_scope
2,8/28/2022,Brookline,MA,strike; picket,strike_out_of_scope
2,8/28/2022,Jessup,MD,strike; picket,strike_out_of_scope
2,8/28/2022,Lawrenceville,NJ,strike; picket,strike_out_of_scope
2,8/28/2022,Ithaca,NY,strike; picket,strike_out_of_scope
2,8/28/2022,Ithaca,NY,strike; picket,strike_out_of_scope
2,8/28/2022,New York,NY,strike; picket,strike_out_of_scope
2,8/28/2022,Pawtucket,RI,strike; picket,strike_out_of_scope
2,8/28/2022,Marion,VA,strike; picket,strike_out_of_scope
2,8/28/2022,Kent,WA,strike,strike_out_of_scope
2,8/28/2022,Eau Claire,WI,strike; picket,strike_out_of_scope
2,8/28/2022,Sturtevant,WI,strike; picket,strike_out_of_scope
2,8/29/2022,Brookwood,AL,strike; picket,strike_out_of_scope
2,8/29/2022,Fresno,CA,strike; picket,strike_out_of_scope
2,8/29/2022,North Hollywood,CA,strike,strike_out_of_scope
2,8/29/2022,San Diego,CA,strike; picket,strike_out_of_scope
2,8/29/2022,Honolulu,HI,strike; picket,strike_out_of_scope
2,8/29/2022,Burlington,IA,strike; picket,strike_out_of_scope
2,8/29/2022,Cedar Rapids,IA,strike; picket,strike_out_of_scope
2,8/29/2022,Centreville,IL,strike; picket,strike_out_of_scope
2,8/29/2022,Melrose Park,IL,strike; picket,strike_out_of_scope
2,8/29/2022,Holcomb,KS,strike; picket,strike_out_of_scope
2,8/29/2022,Brookline,MA,strike; picket,strike_out_of_scope
2,8/29/2022,Jessup,MD,strike; picket,strike_out_of_scope
2,8/29/2022,Lawrenceville,NJ,strike; picket,strike_out_of_scope
2,8/29/2022,Ithaca,NY,strike; picket,strike_out_of_scope
2,8/29/2022,Ithaca,NY,strike; picket,strike_out_of_scope
2,8/29/2022,New York,NY,strike; picket,strike_out_of_scope
2,8/29/2022,Pawtucket,RI,strike; picket,strike_out_of_scope
2,8/29/2022,Marion,VA,strike; picket,strike_out_of_scope
2,8/29/2022,Kent,WA,strike; picket,strike_out_of_scope
2,8/29/2022,Eau Claire,WI,strike; picket,strike_out_of_scope
2,8/29/2022,Sturtevant,WI,strike; picket,strike_out_of_scope
2,8/30/2022,Brookwood,AL,strike; picket,strike_out_of_scope
2,8/30/2022,Fresno,CA,strike; picket,strike_out_of_scope
2,8/30/2022,North Hollywood,CA,strike,strike_out_of_scope
2,8/30/2022,San Diego,CA,strike; picket,strike_out_of_scope
2,8/30/2022,Honolulu,HI,strike; picket,strike_out_of_scope
2,8/30/2022,Burlington,IA,strike; picket,strike_out_of_scope
2,8/30/2022,Cedar Rapids,IA,strike; picket,strike_out_of_scope
2,8/30/2022,Chicago,IL,strike; picket,strike_out_of_scope
2,8/30/2022,Melrose Park,IL,strike; picket,strike_out_of_scope
2,8/30/2022,Holcomb,KS,strike; picket,strike_out_of_scope
2,8/30/2022,Brookline,MA,strike; picket,strike_out_of_scope
2,8/30/2022,Jessup,MD,strike; picket,strike_out_of_scope
2,8/30/2022,Minneapolis,MN,strike; picket,strike_out_of_scope
2,8/30/2022,Lillington,NC,hunger strike,strike_out_of_scope
2,8/30/2022,Lawrenceville,NJ,strike; picket,strike_out_of_scope
2,8/30/2022,Ithaca,NY,strike; picket,strike_out_of_scope
2,8/30/2022,Ithaca,NY,strike; picket,strike_out_of_scope
2,8/30/2022,New York,NY,strike; picket,strike_out_of_scope
2,8/30/2022,Pawtucket,RI,strike; picket,strike_out_of_scope
2,8/30/2022,Winchester,TN,strike,strike_out_of_scope
2,8/30/2022,Marion,VA,strike; picket,strike_out_of_scope
2,8/30/2022,Kent,WA,strike; picket,strike_out_of_scope
2,8/30/2022,Eau Claire,WI,strike; picket,strike_out_of_scope
2,8/30/2022,Sturtevant,WI,strike; picket,strike_out_of_scope
2,8/31/2022,Brookwood,AL,strike; picket,strike_out_of_scope
2,8/31/2022,Fresno,CA,strike; picket,strike_out_of_scope
2,8/31/2022,North Hollywood,CA,strike,strike_out_of_scope
2,8/31/2022,San Diego,CA,strike; picket,strike_out_of_scope
2,8/31/2022,Wailuku,HI,strike; picket,strike_out_of_scope
2,8/31/2022,Burlington,IA,strike; picket,strike_out_of_scope
2,8/31/2022,Cedar Rapids,IA,strike; picket,strike_out_of_scope
2,8/31/2022,Melrose Park,IL,strike; picket,strike_out_of_scope
2,8/31/2022,Holcomb,KS,strike; picket,strike_out_of_scope
2,8/31/2022,Brookline,MA,strike; picket,strike_out_of_scope
2,8/31/2022,Jessup,MD,strike; picket,strike_out_of_scope
2,8/31/2022,Lillington,NC,hunger strike,strike_out_of_scope
2,8/31/2022,Lawrenceville,NJ,strike; picket,strike_out_of_scope
2,8/31/2022,Ithaca,NY,strike; picket,strike_out_of_scope
2,8/31/2022,Ithaca,NY,strike; picket,strike_out_of_scope
2,8/31/2022,New York,NY,strike; picket,strike_out_of_scope
2,8/31/2022,Pawtucket,RI,strike; picket,strike_out_of_scope
2,8/31/2022,Marion,VA,strike; picket,strike_out_of_scope
2,8/31/2022,Kent,WA,strike; picket,strike_out_of_scope
2,8/31/2022,Mercer Island,WA,strike; picket,strike_out_of_scope
2,8/31/2022,Seattle,WA,strike; picket,strike_out_of_scope
2,8/31/2022,Seattle,WA,strike; picket,strike_out_of_scope
2,8/31/2022,Eau Claire,WI,strike; picket,strike_out_of_scope
2,8/31/2022,Sturtevant,WI,strike; picket,strike_out_of_scope
2,9/1/2022,Brookwood,AL,strike; picket,strike_out_of_scope
2,9/1/2022,Fresno,CA,strike; picket,strike_out_of_scope
2,9/1/2022,North Hollywood,CA,strike,strike_out_of_scope
2,9/1/2022,San Diego,CA,strike; picket,strike_out_of_scope
2,9/1/2022,Hilo,HI,strike; picket,strike_out_of_scope
2,9/1/2022,Burlington,IA,strike; picket,strike_out_of_scope
2,9/1/2022,Cedar Rapids,IA,strike; picket,strike_out_of_scope
2,9/1/2022,Melrose Park,IL,strike; picket,strike_out_of_scope
2,9/1/2022,Springfield,IL,strike; picket,strike_out_of_scope
2,9/1/2022,Holcomb,KS,strike; picket,strike_out_of_scope
2,9/1/2022,Brookline,MA,strike; picket,strike_out_of_scope
2,9/1/2022,Jessup,MD,strike; picket,strike_out_of_scope
2,9/1/2022,Kansas City,MO,strike; picket,strike_out_of_scope
2,9/1/2022,Kansas City,MO,walkout,walkout_labor_precutoff
2,9/1/2022,Lillington,NC,hunger strike,strike_out_of_scope
2,9/1/2022,Lawrenceville,NJ,strike; picket,strike_out_of_scope
2,9/1/2022,New York,NY,strike; picket,strike_out_of_scope
2,9/1/2022,Pawtucket,RI,strike; picket,strike_out_of_scope
2,9/1/2022,Marion,VA,strike; picket,strike_out_of_scope
2,9/1/2022,Kent,WA,strike; picket,strike_out_of_scope
2,9/1/2022,Eau Claire,WI,strike; picket,strike_out_of_scope
2,9/1/2022,Sturtevant,WI,strike; picket,strike_out_of_scope
2,9/2/2022,Brookwood,AL,strike; picket,strike_out_of_scope
2,9/2/2022,Fresno,CA,strike; picket,strike_out_of_scope
2,9/2/2022,North Hollywood,CA,strike; picket,strike_out_of_scope
2,9/2/2022,San Diego,CA,strike; picket,strike_out_of_scope
2,9/2/2022,Waipahu,HI,strike; picket,strike_out_of_scope
2,9/2/2022,Burlington,IA,strike; picket,strike_out_of_scope
2,9/2/2022,Cedar Rapids,IA,strike; picket,strike_out_of_scope
2,9/2/2022,Melrose Park,IL,strike; picket,strike_out_of_scope
2,9/2/2022,Holcomb,KS,strike; picket,strike_out_of_scope
2,9/2/2022,Brookline,MA,strike; picket,strike_out_of_scope
2,9/2/2022,Jessup,MD,strike; picket,strike_out_of_scope
2,9/2/2022,Lawrenceville,NJ,strike; picket,strike_out_of_scope
2,9/2/2022,New York,NY,strike; picket,strike_out_of_scope
2,9/2/2022,Camp Hill,PA,strike; rally,strike_out_of_scope
2,9/2/2022,East Stroudsburg,PA,strike; rally,strike_out_of_scope
2,9/2/2022,Easton,PA,strike; rally,strike_out_of_scope
2,9/2/2022,Harmony,PA,strike; rally,strike_out_of_scope
2,9/2/2022,Harrisburg,PA,strike; rally,strike_out_of_scope
2,9/2/2022,Lancaster,PA,strike; rally,strike_out_of_scope
2,9/2/2022,Newcastle,PA,strike; rally,strike_out_of_scope
2,9/2/2022,North Huntingdon,PA,strike; rally,strike_out_of_scope
2,9/2/2022,Pottsville,PA,strike; rally,strike_out_of_scope
2,9/2/2022,Reading,PA,strike; rally,strike_out_of_scope
2,9/2/2022,Shenandoah,PA,strike; rally,strike_out_of_scope
2,9/2/2022,Washington,PA,strike; rally,strike_out_of_scope
2,9/2/2022,Wilkes-Barre,PA,strike; rally,strike_out_of_scope
2,9/2/2022,Wilkes-Barre,PA,strike; rally,strike_out_of_scope
2,9/2/2022,Pawtucket,RI,strike; picket,strike_out_of_scope
2,9/2/2022,Marion,VA,strike; picket,strike_out_of_scope
2,9/2/2022,Kent,WA,strike; picket,strike_out_of_scope
2,9/2/2022,Eau Claire,WI,strike; picket,strike_out_of_scope
2,9/2/2022,Sturtevant,WI,strike; picket,strike_out_of_scope
2,9/3/2022,Brookwood,AL,strike; picket,strike_out_of_scope
2,9/3/2022,Fresno,CA,strike; picket,strike_out_of_scope
2,9/3/2022,North Hollywood,CA,strike,strike_out_of_scope
2,9/3/2022,San Diego,CA,strike; picket,strike_out_of_scope
2,9/3/2022,Burlington,IA,strike; picket,strike_out_of_scope
2,9/3/2022,Cedar Rapids,IA,strike; picket,strike_out_of_scope
2,9/3/2022,Melrose Park,IL,strike; picket,strike_out_of_scope
2,9/3/2022,Holcomb,KS,strike; picket,strike_out_of_scope
2,9/3/2022,Brookline,MA,strike; picket,strike_out_of_scope
2,9/3/2022,Jessup,MD,strike; picket,strike_out_of_scope
2,9/3/2022,Lawrenceville,NJ,strike; picket,strike_out_of_scope
2,9/3/2022,New York,NY,strike; picket,strike_out_of_scope
2,9/3/2022,Camp Hill,PA,strike; rally,strike_out_of_scope
2,9/3/2022,East Stroudsburg,PA,strike; rally,strike_out_of_scope
2,9/3/2022,Easton,PA,strike; rally,strike_out_of_scope
2,9/3/2022,Harmony,PA,strike; rally,strike_out_of_scope
2,9/3/2022,Harrisburg,PA,strike; rally,strike_out_of_scope
2,9/3/2022,Lancaster,PA,strike; rally,strike_out_of_scope
2,9/3/2022,Newcastle,PA,strike; rally,strike_out_of_scope
2,9/3/2022,North Huntingdon,PA,strike; rally,strike_out_of_scope
2,9/3/2022,Pottsville,PA,strike; rally,strike_out_of_scope
2,9/3/2022,Reading,PA,strike; rally,strike_out_of_scope
2,9/3/2022,Shenandoah,PA,strike; rally,strike_out_of_scope
2,9/3/2022,Washington,PA,strike; rally,strike_out_of_scope
2,9/3/2022,Wilkes-Barre,PA,strike; rally,strike_out_of_scope
2,9/3/2022,Wilkes-Barre,PA,strike; rally,strike_out_of_scope
2,9/3/2022,Pawtucket,RI,strike; picket,strike_out_of_scope
2,9/3/2022,Marion,VA,strike; picket,strike_out_of_scope
2,9/3/2022,Kent,WA,strike; picket,strike_out_of_scope
2,9/3/2022,Eau Claire,WI,strike; picket,strike_out_of_scope
2,9/3/2022,Sturtevant,WI,strike; picket,strike_out_of_scope
2,9/4/2022,Brookwood,AL,strike; picket,strike_out_of_scope
2,9/4/2022,Fresno,CA,strike; picket,strike_out_of_scope
2,9/4/2022,North Hollywood,CA,strike,strike_out_of_scope
2,9/4/2022,San Diego,CA,strike; picket,strike_out_of_scope
2,9/4/2022,Burlington,IA,strike; picket,strike_out_of_scope
2,9/4/2022,Cedar Rapids,IA,strike; picket,strike_out_of_scope
2,9/4/2022,Melrose Park,IL,strike; picket,strike_out_of_scope
2,9/4/2022,Holcomb,KS,strike; picket,strike_out_of_scope
2,9/4/2022,Brookline,MA,strike; picket,strike_out_of_scope
2,9/4/2022,Jessup,MD,strike; picket,strike_out_of_scope
2,9/4/2022,Lawrenceville,NJ,strike; picket,strike_out_of_scope
2,9/4/2022,New York,NY,strike; picket,strike_out_of_scope
2,9/4/2022,Camp Hill,PA,strike; rally,strike_out_of_scope
2,9/4/2022,East Stroudsburg,PA,strike; rally,strike_out_of_scope
2,9/4/2022,Easton,PA,strike; rally,strike_out_of_scope
2,9/4/2022,Harmony,PA,strike; rally,strike_out_of_scope
2,9/4/2022,Harrisburg,PA,strike; rally,strike_out_of_scope
2,9/4/2022,Lancaster,PA,strike; rally,strike_out_of_scope
2,9/4/2022,Newcastle,PA,strike; rally,strike_out_of_scope
2,9/4/2022,North Huntingdon,PA,strike; rally,strike_out_of_scope
2,9/4/2022,Pottsville,PA,strike; rally,strike_out_of_scope
2,9/4/2022,Reading,PA,strike; rally,strike_out_of_scope
2,9/4/2022,Shenandoah,PA,strike; rally,strike_out_of_scope
2,9/4/2022,Washington,PA,strike; rally,strike_out_of_scope
2,9/4/2022,Wilkes-Barre,PA,strike; rally,strike_out_of_scope
2,9/4/2022,Wilkes-Barre,PA,strike; rally,strike_out_of_scope
2,9/4/2022,Pawtucket,RI,strike; picket,strike_out_of_scope
2,9/4/2022,Marion,VA,strike; picket,strike_out_of_scope
2,9/4/2022,Kent,WA,strike; picket,strike_out_of_scope
2,9/4/2022,Eau Claire,WI,strike; picket,strike_out_of_scope
2,9/4/2022,Sturtevant,WI,strike; picket,strike_out_of_scope
2,9/5/2022,Brookwood,AL,strike; picket,strike_out_of_scope
2,9/5/2022,Barstow,CA,walkout; strike; picket,strike_out_of_scope
2,9/5/2022,Fresno,CA,strike; picket,strike_out_of_scope
2,9/5/2022,North Hollywood,CA,strike,strike_out_of_scope
2,9/5/2022,San Diego,CA,strike; picket,strike_out_of_scope
2,9/5/2022,Tallahassee,FL,strike; picket,strike_out_of_scope
2,9/5/2022,Tallahassee,FL,strike; picket; rally,strike_out_of_scope
2,9/5/2022,Burlington,IA,strike; picket,strike_out_of_scope
2,9/5/2022,Cedar Rapids,IA,strike; picket,strike_out_of_scope
2,9/5/2022,Melrose Park,IL,strike; picket,strike_out_of_scope
2,9/5/2022,Holcomb,KS,strike; picket,strike_out_of_scope
2,9/5/2022,Brookline,MA,strike; picket,strike_out_of_scope
2,9/5/2022,Jessup,MD,strike; picket,strike_out_of_scope
2,9/5/2022,Durham,NC,strike; picket,strike_out_of_scope
2,9/5/2022,Lawrenceville,NJ,strike; picket,strike_out_of_scope
2,9/5/2022,New York,NY,strike; picket,strike_out_of_scope
2,9/5/2022,Camp Hill,PA,strike; rally,strike_out_of_scope
2,9/5/2022,East Stroudsburg,PA,strike; rally,strike_out_of_scope
2,9/5/2022,Easton,PA,strike; rally,strike_out_of_scope
2,9/5/2022,Harmony,PA,strike; rally,strike_out_of_scope
2,9/5/2022,Harrisburg,PA,strike; rally,strike_out_of_scope
2,9/5/2022,Lancaster,PA,strike; rally,strike_out_of_scope
2,9/5/2022,Newcastle,PA,strike; rally,strike_out_of_scope
2,9/5/2022,North Huntingdon,PA,strike; rally,strike_out_of_scope
2,9/5/2022,Pottsville,PA,strike; rally,strike_out_of_scope
2,9/5/2022,Reading,PA,strike; rally,strike_out_of_scope
2,9/5/2022,Shenandoah,PA,strike; rally,strike_out_of_scope
2,9/5/2022,Washington,PA,strike; rally,strike_out_of_scope
2,9/5/2022,Wilkes-Barre,PA,strike; rally,strike_out_of_scope
2,9/5/2022,Wilkes-Barre,PA,strike; rally,strike_out_of_scope
2,9/5/2022,Pawtucket,RI,strike; picket,strike_out_of_scope
2,9/5/2022,Marion,VA,strike; picket,strike_out_of_scope
2,9/5/2022,Kent,WA,strike; picket,strike_out_of_scope
2,9/5/2022,Eau Claire,WI,strike; picket,strike_out_of_scope
2,9/5/2022,Sturtevant,WI,strike; picket,strike_out_of_scope
2,9/6/2022,Brookwood,AL,strike; picket,strike_out_of_scope
2,9/6/2022,Fresno,CA,strike; picket,strike_out_of_scope
2,9/6/2022,North Hollywood,CA,strike,strike_out_of_scope
2,9/6/2022,San Diego,CA,strike; picket,strike_out_of_scope
2,9/6/2022,Burlington,IA,strike; picket,strike_out_of_scope
2,9/6/2022,Cedar Rapids,IA,strike; picket,strike_out_of_scope
2,9/6/2022,Melrose Park,IL,strike; picket,strike_out_of_scope
2,9/6/2022,Holcomb,KS,strike; picket,strike_out_of_scope
2,9/6/2022,Brookline,MA,strike; picket,strike_out_of_scope
2,9/6/2022,Jessup,MD,strike; picket,strike_out_of_scope
2,9/6/2022,Lawrenceville,NJ,strike; picket,strike_out_of_scope
2,9/6/2022,New York,NY,strike; picket,strike_out_of_scope
2,9/6/2022,Camp Hill,PA,strike; rally,strike_out_of_scope
2,9/6/2022,East Stroudsburg,PA,strike; rally,strike_out_of_scope
2,9/6/2022,Easton,PA,strike; rally,strike_out_of_scope
2,9/6/2022,Harmony,PA,strike; rally,strike_out_of_scope
2,9/6/2022,Harrisburg,PA,strike; rally,strike_out_of_scope
2,9/6/2022,Lancaster,PA,strike; rally,strike_out_of_scope
2,9/6/2022,Newcastle,PA,strike; rally,strike_out_of_scope
2,9/6/2022,North Huntingdon,PA,strike; rally,strike_out_of_scope
2,9/6/2022,Pottsville,PA,strike; rally,strike_out_of_scope
2,9/6/2022,Reading,PA,strike; rally,strike_out_of_scope
2,9/6/2022,Shenandoah,PA,strike; rally,strike_out_of_scope
2,9/6/2022,Washington,PA,strike; rally,strike_out_of_scope
2,9/6/2022,Wilkes-Barre,PA,strike; rally,strike_out_of_scope
2,9/6/2022,Wilkes-Barre,PA,strike; rally,strike_out_of_scope
2,9/6/2022,Pawtucket,RI,strike; picket,strike_out_of_scope
2,9/6/2022,Marion,VA,strike; picket,strike_out_of_scope
2,9/6/2022,Kent,WA,strike; picket,strike_out_of_scope
2,9/6/2022,Seattle,WA,strike; picket,strike_out_of_scope
2,9/6/2022,Eau Claire,WI,strike; picket,strike_out_of_scope
2,9/6/2022,Sturtevant,WI,strike; picket,strike_out_of_scope
2,9/7/2022,Brookwood,AL,strike; picket,strike_out_of_scope
2,9/7/2022,Fresno,CA,strike; picket,strike_out_of_scope
2,9/7/2022,North Hollywood,CA,strike,strike_out_of_scope
2,9/7/2022,San Diego,CA,strike; picket,strike_out_of_scope
2,9/7/2022,Burlington,IA,strike; picket,strike_out_of_scope
2,9/7/2022,Cedar Rapids,IA,strike; picket,strike_out_of_scope
2,9/7/2022,Melrose Park,IL,strike; picket,strike_out_of_scope
2,9/7/2022,Holcomb,KS,strike; picket,strike_out_of_scope
2,9/7/2022,Brookline,MA,strike; picket,strike_out_of_scope
2,9/7/2022,Jessup,MD,strike; picket,strike_out_of_scope
2,9/7/2022,Ypsilanti,MI,strike; picket,strike_out_of_scope
2,9/7/2022,Lawrenceville,NJ,strike; picket,strike_out_of_scope
2,9/7/2022,New York,NY,strike; picket,strike_out_of_scope
2,9/7/2022,Camp Hill,PA,strike; rally,strike_out_of_scope
2,9/7/2022,East Stroudsburg,PA,strike; rally,strike_out_of_scope
2,9/7/2022,Easton,PA,strike; rally,strike_out_of_scope
2,9/7/2022,Harmony,PA,strike; rally,strike_out_of_scope
2,9/7/2022,Harrisburg,PA,strike; rally,strike_out_of_scope
2,9/7/2022,Lancaster,PA,strike; rally,strike_out_of_scope
2,9/7/2022,Newcastle,PA,strike; rally,strike_out_of_scope
2,9/7/2022,North Huntingdon,PA,strike; rally,strike_out_of_scope
2,9/7/2022,Pottsville,PA,strike; rally,strike_out_of_scope
2,9/7/2022,Reading,PA,strike; rally,strike_out_of_scope
2,9/7/2022,Shenandoah,PA,strike; rally,strike_out_of_scope
2,9/7/2022,Washington,PA,strike; rally,strike_out_of_scope
2,9/7/2022,Wilkes-Barre,PA,strike; rally,strike_out_of_scope
2,9/7/2022,Wilkes-Barre,PA,strike; rally,strike_out_of_scope
2,9/7/2022,Pawtucket,RI,strike; picket,strike_out_of_scope
2,9/7/2022,Marion,VA,strike; picket,strike_out_of_scope
2,9/7/2022,Kent,WA,strike; picket,strike_out_of_scope
2,9/7/2022,Seattle,WA,strike; picket,strike_out_of_scope
2,9/7/2022,Eau Claire,WI,strike; picket,strike_out_of_scope
2,9/7/2022,Sturtevant,WI,strike; picket,strike_out_of_scope
2,9/8/2022,Brookwood,AL,strike; picket,strike_out_of_scope
2,9/8/2022,Fresno,CA,strike; picket,strike_out_of_scope
2,9/8/2022,North Hollywood,CA,strike,strike_out_of_scope
2,9/8/2022,San Diego,CA,strike; picket,strike_out_of_scope
2,9/8/2022,Burlington,IA,strike; picket,strike_out_of_scope
2,9/8/2022,Cedar Rapids,IA,strike; picket,strike_out_of_scope
2,9/8/2022,Melrose Park,IL,strike; picket,strike_out_of_scope
2,9/8/2022,Holcomb,KS,strike; picket,strike_out_of_scope
2,9/8/2022,Brookline,MA,strike; picket,strike_out_of_scope
2,9/8/2022,Jessup,MD,strike; picket,strike_out_of_scope
2,9/8/2022,Ypsilanti,MI,strike; picket,strike_out_of_scope
2,9/8/2022,Lawrenceville,NJ,strike; picket,strike_out_of_scope
2,9/8/2022,New York,NY,strike; picket,strike_out_of_scope
2,9/8/2022,Camp Hill,PA,strike; rally,strike_out_of_scope
2,9/8/2022,East Stroudsburg,PA,strike; rally,strike_out_of_scope
2,9/8/2022,Easton,PA,strike; rally,strike_out_of_scope
2,9/8/2022,Harmony,PA,strike; rally,strike_out_of_scope
2,9/8/2022,Harrisburg,PA,strike; rally,strike_out_of_scope
2,9/8/2022,Lancaster,PA,strike; rally,strike_out_of_scope
2,9/8/2022,Newcastle,PA,strike; rally,strike_out_of_scope
2,9/8/2022,North Huntingdon,PA,strike; rally,strike_out_of_scope
2,9/8/2022,Pottsville,PA,strike; rally,strike_out_of_scope
2,9/8/2022,Reading,PA,strike; rally,strike_out_of_scope
2,9/8/2022,Shenandoah,PA,strike; rally,strike_out_of_scope
2,9/8/2022,Washington,PA,strike; rally,strike_out_of_scope
2,9/8/2022,Wilkes-Barre,PA,strike; rally,strike_out_of_scope
2,9/8/2022,Wilkes-Barre,PA,strike; rally,strike_out_of_scope
2,9/8/2022,Pawtucket,RI,strike; picket,strike_out_of_scope
2,9/8/2022,Marion,VA,strike; picket,strike_out_of_scope
2,9/8/2022,Seattle,WA,strike; picket,strike_out_of_scope
2,9/8/2022,Eau Claire,WI,strike; picket,strike_out_of_scope
2,9/8/2022,Sturtevant,WI,strike; picket,strike_out_of_scope
2,9/9/2022,Brookwood,AL,strike; picket,strike_out_of_scope
2,9/9/2022,Fresno,CA,strike; picket,strike_out_of_scope
2,9/9/2022,North Hollywood,CA,strike,strike_out_of_scope
2,9/9/2022,San Diego,CA,strike; picket,strike_out_of_scope
2,9/9/2022,Burlington,IA,strike; picket,strike_out_of_scope
2,9/9/2022,Cedar Rapids,IA,strike; picket,strike_out_of_scope
2,9/9/2022,Melrose Park,IL,strike; picket,strike_out_of_scope
2,9/9/2022,Holcomb,KS,strike; picket,strike_out_of_scope
2,9/9/2022,Brookline,MA,strike; picket,strike_out_of_scope
2,9/9/2022,Jessup,MD,strike; picket,strike_out_of_scope
2,9/9/2022,Ypsilanti,MI,strike; picket,strike_out_of_scope
2,9/9/2022,Lawrenceville,NJ,strike; picket,strike_out_of_scope
2,9/9/2022,New York,NY,strike; picket,strike_out_of_scope
2,9/9/2022,Camp Hill,PA,strike; rally,strike_out_of_scope
2,9/9/2022,East Stroudsburg,PA,strike; rally,strike_out_of_scope
2,9/9/2022,Easton,PA,strike; rally,strike_out_of_scope
2,9/9/2022,Harrisburg,PA,strike; rally,strike_out_of_scope
2,9/9/2022,Lancaster,PA,strike; rally,strike_out_of_scope
2,9/9/2022,Pottsville,PA,strike; rally,strike_out_of_scope
2,9/9/2022,Reading,PA,strike; rally,strike_out_of_scope
2,9/9/2022,Shenandoah,PA,strike; rally,strike_out_of_scope
2,9/9/2022,Wilkes-Barre,PA,strike; rally,strike_out_of_scope
2,9/9/2022,Wilkes-Barre,PA,strike; rally,strike_out_of_scope
2,9/9/2022,Pawtucket,RI,strike; picket,strike_out_of_scope
2,9/9/2022,Marion,VA,strike; picket,strike_out_of_scope
2,9/9/2022,Ridgefield,WA,strike; picket,strike_out_of_scope
2,9/9/2022,Seattle,WA,strike; picket,strike_out_of_scope
2,9/9/2022,Eau Claire,WI,strike; picket,strike_out_of_scope
2,9/9/2022,Sturtevant,WI,strike; picket,strike_out_of_scope
2,9/10/2022,Brookwood,AL,strike; picket,strike_out_of_scope
2,9/10/2022,Fresno,CA,strike; picket,strike_out_of_scope
2,9/10/2022,North Hollywood,CA,strike; picket,strike_out_of_scope
2,9/10/2022,San Diego,CA,strike; picket,strike_out_of_scope
2,9/10/2022,Burlington,IA,strike; picket,strike_out_of_scope
2,9/10/2022,Cedar Rapids,IA,strike; picket,strike_out_of_scope
2,9/10/2022,Melrose Park,IL,strike; picket,strike_out_of_scope
2,9/10/2022,Kokomo,IN,strike; picket,strike_out_of_scope
2,9/10/2022,Holcomb,KS,strike; picket,strike_out_of_scope
2,9/10/2022,Brookline,MA,strike; picket,strike_out_of_scope
2,9/10/2022,Jessup,MD,strike; picket,strike_out_of_scope
2,9/10/2022,Ypsilanti,MI,strike; picket,strike_out_of_scope
2,9/10/2022,Lawrenceville,NJ,strike; picket,strike_out_of_scope
2,9/10/2022,New York,NY,strike; picket,strike_out_of_scope
2,9/10/2022,Shenandoah,PA,strike; rally,strike_out_of_scope
2,9/10/2022,Pawtucket,RI,strike; picket,strike_out_of_scope
2,9/10/2022,Marion,VA,strike; picket,strike_out_of_scope
2,9/10/2022,Ridgefield,WA,strike,strike_out_of_scope
2,9/10/2022,Seattle,WA,strike; picket,strike_out_of_scope
2,9/10/2022,Eau Claire,WI,strike; picket,strike_out_of_scope
2,9/10/2022,Sturtevant,WI,strike; picket,strike_out_of_scope
2,9/11/2022,Brookwood,AL,strike; picket,strike_out_of_scope
2,9/11/2022,Fresno,CA,strike; picket,strike_out_of_scope
2,9/11/2022,North Hollywood,CA,strike,strike_out_of_scope
2,9/11/2022,San Diego,CA,strike; picket,strike_out_of_scope
2,9/11/2022,Burlington,IA,strike; picket,strike_out_of_scope
2,9/11/2022,Cedar Rapids,IA,strike; picket,strike_out_of_scope
2,9/11/2022,Melrose Park,IL,strike; picket,strike_out_of_scope
2,9/11/2022,Kokomo,IN,strike; picket,strike_out_of_scope
2,9/11/2022,Holcomb,KS,strike; picket,strike_out_of_scope
2,9/11/2022,Brookline,MA,strike; picket,strike_out_of_scope
2,9/11/2022,Jessup,MD,strike; picket,strike_out_of_scope
2,9/11/2022,Ypsilanti,MI,strike; picket,strike_out_of_scope
2,9/11/2022,Lawrenceville,NJ,strike; picket,strike_out_of_scope
2,9/11/2022,New York,NY,strike; picket,strike_out_of_scope
2,9/11/2022,Pawtucket,RI,strike; picket,strike_out_of_scope
2,9/11/2022,Ridgefield,WA,strike; picket,strike_out_of_scope
2,9/11/2022,Seattle,WA,strike; picket,strike_out_of_scope
2,9/11/2022,Eau Claire,WI,strike; picket,strike_out_of_scope
2,9/11/2022,Sturtevant,WI,strike; picket,strike_out_of_scope
2,9/12/2022,Brookwood,AL,strike; picket,strike_out_of_scope
2,9/12/2022,Fresno,CA,strike; picket,strike_out_of_scope
2,9/12/2022,North Hollywood,CA,strike,strike_out_of_scope
2,9/12/2022,San Diego,CA,strike; picket; walkout,strike_out_of_scope
2,9/12/2022,Burlington,IA,strike; picket,strike_out_of_scope
2,9/12/2022,Cedar Rapids,IA,strike; picket,strike_out_of_scope
2,9/12/2022,Melrose Park,IL,strike; picket,strike_out_of_scope
2,9/12/2022,Holcomb,KS,strike; picket,strike_out_of_scope
2,9/12/2022,Brookline,MA,strike; picket,strike_out_of_scope
2,9/12/2022,Jessup,MD,strike; picket,strike_out_of_scope
2,9/12/2022,Coon Rapids,MN,strike; picket,strike_out_of_scope
2,9/12/2022,Duluth,MN,strike; picket,strike_out_of_scope
2,9/12/2022,Duluth,MN,strike; picket,strike_out_of_scope
2,9/12/2022,Edina,MN,strike; picket,strike_out_of_scope
2,9/12/2022,Fridley,MN,strike; picket,strike_out_of_scope
2,9/12/2022,Maplewood,MN,strike; picket,strike_out_of_scope
2,9/12/2022,Minneapolis,MN,strike; picket; walkout,strike_out_of_scope
2,9/12/2022,Minneapolis,MN,strike; picket; walkout,strike_out_of_scope
2,9/12/2022,Minneapolis,MN,strike; picket; walkout,strike_out_of_scope
2,9/12/2022,Moose Lake,MN,strike; picket; walkout,strike_out_of_scope
2,9/12/2022,Robbinsdale,MN,strike; picket,strike_out_of_scope
2,9/12/2022,Saint Louis Park,MN,strike; picket; walkout,strike_out_of_scope
2,9/12/2022,Saint Paul,MN,strike; picket; walkout,strike_out_of_scope
2,9/12/2022,Saint Paul,MN,strike; picket; walkout,strike_out_of_scope
2,9/12/2022,Saint Paul,MN,strike; picket; walkout,strike_out_of_scope
2,9/12/2022,Lawrenceville,NJ,strike; picket,strike_out_of_scope
2,9/12/2022,New York,NY,strike; picket,strike_out_of_scope
2,9/12/2022,Pawtucket,RI,strike; picket,strike_out_of_scope
2,9/12/2022,Ridgefield,WA,strike; picket,strike_out_of_scope
2,9/12/2022,Seattle,WA,strike; picket,strike_out_of_scope
2,9/12/2022,Eau Claire,WI,strike; picket,strike_out_of_scope
2,9/12/2022,Sturtevant,WI,strike; picket,strike_out_of_scope
2,9/12/2022,Superior,WI,strike; picket,strike_out_of_scope
2,9/13/2022,Brookwood,AL,strike; picket,strike_out_of_scope
2,9/13/2022,Fresno,CA,strike; picket,strike_out_of_scope
2,9/13/2022,North Hollywood,CA,strike,strike_out_of_scope
2,9/13/2022,San Diego,CA,strike; picket,strike_out_of_scope
2,9/13/2022,Burlington,IA,strike; picket,strike_out_of_scope
2,9/13/2022,Cedar Rapids,IA,strike; picket,strike_out_of_scope
2,9/13/2022,Melrose Park,IL,strike; picket,strike_out_of_scope
2,9/13/2022,Holcomb,KS,strike; picket,strike_out_of_scope
2,9/13/2022,Brookline,MA,strike; picket,strike_out_of_scope
2,9/13/2022,Jessup,MD,strike; picket,strike_out_of_scope
2,9/13/2022,Coon Rapids,MN,strike; picket,strike_out_of_scope
2,9/13/2022,Duluth,MN,strike; picket,strike_out_of_scope
2,9/13/2022,Duluth,MN,strike; picket,strike_out_of_scope
2,9/13/2022,Edina,MN,strike; picket,strike_out_of_scope
2,9/13/2022,Fridley,MN,strike; picket,strike_out_of_scope
2,9/13/2022,Maplewood,MN,strike; picket,strike_out_of_scope
2,9/13/2022,Minneapolis,MN,strike; picket,strike_out_of_scope
2,9/13/2022,Minneapolis,MN,strike; picket,strike_out_of_scope
2,9/13/2022,Minneapolis,MN,strike; picket,strike_out_of_scope
2,9/13/2022,Moose Lake,MN,strike; picket,strike_out_of_scope
2,9/13/2022,Robbinsdale,MN,strike; picket,strike_out_of_scope
2,9/13/2022,Saint Louis Park,MN,strike; picket,strike_out_of_scope
2,9/13/2022,Saint Paul,MN,strike; picket,strike_out_of_scope
2,9/13/2022,Saint Paul,MN,strike; picket,strike_out_of_scope
2,9/13/2022,Saint Paul,MN,strike; picket,strike_out_of_scope
2,9/13/2022,Lawrenceville,NJ,strike; picket,strike_out_of_scope
2,9/13/2022,New York,NY,strike; picket,strike_out_of_scope
2,9/13/2022,Pawtucket,RI,strike; picket,strike_out_of_scope
2,9/13/2022,Longview,WA,strike; picket,strike_out_of_scope
2,9/13/2022,Ridgefield,WA,strike; picket,strike_out_of_scope
2,9/13/2022,Eau Claire,WI,strike; picket,strike_out_of_scope
2,9/13/2022,Sturtevant,WI,strike; picket,strike_out_of_scope
2,9/13/2022,Superior,WI,strike; picket,strike_out_of_scope
2,9/14/2022,Brookwood,AL,strike; picket; rally,strike_out_of_scope
2,9/14/2022,Fresno,CA,strike; picket,strike_out_of_scope
2,9/14/2022,North Hollywood,CA,strike,strike_out_of_scope
2,9/14/2022,San Diego,CA,strike; picket,strike_out_of_scope
2,9/14/2022,Stone Mountain,GA,strike; picket,strike_out_of_scope
2,9/14/2022,Burlington,IA,strike; picket,strike_out_of_scope
2,9/14/2022,Cedar Rapids,IA,strike; picket,strike_out_of_scope
2,9/14/2022,Melrose Park,IL,strike; picket,strike_out_of_scope
2,9/14/2022,Holcomb,KS,strike; picket,strike_out_of_scope
2,9/14/2022,Brookline,MA,strike; picket,strike_out_of_scope
2,9/14/2022,Jessup,MD,strike; picket,strike_out_of_scope
2,9/14/2022,Coon Rapids,MN,strike; picket,strike_out_of_scope
2,9/14/2022,Duluth,MN,strike; picket; rally,strike_out_of_scope
2,9/14/2022,Duluth,MN,strike; picket; rally,strike_out_of_scope
2,9/14/2022,Edina,MN,strike; picket,strike_out_of_scope
2,9/14/2022,Fridley,MN,strike; picket,strike_out_of_scope
2,9/14/2022,Maplewood,MN,strike; picket,strike_out_of_scope
2,9/14/2022,Minneapolis,MN,strike; picket,strike_out_of_scope
2,9/14/2022,Minneapolis,MN,strike; picket,strike_out_of_scope
2,9/14/2022,Minneapolis,MN,strike; picket,strike_out_of_scope
2,9/14/2022,Moose Lake,MN,strike; picket,strike_out_of_scope
2,9/14/2022,Robbinsdale,MN,strike; picket,strike_out_of_scope
2,9/14/2022,Saint Louis Park,MN,strike; picket,strike_out_of_scope
2,9/14/2022,Saint Paul,MN,strike; picket,strike_out_of_scope
2,9/14/2022,Saint Paul,MN,strike; picket,strike_out_of_scope
2,9/14/2022,Saint Paul,MN,strike; picket,strike_out_of_scope
2,9/14/2022,Lawrenceville,NJ,strike; picket,strike_out_of_scope
2,9/14/2022,New York,NY,strike; picket,strike_out_of_scope
2,9/14/2022,Pawtucket,RI,strike; picket,strike_out_of_scope
2,9/14/2022,Florence,SC,strike; picket,strike_out_of_scope
2,9/14/2022,Longview,WA,strike; picket,strike_out_of_scope
2,9/14/2022,Ridgefield,WA,strike; picket,strike_out_of_scope
2,9/14/2022,Eau Claire,WI,strike; picket,strike_out_of_scope
2,9/14/2022,Sturtevant,WI,strike; picket,strike_out_of_scope
2,9/14/2022,Superior,WI,strike; picket,strike_out_of_scope
2,9/15/2022,Brookwood,AL,strike; picket,strike_out_of_scope
2,9/15/2022,Fresno,CA,strike; picket,strike_out_of_scope
2,9/15/2022,North Hollywood,CA,strike,strike_out_of_scope
2,9/15/2022,San Diego,CA,strike; picket,strike_out_of_scope
2,9/15/2022,Burlington,IA,strike; picket,strike_out_of_scope
2,9/15/2022,Cedar Rapids,IA,strike; picket,strike_out_of_scope
2,9/15/2022,Melrose Park,IL,strike; picket,strike_out_of_scope
2,9/15/2022,Holcomb,KS,strike; picket,strike_out_of_scope
2,9/15/2022,Brookline,MA,strike; picket,strike_out_of_scope
2,9/15/2022,Jessup,MD,strike; picket,strike_out_of_scope
2,9/15/2022,Lawrenceville,NJ,strike; picket,strike_out_of_scope
2,9/15/2022,New York,NY,strike; picket,strike_out_of_scope
2,9/15/2022,Pawtucket,RI,strike; picket,strike_out_of_scope
2,9/15/2022,Florence,SC,strike; picket,strike_out_of_scope
2,9/15/2022,Longview,WA,strike; picket,strike_out_of_scope
2,9/15/2022,Ridgefield,WA,strike; picket,strike_out_of_scope
2,9/15/2022,Eau Claire,WI,strike; picket,strike_out_of_scope
2,9/15/2022,Sturtevant,WI,strike; picket,strike_out_of_scope
2,9/16/2022,Brookwood,AL,strike; picket,strike_out_of_scope
2,9/16/2022,Fresno,CA,strike; picket,strike_out_of_scope
2,9/16/2022,North Hollywood,CA,strike; picket,strike_out_of_scope
2,9/16/2022,San Diego,CA,strike; picket,strike_out_of_scope
2,9/16/2022,Burlington,IA,strike; picket,strike_out_of_scope
2,9/16/2022,Cedar Rapids,IA,strike; picket,strike_out_of_scope
2,9/16/2022,Melrose Park,IL,strike; picket,strike_out_of_scope
2,9/16/2022,Holcomb,KS,strike; picket,strike_out_of_scope
2,9/16/2022,Brookline,MA,strike; picket,strike_out_of_scope
2,9/16/2022,Jessup,MD,strike; picket,strike_out_of_scope
2,9/16/2022,Lawrenceville,NJ,strike; picket,strike_out_of_scope
2,9/16/2022,New York,NY,strike; picket,strike_out_of_scope
2,9/16/2022,Philadelphia,PA,strike; picket,strike_out_of_scope
2,9/16/2022,Pawtucket,RI,strike; picket,strike_out_of_scope
2,9/16/2022,Florence,SC,strike; picket,strike_out_of_scope
2,9/16/2022,Longview,WA,strike; picket,strike_out_of_scope
2,9/16/2022,Ridgefield,WA,strike; picket,strike_out_of_scope
2,9/16/2022,Eau Claire,WI,strike; picket,strike_out_of_scope
2,9/16/2022,Sturtevant,WI,strike; picket,strike_out_of_scope
2,9/17/2022,Brookwood,AL,strike; picket,strike_out_of_scope
2,9/17/2022,Fresno,CA,strike; picket,strike_out_of_scope
2,9/17/2022,North Hollywood,CA,strike,strike_out_of_scope
2,9/17/2022,San Diego,CA,strike; picket,strike_out_of_scope
2,9/17/2022,Burlington,IA,strike; picket,strike_out_of_scope
2,9/17/2022,Cedar Rapids,IA,strike; picket,strike_out_of_scope
2,9/17/2022,Melrose Park,IL,strike; picket,strike_out_of_scope
2,9/17/2022,Holcomb,KS,strike; picket,strike_out_of_scope
2,9/17/2022,Brookline,MA,strike; picket,strike_out_of_scope
2,9/17/2022,Jessup,MD,strike; picket,strike_out_of_scope
2,9/17/2022,Lawrenceville,NJ,strike; picket,strike_out_of_scope
2,9/17/2022,New York,NY,strike; picket,strike_out_of_scope
2,9/17/2022,Pawtucket,RI,strike; picket,strike_out_of_scope
2,9/17/2022,Longview,WA,strike; picket,strike_out_of_scope
2,9/17/2022,Ridgefield,WA,strike; picket,strike_out_of_scope
2,9/17/2022,Eau Claire,WI,strike; picket,strike_out_of_scope
2,9/17/2022,Sturtevant,WI,strike; picket,strike_out_of_scope
2,9/18/2022,Brookwood,AL,strike; picket,strike_out_of_scope
2,9/18/2022,Fresno,CA,strike; picket,strike_out_of_scope
2,9/18/2022,North Hollywood,CA,strike,strike_out_of_scope
2,9/18/2022,San Diego,CA,strike; picket,strike_out_of_scope
2,9/18/2022,Burlington,IA,strike; picket,strike_out_of_scope
2,9/18/2022,Cedar Rapids,IA,strike; picket,strike_out_of_scope
2,9/18/2022,Melrose Park,IL,strike; picket,strike_out_of_scope
2,9/18/2022,Holcomb,KS,strike; picket,strike_out_of_scope
2,9/18/2022,Brookline,MA,strike; picket,strike_out_of_scope
2,9/18/2022,Jessup,MD,strike; picket,strike_out_of_scope
2,9/18/2022,Lawrenceville,NJ,strike; picket,strike_out_of_scope
2,9/18/2022,New York,NY,strike; picket,strike_out_of_scope
2,9/18/2022,Pawtucket,RI,strike; picket,strike_out_of_scope
2,9/18/2022,Longview,WA,strike; picket,strike_out_of_scope
2,9/18/2022,Ridgefield,WA,strike; picket,strike_out_of_scope
2,9/18/2022,Eau Claire,WI,strike; picket,strike_out_of_scope
2,9/18/2022,Sturtevant,WI,strike; picket,strike_out_of_scope
2,9/19/2022,Brookwood,AL,strike; picket,strike_out_of_scope
2,9/19/2022,Fresno,CA,strike; picket,strike_out_of_scope
2,9/19/2022,North Hollywood,CA,strike,strike_out_of_scope
2,9/19/2022,San Diego,CA,strike; picket,strike_out_of_scope
2,9/19/2022,Burlington,IA,strike; picket,strike_out_of_scope
2,9/19/2022,Cedar Rapids,IA,strike; picket,strike_out_of_scope
2,9/19/2022,Melrose Park,IL,strike; picket,strike_out_of_scope
2,9/19/2022,Elkhart,IN,strike; picket,strike_out_of_scope
2,9/19/2022,Holcomb,KS,strike; picket,strike_out_of_scope
2,9/19/2022,Brookline,MA,strike; picket,strike_out_of_scope
2,9/19/2022,Jessup,MD,strike; picket,strike_out_of_scope
2,9/19/2022,Lawrenceville,NJ,strike; picket,strike_out_of_scope
2,9/19/2022,New York,NY,strike; picket,strike_out_of_scope
2,9/19/2022,Pawtucket,RI,strike; picket,strike_out_of_scope
2,9/19/2022,Longview,WA,strike; picket,strike_out_of_scope
2,9/19/2022,Eau Claire,WI,strike; picket,strike_out_of_scope
2,9/19/2022,Sturtevant,WI,strike; picket,strike_out_of_scope
2,9/20/2022,Brookwood,AL,strike; picket,strike_out_of_scope
2,9/20/2022,Fresno,CA,strike; picket,strike_out_of_scope
2,9/20/2022,North Hollywood,CA,strike,strike_out_of_scope
2,9/20/2022,San Diego,CA,strike; picket,strike_out_of_scope
2,9/20/2022,Burlington,IA,strike; picket,strike_out_of_scope
2,9/20/2022,Cedar Rapids,IA,strike; picket,strike_out_of_scope
2,9/20/2022,Melrose Park,IL,strike; picket,strike_out_of_scope
2,9/20/2022,Elkhart,IN,strike; picket,strike_out_of_scope
2,9/20/2022,Holcomb,KS,strike; picket,strike_out_of_scope
2,9/20/2022,Brookline,MA,strike; picket,strike_out_of_scope
2,9/20/2022,Jessup,MD,strike; picket,strike_out_of_scope
2,9/20/2022,Lawrenceville,NJ,strike; picket,strike_out_of_scope
2,9/20/2022,New York,NY,strike; picket,strike_out_of_scope
2,9/20/2022,Pawtucket,RI,strike; picket,strike_out_of_scope
2,9/20/2022,Longview,WA,strike; picket,strike_out_of_scope
2,9/20/2022,Eau Claire,WI,strike; picket,strike_out_of_scope
2,9/20/2022,Sturtevant,WI,strike; picket,strike_out_of_scope
2,9/21/2022,Brookwood,AL,strike; picket,strike_out_of_scope
2,9/21/2022,Fresno,CA,strike; picket,strike_out_of_scope
2,9/21/2022,North Hollywood,CA,strike,strike_out_of_scope
2,9/21/2022,San Diego,CA,strike; picket,strike_out_of_scope
2,9/21/2022,Burlington,IA,strike; picket,strike_out_of_scope
2,9/21/2022,Cedar Rapids,IA,strike; picket,strike_out_of_scope
2,9/21/2022,Melrose Park,IL,strike; picket,strike_out_of_scope
2,9/21/2022,Elkhart,IN,strike; picket,strike_out_of_scope
2,9/21/2022,Holcomb,KS,strike; picket,strike_out_of_scope
2,9/21/2022,Brookline,MA,strike; picket,strike_out_of_scope
2,9/21/2022,Jessup,MD,strike; picket,strike_out_of_scope
2,9/21/2022,Raleigh,NC,walkout; strike,strike_out_of_scope
2,9/21/2022,Lawrenceville,NJ,strike; picket,strike_out_of_scope
2,9/21/2022,New York,NY,strike; picket,strike_out_of_scope
2,9/21/2022,Pawtucket,RI,strike; picket,strike_out_of_scope
2,9/21/2022,Longview,WA,strike; picket,strike_out_of_scope
2,9/21/2022,Eau Claire,WI,strike; picket,strike_out_of_scope
2,9/21/2022,Sturtevant,WI,strike; picket,strike_out_of_scope
2,9/22/2022,Brookwood,AL,strike; picket,strike_out_of_scope
2,9/22/2022,Selma,AL,strike,strike_out_of_scope
2,9/22/2022,Fresno,CA,strike; picket,strike_out_of_scope
2,9/22/2022,North Hollywood,CA,strike,strike_out_of_scope
2,9/22/2022,San Diego,CA,strike; picket,strike_out_of_scope
2,9/22/2022,Windham,CT,strike; picket,strike_out_of_scope
2,9/22/2022,Burlington,IA,strike; picket,strike_out_of_scope
2,9/22/2022,Cedar Rapids,IA,strike; picket,strike_out_of_scope
2,9/22/2022,Melrose Park,IL,strike; picket,strike_out_of_scope
2,9/22/2022,Elkhart,IN,strike; picket,strike_out_of_scope
2,9/22/2022,Holcomb,KS,strike; picket,strike_out_of_scope
2,9/22/2022,Jessup,MD,strike; picket,strike_out_of_scope
2,9/22/2022,Lawrenceville,NJ,strike; picket,strike_out_of_scope
2,9/22/2022,New York,NY,strike; picket,strike_out_of_scope
2,9/22/2022,Pawtucket,RI,strike; picket,strike_out_of_scope
2,9/22/2022,Longview,WA,strike; picket,strike_out_of_scope
2,9/22/2022,Eau Claire,WI,strike; picket,strike_out_of_scope
2,9/22/2022,Sturtevant,WI,strike; picket,strike_out_of_scope
2,9/23/2022,Brookwood,AL,strike; picket,strike_out_of_scope
2,9/23/2022,Fresno,CA,strike; picket,strike_out_of_scope
2,9/23/2022,North Hollywood,CA,strike,strike_out_of_scope
2,9/23/2022,San Diego,CA,strike; picket,strike_out_of_scope
2,9/23/2022,Windham,CT,strike; picket; rally,strike_out_of_scope
2,9/23/2022,Burlington,IA,strike; picket,strike_out_of_scope
2,9/23/2022,Cedar Rapids,IA,strike; picket,strike_out_of_scope
2,9/23/2022,Melrose Park,IL,strike; picket,strike_out_of_scope
2,9/23/2022,Elkhart,IN,strike; picket,strike_out_of_scope
2,9/23/2022,Holcomb,KS,strike; picket,strike_out_of_scope
2,9/23/2022,Jessup,MD,strike; picket,strike_out_of_scope
2,9/23/2022,Lawrenceville,NJ,strike; picket,strike_out_of_scope
2,9/23/2022,New York,NY,strike; picket,strike_out_of_scope
2,9/23/2022,Pawtucket,RI,strike; picket,strike_out_of_scope
2,9/23/2022,Longview,WA,strike; picket,strike_out_of_scope
2,9/23/2022,Eau Claire,WI,strike; picket,strike_out_of_scope
2,9/23/2022,Sturtevant,WI,strike; picket,strike_out_of_scope
2,9/24/2022,Brookwood,AL,strike; picket,strike_out_of_scope
2,9/24/2022,Fresno,CA,strike; picket,strike_out_of_scope
2,9/24/2022,North Hollywood,CA,strike; picket,strike_out_of_scope
2,9/24/2022,San Diego,CA,strike; picket,strike_out_of_scope
2,9/24/2022,Burlington,IA,strike; picket,strike_out_of_scope
2,9/24/2022,Cedar Rapids,IA,strike; picket,strike_out_of_scope
2,9/24/2022,Melrose Park,IL,strike; picket,strike_out_of_scope
2,9/24/2022,Elkhart,IN,strike; picket,strike_out_of_scope
2,9/24/2022,Holcomb,KS,strike; picket,strike_out_of_scope
2,9/24/2022,Jessup,MD,strike; picket,strike_out_of_scope
2,9/24/2022,Saint Louis,MO,walkout; strike; picket,strike_out_of_scope
2,9/24/2022,Lawrenceville,NJ,strike; picket,strike_out_of_scope
2,9/24/2022,New York,NY,strike; picket,strike_out_of_scope
2,9/24/2022,Pawtucket,RI,strike; picket,strike_out_of_scope
2,9/24/2022,Longview,WA,strike; picket,strike_out_of_scope
2,9/24/2022,Eau Claire,WI,strike; picket,strike_out_of_scope
2,9/24/2022,Sturtevant,WI,strike; picket,strike_out_of_scope
2,9/25/2022,Brookwood,AL,strike; picket,strike_out_of_scope
2,9/25/2022,Fresno,CA,strike; picket,strike_out_of_scope
2,9/25/2022,North Hollywood,CA,strike,strike_out_of_scope
2,9/25/2022,San Diego,CA,strike; picket,strike_out_of_scope
2,9/25/2022,Burlington,IA,strike; picket,strike_out_of_scope
2,9/25/2022,Cedar Rapids,IA,strike; picket,strike_out_of_scope
2,9/25/2022,Melrose Park,IL,strike; picket,strike_out_of_scope
2,9/25/2022,Elkhart,IN,strike; picket,strike_out_of_scope
2,9/25/2022,Holcomb,KS,strike; picket,strike_out_of_scope
2,9/25/2022,Jessup,MD,strike; picket,strike_out_of_scope
2,9/25/2022,Lawrenceville,NJ,strike; picket,strike_out_of_scope
2,9/25/2022,New York,NY,strike; picket,strike_out_of_scope
2,9/25/2022,Pawtucket,RI,strike; picket,strike_out_of_scope
2,9/25/2022,Longview,WA,strike; picket,strike_out_of_scope
2,9/25/2022,Eau Claire,WI,strike; picket,strike_out_of_scope
2,9/25/2022,Sturtevant,WI,strike; picket,strike_out_of_scope
2,9/26/2022,Atmore,AL,strike,strike_out_of_scope
2,9/26/2022,Bessemer,AL,strike,strike_out_of_scope
2,9/26/2022,Brent,AL,strike,strike_out_of_scope
2,9/26/2022,Brookwood,AL,strike; picket,strike_out_of_scope
2,9/26/2022,Clayton,AL,strike,strike_out_of_scope
2,9/26/2022,Elmore,AL,strike,strike_out_of_scope
2,9/26/2022,Elmore,AL,strike,strike_out_of_scope
2,9/26/2022,Harvest,AL,strike,strike_out_of_scope
2,9/26/2022,Montgomery,AL,strike,strike_out_of_scope
2,9/26/2022,Springville,AL,strike,strike_out_of_scope
2,9/26/2022,Union Springs,AL,strike,strike_out_of_scope
2,9/26/2022,Fresno,CA,strike; picket,strike_out_of_scope
2,9/26/2022,North Hollywood,CA,strike,strike_out_of_scope
2,9/26/2022,San Diego,CA,strike; picket,strike_out_of_scope
2,9/26/2022,San Francisco,CA,strike; picket,strike_out_of_scope
2,9/26/2022,Santa Rosa,CA,strike; picket,strike_out_of_scope
2,9/26/2022,Burlington,IA,strike; picket,strike_out_of_scope
2,9/26/2022,Cedar Rapids,IA,strike; picket,strike_out_of_scope
2,9/26/2022,Melrose Park,IL,strike; picket,strike_out_of_scope
2,9/26/2022,Elkhart,IN,strike; picket,strike_out_of_scope
2,9/26/2022,Holcomb,KS,strike; picket,strike_out_of_scope
2,9/26/2022,Jessup,MD,strike; picket,strike_out_of_scope
2,9/26/2022,Lawrenceville,NJ,strike; picket,strike_out_of_scope
2,9/26/2022,Estancia,NM,hunger strike,strike_out_of_scope
2,9/26/2022,New York,NY,strike; picket,strike_out_of_scope
2,9/26/2022,Philadelphia,PA,strike; picket,strike_out_of_scope
2,9/26/2022,Pawtucket,RI,strike; picket,strike_out_of_scope
2,9/26/2022,Longview,WA,strike; picket,strike_out_of_scope
2,9/26/2022,Eau Claire,WI,strike; picket,strike_out_of_scope
2,9/26/2022,Sturtevant,WI,strike; picket,strike_out_of_scope
2,9/27/2022,Atmore,AL,strike,strike_out_of_scope
2,9/27/2022,Bessemer,AL,strike,strike_out_of_scope
2,9/27/2022,Brent,AL,strike,strike_out_of_scope
2,9/27/2022,Brookwood,AL,strike; picket,strike_out_of_scope
2,9/27/2022,Clayton,AL,strike,strike_out_of_scope
2,9/27/2022,Elmore,AL,strike,strike_out_of_scope
2,9/27/2022,Elmore,AL,strike,strike_out_of_scope
2,9/27/2022,Harvest,AL,strike,strike_out_of_scope
2,9/27/2022,Montgomery,AL,strike,strike_out_of_scope
2,9/27/2022,Springville,AL,strike,strike_out_of_scope
2,9/27/2022,Union Springs,AL,strike,strike_out_of_scope
2,9/27/2022,Fresno,CA,strike; picket,strike_out_of_scope
2,9/27/2022,North Hollywood,CA,strike,strike_out_of_scope
2,9/27/2022,San Diego,CA,strike; picket,strike_out_of_scope
2,9/27/2022,San Francisco,CA,strike; picket,strike_out_of_scope
2,9/27/2022,Ventura,CA,strike; picket,strike_out_of_scope
2,9/27/2022,Burlington,IA,strike; picket,strike_out_of_scope
2,9/27/2022,Cedar Rapids,IA,strike; picket,strike_out_of_scope
2,9/27/2022,Melrose Park,IL,strike; picket,strike_out_of_scope
2,9/27/2022,Elkhart,IN,strike; picket,strike_out_of_scope
2,9/27/2022,Holcomb,KS,strike; picket,strike_out_of_scope
2,9/27/2022,Jessup,MD,strike; picket,strike_out_of_scope
2,9/27/2022,Lawrenceville,NJ,strike; picket,strike_out_of_scope
2,9/27/2022,Estancia,NM,hunger strike,strike_out_of_scope
2,9/27/2022,New York,NY,strike; picket,strike_out_of_scope
2,9/27/2022,Warners,NY,strike; picket,strike_out_of_scope
2,9/27/2022,Philadelphia,PA,strike; picket,strike_out_of_scope
2,9/27/2022,Pawtucket,RI,strike; picket,strike_out_of_scope
2,9/27/2022,Longview,WA,strike; picket,strike_out_of_scope
2,9/27/2022,Eau Claire,WI,strike; picket,strike_out_of_scope
2,9/27/2022,Sturtevant,WI,strike; picket,strike_out_of_scope
2,9/28/2022,Atmore,AL,strike,strike_out_of_scope
2,9/28/2022,Bessemer,AL,strike,strike_out_of_scope
2,9/28/2022,Brent,AL,strike,strike_out_of_scope
2,9/28/2022,Brookwood,AL,strike; picket,strike_out_of_scope
2,9/28/2022,Clayton,AL,strike,strike_out_of_scope
2,9/28/2022,Elmore,AL,strike,strike_out_of_scope
2,9/28/2022,Elmore,AL,strike,strike_out_of_scope
2,9/28/2022,Harvest,AL,strike,strike_out_of_scope
2,9/28/2022,Montgomery,AL,strike,strike_out_of_scope
2,9/28/2022,Springville,AL,strike,strike_out_of_scope
2,9/28/2022,Union Springs,AL,strike,strike_out_of_scope
2,9/28/2022,Fresno,CA,strike; picket,strike_out_of_scope
2,9/28/2022,North Hollywood,CA,strike,strike_out_of_scope
2,9/28/2022,San Diego,CA,strike; picket,strike_out_of_scope
2,9/28/2022,San Francisco,CA,strike; picket,strike_out_of_scope
2,9/28/2022,Burlington,IA,strike; picket,strike_out_of_scope
2,9/28/2022,Cedar Rapids,IA,strike; picket,strike_out_of_scope
2,9/28/2022,Melrose Park,IL,strike; picket,strike_out_of_scope
2,9/28/2022,Elkhart,IN,strike; picket,strike_out_of_scope
2,9/28/2022,Holcomb,KS,strike; picket,strike_out_of_scope
2,9/28/2022,Jessup,MD,strike; picket,strike_out_of_scope
2,9/28/2022,Lawrenceville,NJ,strike; picket,strike_out_of_scope
2,9/28/2022,Estancia,NM,hunger strike,strike_out_of_scope
2,9/28/2022,New York,NY,strike; picket,strike_out_of_scope
2,9/28/2022,Warners,NY,strike; picket,strike_out_of_scope
2,9/28/2022,Philadelphia,PA,strike; picket,strike_out_of_scope
2,9/28/2022,Pawtucket,RI,strike; picket,strike_out_of_scope
2,9/28/2022,Longview,WA,strike; picket,strike_out_of_scope
2,9/28/2022,Eau Claire,WI,strike; picket,strike_out_of_scope
2,9/28/2022,Sturtevant,WI,strike; picket,strike_out_of_scope
2,9/29/2022,Atmore,AL,strike,strike_out_of_scope
2,9/29/2022,Bessemer,AL,strike,strike_out_of_scope
2,9/29/2022,Brent,AL,strike,strike_out_of_scope
2,9/29/2022,Brookwood,AL,strike; picket,strike_out_of_scope
2,9/29/2022,Clayton,AL,strike,strike_out_of_scope
2,9/29/2022,Elmore,AL,strike,strike_out_of_scope
2,9/29/2022,Elmore,AL,strike,strike_out_of_scope
2,9/29/2022,Harvest,AL,strike,strike_out_of_scope
2,9/29/2022,Springville,AL,strike,strike_out_of_scope
2,9/29/2022,Union Springs,AL,strike,strike_out_of_scope
2,9/29/2022,Fresno,CA,strike; picket,strike_out_of_scope
2,9/29/2022,North Hollywood,CA,strike,strike_out_of_scope
2,9/29/2022,San Diego,CA,strike; picket,strike_out_of_scope
2,9/29/2022,Atlanta,GA,strike; picket,strike_out_of_scope
2,9/29/2022,Burlington,IA,strike; picket,strike_out_of_scope
2,9/29/2022,Cedar Rapids,IA,strike; picket,strike_out_of_scope
2,9/29/2022,Melrose Park,IL,strike; picket,strike_out_of_scope
2,9/29/2022,Elkhart,IN,strike; picket,strike_out_of_scope
2,9/29/2022,Holcomb,KS,strike; picket,strike_out_of_scope
2,9/29/2022,Jessup,MD,strike; picket,strike_out_of_scope
2,9/29/2022,Lawrenceville,NJ,strike; picket,strike_out_of_scope
2,9/29/2022,New York,NY,strike; picket,strike_out_of_scope
2,9/29/2022,Warners,NY,strike; picket,strike_out_of_scope
2,9/29/2022,Philadelphia,PA,strike; picket,strike_out_of_scope
2,9/29/2022,Pawtucket,RI,strike; picket,strike_out_of_scope
2,9/29/2022,Longview,WA,strike; picket,strike_out_of_scope
2,9/29/2022,Eau Claire,WI,strike; picket,strike_out_of_scope
2,9/29/2022,Sturtevant,WI,strike; picket,strike_out_of_scope
2,9/30/2022,Atmore,AL,strike,strike_out_of_scope
2,9/30/2022,Bessemer,AL,strike,strike_out_of_scope
2,9/30/2022,Brent,AL,strike,strike_out_of_scope
2,9/30/2022,Brookwood,AL,strike; picket,strike_out_of_scope
2,9/30/2022,Clayton,AL,strike,strike_out_of_scope
2,9/30/2022,Elmore,AL,strike,strike_out_of_scope
2,9/30/2022,Elmore,AL,strike,strike_out_of_scope
2,9/30/2022,Harvest,AL,strike,strike_out_of_scope
2,9/30/2022,Springville,AL,strike,strike_out_of_scope
2,9/30/2022,Union Springs,AL,strike,strike_out_of_scope
2,9/30/2022,Fresno,CA,strike; picket,strike_out_of_scope
2,9/30/2022,North Hollywood,CA,strike; picket,strike_out_of_scope
2,9/30/2022,San Diego,CA,strike; picket,strike_out_of_scope
2,9/30/2022,Burlington,IA,strike; picket,strike_out_of_scope
2,9/30/2022,Cedar Rapids,IA,strike; picket,strike_out_of_scope
2,9/30/2022,Melrose Park,IL,strike; picket,strike_out_of_scope
2,9/30/2022,Elkhart,IN,strike; picket,strike_out_of_scope
2,9/30/2022,Holcomb,KS,strike; picket,strike_out_of_scope
2,9/30/2022,Jessup,MD,strike; picket,strike_out_of_scope
2,9/30/2022,Lawrenceville,NJ,strike; picket,strike_out_of_scope
2,9/30/2022,New York,NY,strike; picket,strike_out_of_scope
2,9/30/2022,Warners,NY,strike; picket,strike_out_of_scope
2,9/30/2022,Philadelphia,PA,strike; picket,strike_out_of_scope
2,9/30/2022,Pawtucket,RI,strike; picket,strike_out_of_scope
2,9/30/2022,Longview,WA,strike; picket,strike_out_of_scope
2,9/30/2022,Eau Claire,WI,strike; picket,strike_out_of_scope
2,9/30/2022,Sturtevant,WI,strike; picket,strike_out_of_scope
2,10/1/2022,Atmore,AL,strike,strike_out_of_scope
2,10/1/2022,Bessemer,AL,strike,strike_out_of_scope
2,10/1/2022,Brent,AL,strike,strike_out_of_scope
2,10/1/2022,Brookwood,AL,strike; picket,strike_out_of_scope
2,10/1/2022,Clayton,AL,strike,strike_out_of_scope
2,10/1/2022,Elmore,AL,strike,strike_out_of_scope
2,10/1/2022,Elmore,AL,strike,strike_out_of_scope
2,10/1/2022,Harvest,AL,strike,strike_out_of_scope
2,10/1/2022,Springville,AL,strike,strike_out_of_scope
2,10/1/2022,Union Springs,AL,strike,strike_out_of_scope
2,10/1/2022,Tolleson,AZ,strike; picket,strike_out_of_scope
2,10/1/2022,Fresno,CA,strike; picket,strike_out_of_scope
2,10/1/2022,North Hollywood,CA,strike,strike_out_of_scope
2,10/1/2022,San Diego,CA,strike; picket,strike_out_of_scope
2,10/1/2022,Burlington,IA,strike; picket,strike_out_of_scope
2,10/1/2022,Cedar Rapids,IA,strike; picket,strike_out_of_scope
2,10/1/2022,Melrose Park,IL,strike; picket,strike_out_of_scope
2,10/1/2022,Elkhart,IN,strike; picket,strike_out_of_scope
2,10/1/2022,Holcomb,KS,strike; picket,strike_out_of_scope
2,10/1/2022,Plympton,MA,strike; picket,strike_out_of_scope
2,10/1/2022,Jessup,MD,strike; picket,strike_out_of_scope
2,10/1/2022,Lawrenceville,NJ,strike; picket,strike_out_of_scope
2,10/1/2022,New York,NY,strike; picket,strike_out_of_scope
2,10/1/2022,Warners,NY,strike; picket,strike_out_of_scope
2,10/1/2022,Philadelphia,PA,strike; picket,strike_out_of_scope
2,10/1/2022,Pawtucket,RI,strike; picket,strike_out_of_scope
2,10/1/2022,Longview,WA,strike; picket,strike_out_of_scope
2,10/1/2022,Eau Claire,WI,strike; picket,strike_out_of_scope
2,10/1/2022,Sturtevant,WI,strike; picket,strike_out_of_scope
2,10/2/2022,Atmore,AL,strike,strike_out_of_scope
2,10/2/2022,Bessemer,AL,strike,strike_out_of_scope
2,10/2/2022,Brent,AL,strike,strike_out_of_scope
2,10/2/2022,Brookwood,AL,strike; picket,strike_out_of_scope
2,10/2/2022,Clayton,AL,strike,strike_out_of_scope
2,10/2/2022,Elmore,AL,strike,strike_out_of_scope
2,10/2/2022,Elmore,AL,strike,strike_out_of_scope
2,10/2/2022,Harvest,AL,strike,strike_out_of_scope
2,10/2/2022,Springville,AL,strike,strike_out_of_scope
2,10/2/2022,Union Springs,AL,strike,strike_out_of_scope
2,10/2/2022,Tolleson,AZ,strike; picket,strike_out_of_scope
2,10/2/2022,Fresno,CA,strike; picket,strike_out_of_scope
2,10/2/2022,North Hollywood,CA,strike,strike_out_of_scope
2,10/2/2022,San Diego,CA,strike; picket,strike_out_of_scope
2,10/2/2022,Burlington,IA,strike; picket,strike_out_of_scope
2,10/2/2022,Cedar Rapids,IA,strike; picket,strike_out_of_scope
2,10/2/2022,Melrose Park,IL,strike; picket,strike_out_of_scope
2,10/2/2022,Elkhart,IN,strike; picket,strike_out_of_scope
2,10/2/2022,Holcomb,KS,strike; picket,strike_out_of_scope
2,10/2/2022,Plympton,MA,strike; picket,strike_out_of_scope
2,10/2/2022,Jessup,MD,strike; picket,strike_out_of_scope
2,10/2/2022,Lawrenceville,NJ,strike; picket,strike_out_of_scope
2,10/2/2022,New York,NY,strike; picket,strike_out_of_scope
2,10/2/2022,Warners,NY,strike; picket,strike_out_of_scope
2,10/2/2022,Philadelphia,PA,strike; picket,strike_out_of_scope
2,10/2/2022,Pawtucket,RI,strike; picket,strike_out_of_scope
2,10/2/2022,Columbia,SC,strike; picket,strike_out_of_scope
2,10/2/2022,Longview,WA,strike; picket,strike_out_of_scope
2,10/2/2022,Eau Claire,WI,strike; picket,strike_out_of_scope
2,10/2/2022,Sturtevant,WI,strike; picket,strike_out_of_scope
2,10/3/2022,Atmore,AL,strike,strike_out_of_scope
2,10/3/2022,Bessemer,AL,strike,strike_out_of_scope
2,10/3/2022,Brent,AL,strike,strike_out_of_scope
2,10/3/2022,Brookwood,AL,strike; picket,strike_out_of_scope
2,10/3/2022,Clayton,AL,strike,strike_out_of_scope
2,10/3/2022,Elmore,AL,strike,strike_out_of_scope
2,10/3/2022,Elmore,AL,strike,strike_out_of_scope
2,10/3/2022,Harvest,AL,strike,strike_out_of_scope
2,10/3/2022,Springville,AL,strike,strike_out_of_scope
2,10/3/2022,Union Springs,AL,strike,strike_out_of_scope
2,10/3/2022,Tolleson,AZ,strike; picket,strike_out_of_scope
2,10/3/2022,Fresno,CA,strike; picket,strike_out_of_scope
2,10/3/2022,North Hollywood,CA,strike,strike_out_of_scope
2,10/3/2022,San Diego,CA,strike; picket,strike_out_of_scope
2,10/3/2022,Burlington,IA,strike; picket,strike_out_of_scope
2,10/3/2022,Cedar Rapids,IA,strike; picket,strike_out_of_scope
2,10/3/2022,Melrose Park,IL,strike; picket,strike_out_of_scope
2,10/3/2022,Elkhart,IN,strike; picket,strike_out_of_scope
2,10/3/2022,Holcomb,KS,strike; picket,strike_out_of_scope
2,10/3/2022,Plympton,MA,strike; picket,strike_out_of_scope
2,10/3/2022,Worcester,MA,strike; picket,strike_out_of_scope
2,10/3/2022,Jessup,MD,strike; picket,strike_out_of_scope
2,10/3/2022,Fridley,MN,strike; picket,strike_out_of_scope
2,10/3/2022,Minneapolis,MN,strike; picket,strike_out_of_scope
2,10/3/2022,Lawrenceville,NJ,strike; picket,strike_out_of_scope
2,10/3/2022,New York,NY,strike; walkout,strike_out_of_scope
2,10/3/2022,New York,NY,strike; picket,strike_out_of_scope
2,10/3/2022,Warners,NY,strike; picket,strike_out_of_scope
2,10/3/2022,Philadelphia,PA,strike; picket,strike_out_of_scope
2,10/3/2022,Pawtucket,RI,strike; picket,strike_out_of_scope
2,10/3/2022,Longview,WA,strike; picket,strike_out_of_scope
2,10/3/2022,Eau Claire,WI,strike; picket,strike_out_of_scope
2,10/3/2022,Sturtevant,WI,strike; picket,strike_out_of_scope
2,10/4/2022,Atmore,AL,strike,strike_out_of_scope
2,10/4/2022,Bessemer,AL,strike,strike_out_of_scope
2,10/4/2022,Brent,AL,strike,strike_out_of_scope
2,10/4/2022,Brookwood,AL,strike; picket,strike_out_of_scope
2,10/4/2022,Clayton,AL,strike,strike_out_of_scope
2,10/4/2022,Elmore,AL,strike,strike_out_of_scope
2,10/4/2022,Elmore,AL,strike,strike_out_of_scope
2,10/4/2022,Harvest,AL,strike,strike_out_of_scope
2,10/4/2022,Springville,AL,strike,strike_out_of_scope
2,10/4/2022,Union Springs,AL,strike,strike_out_of_scope
2,10/4/2022,Tolleson,AZ,strike; picket,strike_out_of_scope
2,10/4/2022,Fresno,CA,strike; picket,strike_out_of_scope
2,10/4/2022,North Hollywood,CA,strike,strike_out_of_scope
2,10/4/2022,San Diego,CA,strike; picket,strike_out_of_scope
2,10/4/2022,San Francisco,CA,strike; picket,strike_out_of_scope
2,10/4/2022,Burlington,IA,strike; picket,strike_out_of_scope
2,10/4/2022,Cedar Rapids,IA,strike; picket,strike_out_of_scope
2,10/4/2022,Melrose Park,IL,strike; picket,strike_out_of_scope
2,10/4/2022,Elkhart,IN,strike; picket,strike_out_of_scope
2,10/4/2022,Holcomb,KS,strike; picket,strike_out_of_scope
2,10/4/2022,Plympton,MA,strike; picket,strike_out_of_scope
2,10/4/2022,Worcester,MA,strike; picket,strike_out_of_scope
2,10/4/2022,Jessup,MD,strike; picket,strike_out_of_scope
2,10/4/2022,Fridley,MN,strike; picket,strike_out_of_scope
2,10/4/2022,Minneapolis,MN,strike; picket,strike_out_of_scope
2,10/4/2022,Lawrenceville,NJ,strike; picket,strike_out_of_scope
2,10/4/2022,New York,NY,strike; picket,strike_out_of_scope
2,10/4/2022,Warners,NY,strike; picket,strike_out_of_scope
2,10/4/2022,Philadelphia,PA,strike; picket,strike_out_of_scope
2,10/4/2022,Pawtucket,RI,strike; picket,strike_out_of_scope
2,10/4/2022,Longview,WA,strike; picket,strike_out_of_scope
2,10/4/2022,Eau Claire,WI,strike; picket,strike_out_of_scope
2,10/4/2022,Sturtevant,WI,strike; picket,strike_out_of_scope
2,10/5/2022,Atmore,AL,strike,strike_out_of_scope
2,10/5/2022,Bessemer,AL,strike,strike_out_of_scope
2,10/5/2022,Brent,AL,strike,strike_out_of_scope
2,10/5/2022,Brookwood,AL,strike; picket,strike_out_of_scope
2,10/5/2022,Clayton,AL,strike,strike_out_of_scope
2,10/5/2022,Elmore,AL,strike,strike_out_of_scope
2,10/5/2022,Elmore,AL,strike,strike_out_of_scope
2,10/5/2022,Harvest,AL,strike,strike_out_of_scope
2,10/5/2022,Springville,AL,strike,strike_out_of_scope
2,10/5/2022,Union Springs,AL,strike,strike_out_of_scope
2,10/5/2022,Tolleson,AZ,strike; picket,strike_out_of_scope
2,10/5/2022,Fresno,CA,strike; picket,strike_out_of_scope
2,10/5/2022,North Hollywood,CA,strike,strike_out_of_scope
2,10/5/2022,San Diego,CA,strike; picket,strike_out_of_scope
2,10/5/2022,San Francisco,CA,strike; picket,strike_out_of_scope
2,10/5/2022,Burlington,IA,strike; picket,strike_out_of_scope
2,10/5/2022,Cedar Rapids,IA,strike; picket,strike_out_of_scope
2,10/5/2022,Melrose Park,IL,strike; picket,strike_out_of_scope
2,10/5/2022,Elkhart,IN,strike; picket,strike_out_of_scope
2,10/5/2022,Holcomb,KS,strike; picket,strike_out_of_scope
2,10/5/2022,Plympton,MA,strike; picket,strike_out_of_scope
2,10/5/2022,Worcester,MA,strike; picket,strike_out_of_scope
2,10/5/2022,Jessup,MD,strike; picket,strike_out_of_scope
2,10/5/2022,Fridley,MN,strike; picket,strike_out_of_scope
2,10/5/2022,Minneapolis,MN,strike; picket,strike_out_of_scope
2,10/5/2022,Lawrenceville,NJ,strike; picket,strike_out_of_scope
2,10/5/2022,New York,NY,strike; picket,strike_out_of_scope
2,10/5/2022,Warners,NY,strike; picket,strike_out_of_scope
2,10/5/2022,Philadelphia,PA,strike; picket,strike_out_of_scope
2,10/5/2022,Pawtucket,RI,strike; picket,strike_out_of_scope
2,10/5/2022,Longview,WA,strike; picket,strike_out_of_scope
2,10/5/2022,Eau Claire,WI,strike; picket,strike_out_of_scope
2,10/5/2022,Sturtevant,WI,strike; picket,strike_out_of_scope
2,10/6/2022,Atmore,AL,strike,strike_out_of_scope
2,10/6/2022,Bessemer,AL,strike,strike_out_of_scope
2,10/6/2022,Brent,AL,strike,strike_out_of_scope
2,10/6/2022,Brookwood,AL,strike; picket,strike_out_of_scope
2,10/6/2022,Clayton,AL,strike,strike_out_of_scope
2,10/6/2022,Elmore,AL,strike,strike_out_of_scope
2,10/6/2022,Elmore,AL,strike,strike_out_of_scope
2,10/6/2022,Harvest,AL,strike,strike_out_of_scope
2,10/6/2022,Springville,AL,strike,strike_out_of_scope
2,10/6/2022,Union Springs,AL,strike,strike_out_of_scope
2,10/6/2022,Tolleson,AZ,strike; picket,strike_out_of_scope
2,10/6/2022,Fresno,CA,strike; picket,strike_out_of_scope
2,10/6/2022,North Hollywood,CA,strike,strike_out_of_scope
2,10/6/2022,San Diego,CA,strike; picket,strike_out_of_scope
2,10/6/2022,Burlington,IA,strike; picket,strike_out_of_scope
2,10/6/2022,Cedar Rapids,IA,strike; picket,strike_out_of_scope
2,10/6/2022,Melrose Park,IL,strike; picket,strike_out_of_scope
2,10/6/2022,Elkhart,IN,strike; picket,strike_out_of_scope
2,10/6/2022,Holcomb,KS,strike; picket,strike_out_of_scope
2,10/6/2022,Plympton,MA,strike; picket,strike_out_of_scope
2,10/6/2022,Worcester,MA,strike; picket,strike_out_of_scope
2,10/6/2022,Jessup,MD,strike; picket,strike_out_of_scope
2,10/6/2022,Lawrenceville,NJ,strike; picket,strike_out_of_scope
2,10/6/2022,New York,NY,strike; picket,strike_out_of_scope
2,10/6/2022,Warners,NY,strike; picket,strike_out_of_scope
2,10/6/2022,Clinton,PA,strike; picket,strike_out_of_scope
2,10/6/2022,Philadelphia,PA,strike; picket,strike_out_of_scope
2,10/6/2022,Pawtucket,RI,strike; picket,strike_out_of_scope
2,10/6/2022,Longview,WA,strike; picket,strike_out_of_scope
2,10/6/2022,Eau Claire,WI,strike; picket,strike_out_of_scope
2,10/6/2022,Sturtevant,WI,strike; picket,strike_out_of_scope
2,10/7/2022,Atmore,AL,strike,strike_out_of_scope
2,10/7/2022,Bessemer,AL,strike,strike_out_of_scope
2,10/7/2022,Brent,AL,strike,strike_out_of_scope
2,10/7/2022,Brookwood,AL,strike; picket,strike_out_of_scope
2,10/7/2022,Clayton,AL,strike,strike_out_of_scope
2,10/7/2022,Elmore,AL,strike,strike_out_of_scope
2,10/7/2022,Elmore,AL,strike,strike_out_of_scope
2,10/7/2022,Harvest,AL,strike,strike_out_of_scope
2,10/7/2022,Springville,AL,strike,strike_out_of_scope
2,10/7/2022,Union Springs,AL,strike,strike_out_of_scope
2,10/7/2022,Tolleson,AZ,strike; picket,strike_out_of_scope
2,10/7/2022,Fresno,CA,strike; picket,strike_out_of_scope
2,10/7/2022,North Hollywood,CA,strike; picket,strike_out_of_scope
2,10/7/2022,San Diego,CA,strike; picket,strike_out_of_scope
2,10/7/2022,San Francisco,CA,strike; picket,strike_out_of_scope
2,10/7/2022,Burlington,IA,strike; picket,strike_out_of_scope
2,10/7/2022,Cedar Rapids,IA,strike; picket,strike_out_of_scope
2,10/7/2022,Melrose Park,IL,strike; picket,strike_out_of_scope
2,10/7/2022,Elkhart,IN,strike; picket,strike_out_of_scope
2,10/7/2022,Holcomb,KS,strike; picket,strike_out_of_scope
2,10/7/2022,Plympton,MA,strike; picket,strike_out_of_scope
2,10/7/2022,Worcester,MA,strike; picket,strike_out_of_scope
2,10/7/2022,Jessup,MD,strike; picket,strike_out_of_scope
2,10/7/2022,Lawrenceville,NJ,strike; picket,strike_out_of_scope
2,10/7/2022,New York,NY,strike; picket,strike_out_of_scope
2,10/7/2022,Warners,NY,strike; picket,strike_out_of_scope
2,10/7/2022,Clinton,PA,strike; picket,strike_out_of_scope
2,10/7/2022,Philadelphia,PA,strike; picket,strike_out_of_scope
2,10/7/2022,Pawtucket,RI,strike; picket,strike_out_of_scope
2,10/7/2022,Longview,WA,strike; picket,strike_out_of_scope
2,10/7/2022,Eau Claire,WI,strike; picket,strike_out_of_scope
2,10/7/2022,Sturtevant,WI,strike; picket,strike_out_of_scope
2,10/8/2022,Atmore,AL,strike,strike_out_of_scope
2,10/8/2022,Bessemer,AL,strike,strike_out_of_scope
2,10/8/2022,Brent,AL,strike,strike_out_of_scope
2,10/8/2022,Brookwood,AL,strike; picket,strike_out_of_scope
2,10/8/2022,Clayton,AL,strike,strike_out_of_scope
2,10/8/2022,Elmore,AL,strike,strike_out_of_scope
2,10/8/2022,Elmore,AL,strike,strike_out_of_scope
2,10/8/2022,Harvest,AL,strike,strike_out_of_scope
2,10/8/2022,Springville,AL,strike,strike_out_of_scope
2,10/8/2022,Union Springs,AL,strike,strike_out_of_scope
2,10/8/2022,Tolleson,AZ,strike; picket,strike_out_of_scope
2,10/8/2022,Fresno,CA,strike; picket,strike_out_of_scope
2,10/8/2022,North Hollywood,CA,strike,strike_out_of_scope
2,10/8/2022,San Diego,CA,strike; picket,strike_out_of_scope
2,10/8/2022,San Francisco,CA,strike; picket,strike_out_of_scope
2,10/8/2022,Burlington,IA,strike; picket,strike_out_of_scope
2,10/8/2022,Cedar Rapids,IA,strike; picket,strike_out_of_scope
2,10/8/2022,Melrose Park,IL,strike; picket,strike_out_of_scope
2,10/8/2022,Elkhart,IN,strike; picket,strike_out_of_scope
2,10/8/2022,Holcomb,KS,strike; picket,strike_out_of_scope
2,10/8/2022,Plympton,MA,strike; picket,strike_out_of_scope
2,10/8/2022,Jessup,MD,strike; picket,strike_out_of_scope
2,10/8/2022,Lawrenceville,NJ,strike; picket,strike_out_of_scope
2,10/8/2022,Buffalo,NY,strike; picket,strike_out_of_scope
2,10/8/2022,New York,NY,strike; picket,strike_out_of_scope
2,10/8/2022,Warners,NY,strike; picket,strike_out_of_scope
2,10/8/2022,Clinton,PA,strike; picket,strike_out_of_scope
2,10/8/2022,Philadelphia,PA,strike; picket,strike_out_of_scope
2,10/8/2022,Pawtucket,RI,strike; picket,strike_out_of_scope
2,10/8/2022,Longview,WA,strike; picket,strike_out_of_scope
2,10/8/2022,Eau Claire,WI,strike; picket,strike_out_of_scope
2,10/8/2022,Sturtevant,WI,strike; picket,strike_out_of_scope
2,10/9/2022,Atmore,AL,strike,strike_out_of_scope
2,10/9/2022,Bessemer,AL,strike,strike_out_of_scope
2,10/9/2022,Brent,AL,strike,strike_out_of_scope
2,10/9/2022,Brookwood,AL,strike; picket,strike_out_of_scope
2,10/9/2022,Clayton,AL,strike,strike_out_of_scope
2,10/9/2022,Elmore,AL,strike,strike_out_of_scope
2,10/9/2022,Elmore,AL,strike,strike_out_of_scope
2,10/9/2022,Harvest,AL,strike,strike_out_of_scope
2,10/9/2022,Springville,AL,strike,strike_out_of_scope
2,10/9/2022,Union Springs,AL,strike,strike_out_of_scope
2,10/9/2022,Tolleson,AZ,strike; picket,strike_out_of_scope
2,10/9/2022,Fresno,CA,strike; picket,strike_out_of_scope
2,10/9/2022,North Hollywood,CA,strike,strike_out_of_scope
2,10/9/2022,San Diego,CA,strike; picket,strike_out_of_scope
2,10/9/2022,San Francisco,CA,strike; picket,strike_out_of_scope
2,10/9/2022,Burlington,IA,strike; picket,strike_out_of_scope
2,10/9/2022,Cedar Rapids,IA,strike; picket,strike_out_of_scope
2,10/9/2022,Melrose Park,IL,strike; picket,strike_out_of_scope
2,10/9/2022,Elkhart,IN,strike; picket,strike_out_of_scope
2,10/9/2022,Holcomb,KS,strike; picket,strike_out_of_scope
2,10/9/2022,Plympton,MA,strike; picket,strike_out_of_scope
2,10/9/2022,Jessup,MD,strike; picket,strike_out_of_scope
2,10/9/2022,Lawrenceville,NJ,strike; picket,strike_out_of_scope
2,10/9/2022,New York,NY,strike; picket,strike_out_of_scope
2,10/9/2022,Warners,NY,strike; picket,strike_out_of_scope
2,10/9/2022,Clinton,PA,strike; picket,strike_out_of_scope
2,10/9/2022,Philadelphia,PA,strike; picket,strike_out_of_scope
2,10/9/2022,Pawtucket,RI,strike; picket,strike_out_of_scope
2,10/9/2022,Longview,WA,strike; picket,strike_out_of_scope
2,10/9/2022,Eau Claire,WI,strike; picket,strike_out_of_scope
2,10/9/2022,Sturtevant,WI,strike; picket,strike_out_of_scope
2,10/10/2022,Atmore,AL,strike,strike_out_of_scope
2,10/10/2022,Bessemer,AL,strike,strike_out_of_scope
2,10/10/2022,Brent,AL,strike,strike_out_of_scope
2,10/10/2022,Brookwood,AL,strike; picket,strike_out_of_scope
2,10/10/2022,Clayton,AL,strike,strike_out_of_scope
2,10/10/2022,Elmore,AL,strike,strike_out_of_scope
2,10/10/2022,Elmore,AL,strike,strike_out_of_scope
2,10/10/2022,Harvest,AL,strike,strike_out_of_scope
2,10/10/2022,Springville,AL,strike,strike_out_of_scope
2,10/10/2022,Union Springs,AL,strike,strike_out_of_scope
2,10/10/2022,Tolleson,AZ,strike; picket,strike_out_of_scope
2,10/10/2022,Fresno,CA,strike; picket,strike_out_of_scope
2,10/10/2022,North Hollywood,CA,strike,strike_out_of_scope
2,10/10/2022,San Diego,CA,strike; picket,strike_out_of_scope
2,10/10/2022,San Francisco,CA,strike; picket,strike_out_of_scope
2,10/10/2022,Burlington,IA,strike; picket,strike_out_of_scope
2,10/10/2022,Cedar Rapids,IA,strike; picket,strike_out_of_scope
2,10/10/2022,Melrose Park,IL,strike; picket,strike_out_of_scope
2,10/10/2022,Elkhart,IN,strike; picket,strike_out_of_scope
2,10/10/2022,Holcomb,KS,strike; picket,strike_out_of_scope
2,10/10/2022,Plympton,MA,strike; picket,strike_out_of_scope
2,10/10/2022,Jessup,MD,strike; picket,strike_out_of_scope
2,10/10/2022,Lawrenceville,NJ,strike; picket,strike_out_of_scope
2,10/10/2022,New York,NY,strike; picket,strike_out_of_scope
2,10/10/2022,Warners,NY,strike; picket,strike_out_of_scope
2,10/10/2022,Clinton,PA,strike; picket,strike_out_of_scope
2,10/10/2022,Philadelphia,PA,strike; picket,strike_out_of_scope
2,10/10/2022,Pawtucket,RI,strike; picket,strike_out_of_scope
2,10/10/2022,Longview,WA,strike; picket,strike_out_of_scope
2,10/10/2022,Eau Claire,WI,strike; picket,strike_out_of_scope
2,10/10/2022,Sturtevant,WI,strike; picket,strike_out_of_scope
2,10/11/2022,Atmore,AL,strike,strike_out_of_scope
2,10/11/2022,Bessemer,AL,strike,strike_out_of_scope
2,10/11/2022,Brent,AL,strike,strike_out_of_scope
2,10/11/2022,Brookwood,AL,strike; picket,strike_out_of_scope
2,10/11/2022,Clayton,AL,strike,strike_out_of_scope
2,10/11/2022,Elmore,AL,strike,strike_out_of_scope
2,10/11/2022,Elmore,AL,strike,strike_out_of_scope
2,10/11/2022,Harvest,AL,strike,strike_out_of_scope
2,10/11/2022,Springville,AL,strike,strike_out_of_scope
2,10/11/2022,Union Springs,AL,strike,strike_out_of_scope
2,10/11/2022,Tolleson,AZ,strike; picket,strike_out_of_scope
2,10/11/2022,Fresno,CA,strike; picket,strike_out_of_scope
2,10/11/2022,North Hollywood,CA,strike,strike_out_of_scope
2,10/11/2022,San Diego,CA,strike; picket,strike_out_of_scope
2,10/11/2022,Stone Mountain,GA,walkout; picket,walkout_labor_precutoff
2,10/11/2022,Burlington,IA,strike; picket,strike_out_of_scope
2,10/11/2022,Cedar Rapids,IA,strike; picket,strike_out_of_scope
2,10/11/2022,Joliet,IL,walkout,walkout_labor_precutoff
2,10/11/2022,Melrose Park,IL,strike; picket,strike_out_of_scope
2,10/11/2022,Elkhart,IN,strike; picket,strike_out_of_scope
2,10/11/2022,Holcomb,KS,strike; picket,strike_out_of_scope
2,10/11/2022,Plympton,MA,strike; picket,strike_out_of_scope
2,10/11/2022,Jessup,MD,strike; picket,strike_out_of_scope
2,10/11/2022,Hanover,NH,walkout; rally,walkout_labor_precutoff
2,10/11/2022,Lawrenceville,NJ,strike; picket,strike_out_of_scope
2,10/11/2022,New York,NY,strike; picket,strike_out_of_scope
2,10/11/2022,Warners,NY,strike; picket,strike_out_of_scope
2,10/11/2022,Clinton,PA,strike; picket,strike_out_of_scope
2,10/11/2022,Philadelphia,PA,strike; picket,strike_out_of_scope
2,10/11/2022,Pawtucket,RI,strike; picket,strike_out_of_scope
2,10/11/2022,Longview,WA,strike; picket,strike_out_of_scope
2,10/11/2022,Eau Claire,WI,strike; picket,strike_out_of_scope
2,10/11/2022,Sturtevant,WI,strike; picket,strike_out_of_scope
2,10/12/2022,Atmore,AL,strike,strike_out_of_scope
2,10/12/2022,Bessemer,AL,strike,strike_out_of_scope
2,10/12/2022,Brent,AL,strike,strike_out_of_scope
2,10/12/2022,Brookwood,AL,strike; picket,strike_out_of_scope
2,10/12/2022,Clayton,AL,strike,strike_out_of_scope
2,10/12/2022,Elmore,AL,strike,strike_out_of_scope
2,10/12/2022,Elmore,AL,strike,strike_out_of_scope
2,10/12/2022,Harvest,AL,strike,strike_out_of_scope
2,10/12/2022,Springville,AL,strike,strike_out_of_scope
2,10/12/2022,Union Springs,AL,strike,strike_out_of_scope
2,10/12/2022,Tolleson,AZ,strike; picket,strike_out_of_scope
2,10/12/2022,Fresno,CA,strike; picket,strike_out_of_scope
2,10/12/2022,North Hollywood,CA,strike,strike_out_of_scope
2,10/12/2022,San Diego,CA,strike; picket,strike_out_of_scope
2,10/12/2022,Burlington,IA,strike; picket,strike_out_of_scope
2,10/12/2022,Cedar Rapids,IA,strike; picket,strike_out_of_scope
2,10/12/2022,Melrose Park,IL,strike; picket,strike_out_of_scope
2,10/12/2022,Elkhart,IN,strike; picket,strike_out_of_scope
2,10/12/2022,Holcomb,KS,strike; picket,strike_out_of_scope
2,10/12/2022,Plympton,MA,strike; picket,strike_out_of_scope
2,10/12/2022,Jessup,MD,strike; picket,strike_out_of_scope
2,10/12/2022,Lawrenceville,NJ,strike; picket,strike_out_of_scope
2,10/12/2022,Amherst,NY,strike,strike_out_of_scope
2,10/12/2022,Buffalo,NY,strike,strike_out_of_scope
2,10/12/2022,Buffalo,NY,strike; picket,strike_out_of_scope
2,10/12/2022,Cheektowaga,NY,strike,strike_out_of_scope
2,10/12/2022,New York,NY,strike; picket,strike_out_of_scope
2,10/12/2022,Warners,NY,strike; picket,strike_out_of_scope
2,10/12/2022,Clinton,PA,strike; picket,strike_out_of_scope
2,10/12/2022,Philadelphia,PA,strike; picket,strike_out_of_scope
2,10/12/2022,Pawtucket,RI,strike; picket,strike_out_of_scope
2,10/12/2022,East Wenatchee,WA,strike; picket,strike_out_of_scope
2,10/12/2022,Longview,WA,strike; picket,strike_out_of_scope
2,10/12/2022,Eau Claire,WI,strike; picket,strike_out_of_scope
2,10/12/2022,Sturtevant,WI,strike; picket,strike_out_of_scope
2,10/13/2022,Atmore,AL,strike,strike_out_of_scope
2,10/13/2022,Bessemer,AL,strike,strike_out_of_scope
2,10/13/2022,Brent,AL,strike,strike_out_of_scope
2,10/13/2022,Brookwood,AL,strike; picket,strike_out_of_scope
2,10/13/2022,Clayton,AL,strike,strike_out_of_scope
2,10/13/2022,Elmore,AL,strike,strike_out_of_scope
2,10/13/2022,Elmore,AL,strike,strike_out_of_scope
2,10/13/2022,Harvest,AL,strike,strike_out_of_scope
2,10/13/2022,Springville,AL,strike,strike_out_of_scope
2,10/13/2022,Union Springs,AL,strike,strike_out_of_scope
2,10/13/2022,Tolleson,AZ,strike; picket,strike_out_of_scope
2,10/13/2022,Fresno,CA,strike; picket,strike_out_of_scope
2,10/13/2022,North Hollywood,CA,strike,strike_out_of_scope
2,10/13/2022,San Diego,CA,strike; picket,strike_out_of_scope
2,10/13/2022,Burlington,IA,strike; picket,strike_out_of_scope
2,10/13/2022,Cedar Rapids,IA,strike; picket,strike_out_of_scope
2,10/13/2022,Melrose Park,IL,strike; picket,strike_out_of_scope
2,10/13/2022,Elkhart,IN,strike; picket,strike_out_of_scope
2,10/13/2022,Holcomb,KS,strike; picket,strike_out_of_scope
2,10/13/2022,Plympton,MA,strike; picket,strike_out_of_scope
2,10/13/2022,Worcester,MA,strike; picket,strike_out_of_scope
2,10/13/2022,Jessup,MD,strike; picket,strike_out_of_scope
2,10/13/2022,Minneapolis,MN,strike,strike_out_of_scope
2,10/13/2022,Minneapolis,MN,strike,strike_out_of_scope
2,10/13/2022,Minneapolis,MN,strike,strike_out_of_scope
2,10/13/2022,Minneapolis,MN,strike,strike_out_of_scope
2,10/13/2022,Minneapolis,MN,strike,strike_out_of_scope
2,10/13/2022,Minneapolis,MN,strike,strike_out_of_scope
2,10/13/2022,Saint Paul,MN,strike,strike_out_of_scope
2,10/13/2022,Lawrenceville,NJ,strike; picket,strike_out_of_scope
2,10/13/2022,New York,NY,strike; picket,strike_out_of_scope
2,10/13/2022,Warners,NY,strike; picket,strike_out_of_scope
2,10/13/2022,Clinton,PA,strike; picket,strike_out_of_scope
2,10/13/2022,Philadelphia,PA,strike; picket,strike_out_of_scope
2,10/13/2022,Pawtucket,RI,strike; picket,strike_out_of_scope
2,10/13/2022,East Wenatchee,WA,strike; picket,strike_out_of_scope
2,10/13/2022,Longview,WA,strike; picket,strike_out_of_scope
2,10/13/2022,Seattle,WA,strike; picket; march,strike_out_of_scope
2,10/13/2022,Eau Claire,WI,strike; picket,strike_out_of_scope
2,10/13/2022,Sturtevant,WI,strike; picket,strike_out_of_scope
2,10/14/2022,Atmore,AL,strike,strike_out_of_scope
2,10/14/2022,Bessemer,AL,strike,strike_out_of_scope
2,10/14/2022,Brent,AL,strike,strike_out_of_scope
2,10/14/2022,Brookwood,AL,strike; picket,strike_out_of_scope
2,10/14/2022,Clayton,AL,strike,strike_out_of_scope
2,10/14/2022,Elmore,AL,strike,strike_out_of_scope
2,10/14/2022,Elmore,AL,strike,strike_out_of_scope
2,10/14/2022,Harvest,AL,strike,strike_out_of_scope
2,10/14/2022,Springville,AL,strike,strike_out_of_scope
2,10/14/2022,Union Springs,AL,strike,strike_out_of_scope
2,10/14/2022,Tolleson,AZ,strike; picket,strike_out_of_scope
2,10/14/2022,Fresno,CA,strike; picket,strike_out_of_scope
2,10/14/2022,North Hollywood,CA,strike,strike_out_of_scope
2,10/14/2022,San Diego,CA,strike; picket,strike_out_of_scope
2,10/14/2022,Burlington,IA,strike; picket,strike_out_of_scope
2,10/14/2022,Cedar Rapids,IA,strike; picket,strike_out_of_scope
2,10/14/2022,Melrose Park,IL,strike; picket,strike_out_of_scope
2,10/14/2022,Elkhart,IN,strike; picket,strike_out_of_scope
2,10/14/2022,Holcomb,KS,strike; picket,strike_out_of_scope
2,10/14/2022,Plympton,MA,strike; picket,strike_out_of_scope
2,10/14/2022,Jessup,MD,strike; picket,strike_out_of_scope
2,10/14/2022,Minneapolis,MN,strike,strike_out_of_scope
2,10/14/2022,Minneapolis,MN,strike,strike_out_of_scope
2,10/14/2022,Minneapolis,MN,strike,strike_out_of_scope
2,10/14/2022,Minneapolis,MN,strike,strike_out_of_scope
2,10/14/2022,Minneapolis,MN,strike,strike_out_of_scope
2,10/14/2022,Minneapolis,MN,strike,strike_out_of_scope
2,10/14/2022,Saint Paul,MN,strike,strike_out_of_scope
2,10/14/2022,Lawrenceville,NJ,strike; picket,strike_out_of_scope
2,10/14/2022,New York,NY,strike; picket,strike_out_of_scope
2,10/14/2022,Warners,NY,strike; picket,strike_out_of_scope
2,10/14/2022,Clinton,PA,strike; picket,strike_out_of_scope
2,10/14/2022,Philadelphia,PA,strike; picket,strike_out_of_scope
2,10/14/2022,Pawtucket,RI,strike; picket,strike_out_of_scope
2,10/14/2022,East Wenatchee,WA,strike; picket,strike_out_of_scope
2,10/14/2022,Longview,WA,strike; picket,strike_out_of_scope
2,10/14/2022,Eau Claire,WI,strike; picket,strike_out_of_scope
2,10/14/2022,Sturtevant,WI,strike; picket,strike_out_of_scope
2,10/15/2022,Atmore,AL,strike,strike_out_of_scope
2,10/15/2022,Bessemer,AL,strike,strike_out_of_scope
2,10/15/2022,Brent,AL,strike,strike_out_of_scope
2,10/15/2022,Brookwood,AL,strike; picket,strike_out_of_scope
2,10/15/2022,Clayton,AL,strike,strike_out_of_scope
2,10/15/2022,Elmore,AL,strike,strike_out_of_scope
2,10/15/2022,Elmore,AL,strike,strike_out_of_scope
2,10/15/2022,Harvest,AL,strike,strike_out_of_scope
2,10/15/2022,Springville,AL,strike,strike_out_of_scope
2,10/15/2022,Union Springs,AL,strike,strike_out_of_scope
2,10/15/2022,Tolleson,AZ,strike; picket,strike_out_of_scope
2,10/15/2022,Fresno,CA,strike; picket,strike_out_of_scope
2,10/15/2022,North Hollywood,CA,strike; picket,strike_out_of_scope
2,10/15/2022,San Diego,CA,strike; picket,strike_out_of_scope
2,10/15/2022,Burlington,IA,strike; picket,strike_out_of_scope
2,10/15/2022,Cedar Rapids,IA,strike; picket,strike_out_of_scope
2,10/15/2022,Melrose Park,IL,strike; picket,strike_out_of_scope
2,10/15/2022,Elkhart,IN,strike; picket,strike_out_of_scope
2,10/15/2022,Holcomb,KS,strike; picket,strike_out_of_scope
2,10/15/2022,Plympton,MA,strike; picket,strike_out_of_scope
2,10/15/2022,Jessup,MD,strike; picket,strike_out_of_scope
2,10/15/2022,Lawrenceville,NJ,strike; picket,strike_out_of_scope
2,10/15/2022,New York,NY,strike; picket,strike_out_of_scope
2,10/15/2022,New York,NY,strike; picket,strike_out_of_scope
2,10/15/2022,Clinton,PA,strike; picket,strike_out_of_scope
2,10/15/2022,Pawtucket,RI,strike; picket,strike_out_of_scope
2,10/15/2022,Knoxville,TN,strike; picket,strike_out_of_scope
2,10/15/2022,East Wenatchee,WA,strike; picket,strike_out_of_scope
2,10/15/2022,Longview,WA,strike; picket,strike_out_of_scope
2,10/15/2022,Eau Claire,WI,strike; picket,strike_out_of_scope
2,10/15/2022,Sturtevant,WI,strike; picket,strike_out_of_scope
2,10/16/2022,Brookwood,AL,strike; picket,strike_out_of_scope
2,10/16/2022,Tolleson,AZ,strike; picket,strike_out_of_scope
2,10/16/2022,Fresno,CA,strike; picket,strike_out_of_scope
2,10/16/2022,North Hollywood,CA,strike,strike_out_of_scope
2,10/16/2022,San Diego,CA,strike; picket,strike_out_of_scope
2,10/16/2022,Burlington,IA,strike; picket,strike_out_of_scope
2,10/16/2022,Cedar Rapids,IA,strike; picket,strike_out_of_scope
2,10/16/2022,Melrose Park,IL,strike; picket,strike_out_of_scope
2,10/16/2022,Elkhart,IN,strike; picket,strike_out_of_scope
2,10/16/2022,Holcomb,KS,strike; picket,strike_out_of_scope
2,10/16/2022,Plympton,MA,strike; picket,strike_out_of_scope
2,10/16/2022,Jessup,MD,strike; picket,strike_out_of_scope
2,10/16/2022,Lawrenceville,NJ,strike; picket,strike_out_of_scope
2,10/16/2022,New York,NY,strike; picket,strike_out_of_scope
2,10/16/2022,Sidney,NY,strike; picket,strike_out_of_scope
2,10/16/2022,Clinton,PA,strike; picket,strike_out_of_scope
2,10/16/2022,Pawtucket,RI,strike; picket,strike_out_of_scope
2,10/16/2022,East Wenatchee,WA,strike; picket,strike_out_of_scope
2,10/16/2022,Longview,WA,strike; picket,strike_out_of_scope
2,10/16/2022,Eau Claire,WI,strike; picket,strike_out_of_scope
2,10/16/2022,Sturtevant,WI,strike; picket,strike_out_of_scope
2,10/17/2022,Brookwood,AL,strike; picket,strike_out_of_scope
2,10/17/2022,Tolleson,AZ,strike; picket,strike_out_of_scope
2,10/17/2022,Fresno,CA,strike; picket,strike_out_of_scope
2,10/17/2022,North Hollywood,CA,strike,strike_out_of_scope
2,10/17/2022,San Diego,CA,strike; picket,strike_out_of_scope
2,10/17/2022,Santa Cruz,CA,strike; picket,strike_out_of_scope
2,10/17/2022,Burlington,IA,strike; picket,strike_out_of_scope
2,10/17/2022,Cedar Rapids,IA,strike; picket,strike_out_of_scope
2,10/17/2022,Melrose Park,IL,strike; picket,strike_out_of_scope
2,10/17/2022,Elkhart,IN,strike; picket,strike_out_of_scope
2,10/17/2022,Holcomb,KS,strike; picket,strike_out_of_scope
2,10/17/2022,Haverhill,MA,strike; picket,strike_out_of_scope
2,10/17/2022,Malden,MA,strike; picket,strike_out_of_scope
2,10/17/2022,Plympton,MA,strike; picket,strike_out_of_scope
2,10/17/2022,Jessup,MD,strike; picket,strike_out_of_scope
2,10/17/2022,Lawrenceville,NJ,strike; picket,strike_out_of_scope
2,10/17/2022,New York,NY,strike; picket,strike_out_of_scope
2,10/17/2022,Sidney,NY,strike; picket,strike_out_of_scope
2,10/17/2022,Clinton,PA,strike; picket,strike_out_of_scope
2,10/17/2022,Pawtucket,RI,strike; picket,strike_out_of_scope
2,10/17/2022,East Wenatchee,WA,strike; picket,strike_out_of_scope
2,10/17/2022,Longview,WA,strike; picket,strike_out_of_scope
2,10/17/2022,Eau Claire,WI,strike; picket,strike_out_of_scope
2,10/17/2022,Sturtevant,WI,strike; picket,strike_out_of_scope
2,10/18/2022,Brookwood,AL,strike; picket,strike_out_of_scope
2,10/18/2022,Tolleson,AZ,strike; picket,strike_out_of_scope
2,10/18/2022,Fresno,CA,strike; picket,strike_out_of_scope
2,10/18/2022,North Hollywood,CA,strike,strike_out_of_scope
2,10/18/2022,San Diego,CA,strike; picket,strike_out_of_scope
2,10/18/2022,Santa Cruz,CA,strike; picket,strike_out_of_scope
2,10/18/2022,Burlington,IA,strike; picket,strike_out_of_scope
2,10/18/2022,Cedar Rapids,IA,strike; picket,strike_out_of_scope
2,10/18/2022,Melrose Park,IL,strike; picket,strike_out_of_scope
2,10/18/2022,Elkhart,IN,strike; picket,strike_out_of_scope
2,10/18/2022,Holcomb,KS,strike; picket,strike_out_of_scope
2,10/18/2022,Haverhill,MA,strike; picket,strike_out_of_scope
2,10/18/2022,Plympton,MA,strike; picket,strike_out_of_scope
2,10/18/2022,Jessup,MD,strike; picket,strike_out_of_scope
2,10/18/2022,Lawrenceville,NJ,strike; picket,strike_out_of_scope
2,10/18/2022,New York,NY,strike; picket,strike_out_of_scope
2,10/18/2022,Sidney,NY,strike; picket,strike_out_of_scope
2,10/18/2022,Clinton,PA,strike; picket,strike_out_of_scope
2,10/18/2022,Pittsburgh,PA,strike; picket,strike_out_of_scope
2,10/18/2022,Pawtucket,RI,strike; picket,strike_out_of_scope
2,10/18/2022,East Wenatchee,WA,strike; picket,strike_out_of_scope
2,10/18/2022,Longview,WA,strike; picket,strike_out_of_scope
2,10/18/2022,Eau Claire,WI,strike; picket,strike_out_of_scope
2,10/18/2022,Sturtevant,WI,strike; picket,strike_out_of_scope
2,10/19/2022,Brookwood,AL,strike; picket,strike_out_of_scope
2,10/19/2022,Tolleson,AZ,strike; picket,strike_out_of_scope
2,10/19/2022,Fresno,CA,strike; picket,strike_out_of_scope
2,10/19/2022,North Hollywood,CA,strike,strike_out_of_scope
2,10/19/2022,San Diego,CA,strike; picket,strike_out_of_scope
2,10/19/2022,Santa Cruz,CA,strike; picket,strike_out_of_scope
2,10/19/2022,Burlington,IA,strike; picket,strike_out_of_scope
2,10/19/2022,Cedar Rapids,IA,strike; picket,strike_out_of_scope
2,10/19/2022,Melrose Park,IL,strike; picket,strike_out_of_scope
2,10/19/2022,Elkhart,IN,strike; picket,strike_out_of_scope
2,10/19/2022,Holcomb,KS,strike; picket,strike_out_of_scope
2,10/19/2022,Haverhill,MA,strike; picket,strike_out_of_scope
2,10/19/2022,Plympton,MA,strike; picket,strike_out_of_scope
2,10/19/2022,Jessup,MD,strike; picket,strike_out_of_scope
2,10/19/2022,Lawrenceville,NJ,strike; picket,strike_out_of_scope
2,10/19/2022,New York,NY,strike; picket,strike_out_of_scope
2,10/19/2022,Sidney,NY,strike; picket,strike_out_of_scope
2,10/19/2022,Clinton,PA,strike; picket,strike_out_of_scope
2,10/19/2022,Pittsburgh,PA,strike; picket,strike_out_of_scope
2,10/19/2022,Pawtucket,RI,strike; picket,strike_out_of_scope
2,10/19/2022,East Wenatchee,WA,strike; picket,strike_out_of_scope
2,10/19/2022,Longview,WA,strike; picket,strike_out_of_scope
2,10/19/2022,Eau Claire,WI,strike; picket,strike_out_of_scope
2,10/19/2022,Sturtevant,WI,strike; picket,strike_out_of_scope
2,10/20/2022,Brookwood,AL,strike; picket,strike_out_of_scope
2,10/20/2022,Tolleson,AZ,strike; picket,strike_out_of_scope
2,10/20/2022,North Hollywood,CA,strike,strike_out_of_scope
2,10/20/2022,San Diego,CA,strike; picket,strike_out_of_scope
2,10/20/2022,San Francisco,CA,walkout,walkout_labor_precutoff
2,10/20/2022,Burlington,IA,strike; picket,strike_out_of_scope
2,10/20/2022,Cedar Rapids,IA,strike; picket,strike_out_of_scope
2,10/20/2022,Melrose Park,IL,strike; picket,strike_out_of_scope
2,10/20/2022,Elkhart,IN,strike; picket,strike_out_of_scope
2,10/20/2022,Holcomb,KS,strike; picket,strike_out_of_scope
2,10/20/2022,Haverhill,MA,strike; picket,strike_out_of_scope
2,10/20/2022,Plympton,MA,strike; picket,strike_out_of_scope
2,10/20/2022,Jessup,MD,strike; picket,strike_out_of_scope
2,10/20/2022,Lawrenceville,NJ,strike; picket,strike_out_of_scope
2,10/20/2022,New York,NY,strike; picket,strike_out_of_scope
2,10/20/2022,Sidney,NY,strike; picket,strike_out_of_scope
2,10/20/2022,Clinton,PA,strike; picket,strike_out_of_scope
2,10/20/2022,Pittsburgh,PA,strike; picket,strike_out_of_scope
2,10/20/2022,Pawtucket,RI,strike; picket,strike_out_of_scope
2,10/20/2022,East Wenatchee,WA,strike; picket,strike_out_of_scope
2,10/20/2022,Longview,WA,strike; picket,strike_out_of_scope
2,10/20/2022,Eau Claire,WI,strike; picket,strike_out_of_scope
2,10/20/2022,Sturtevant,WI,strike; picket,strike_out_of_scope
2,10/21/2022,Brookwood,AL,strike; picket,strike_out_of_scope
2,10/21/2022,North Hollywood,CA,strike; picket,strike_out_of_scope
2,10/21/2022,San Diego,CA,strike; picket,strike_out_of_scope
2,10/21/2022,Burlington,IA,strike; picket,strike_out_of_scope
2,10/21/2022,Cedar Rapids,IA,strike; picket,strike_out_of_scope
2,10/21/2022,Melrose Park,IL,strike; picket,strike_out_of_scope
2,10/21/2022,Elkhart,IN,strike; picket,strike_out_of_scope
2,10/21/2022,Holcomb,KS,strike; picket,strike_out_of_scope
2,10/21/2022,Livingston,LA,strike,strike_out_of_scope
2,10/21/2022,Jessup,MD,strike; picket,strike_out_of_scope
2,10/21/2022,Lawrenceville,NJ,strike; picket,strike_out_of_scope
2,10/21/2022,New York,NY,strike; picket,strike_out_of_scope
2,10/21/2022,Clinton,PA,strike; picket,strike_out_of_scope
2,10/21/2022,Pittsburgh,PA,strike; picket,strike_out_of_scope
2,10/21/2022,Pawtucket,RI,strike; picket,strike_out_of_scope
2,10/21/2022,East Wenatchee,WA,strike; picket,strike_out_of_scope
2,10/21/2022,Longview,WA,strike; picket,strike_out_of_scope
2,10/21/2022,Eau Claire,WI,strike; picket,strike_out_of_scope
2,10/21/2022,Sturtevant,WI,strike; picket,strike_out_of_scope
2,10/22/2022,Brookwood,AL,strike; picket,strike_out_of_scope
2,10/22/2022,North Hollywood,CA,strike,strike_out_of_scope
2,10/22/2022,San Diego,CA,strike; picket,strike_out_of_scope
2,10/22/2022,Burlington,IA,strike; picket,strike_out_of_scope
2,10/22/2022,Cedar Rapids,IA,strike; picket,strike_out_of_scope
2,10/22/2022,Melrose Park,IL,strike; picket,strike_out_of_scope
2,10/22/2022,Elkhart,IN,strike; picket,strike_out_of_scope
2,10/22/2022,Holcomb,KS,strike; picket,strike_out_of_scope
2,10/22/2022,Jessup,MD,strike; picket,strike_out_of_scope
2,10/22/2022,Lawrenceville,NJ,strike; picket,strike_out_of_scope
2,10/22/2022,New York,NY,strike; picket,strike_out_of_scope
2,10/22/2022,Clinton,PA,strike; picket,strike_out_of_scope
2,10/22/2022,Pittsburgh,PA,strike; picket,strike_out_of_scope
2,10/22/2022,Pawtucket,RI,strike; picket,strike_out_of_scope
2,10/22/2022,East Wenatchee,WA,strike; picket,strike_out_of_scope
2,10/22/2022,Longview,WA,strike; picket,strike_out_of_scope
2,10/22/2022,Eau Claire,WI,strike; picket,strike_out_of_scope
2,10/22/2022,Sturtevant,WI,strike; picket,strike_out_of_scope
2,10/23/2022,Brookwood,AL,strike; picket,strike_out_of_scope
2,10/23/2022,North Hollywood,CA,strike,strike_out_of_scope
2,10/23/2022,San Diego,CA,strike; picket,strike_out_of_scope
2,10/23/2022,Burlington,IA,strike; picket,strike_out_of_scope
2,10/23/2022,Cedar Rapids,IA,strike; picket,strike_out_of_scope
2,10/23/2022,Melrose Park,IL,strike; picket,strike_out_of_scope
2,10/23/2022,Elkhart,IN,strike; picket,strike_out_of_scope
2,10/23/2022,Holcomb,KS,strike; picket,strike_out_of_scope
2,10/23/2022,Jessup,MD,strike; picket,strike_out_of_scope
2,10/23/2022,Lawrenceville,NJ,strike; picket,strike_out_of_scope
2,10/23/2022,New York,NY,strike; picket,strike_out_of_scope
2,10/23/2022,Clinton,PA,strike; picket,strike_out_of_scope
2,10/23/2022,Pittsburgh,PA,strike; picket,strike_out_of_scope
2,10/23/2022,Pawtucket,RI,strike; picket,strike_out_of_scope
2,10/23/2022,East Wenatchee,WA,strike; picket,strike_out_of_scope
2,10/23/2022,Longview,WA,strike; picket,strike_out_of_scope
2,10/23/2022,Eau Claire,WI,strike; picket,strike_out_of_scope
2,10/23/2022,Sturtevant,WI,strike; picket,strike_out_of_scope
2,10/24/2022,Brookwood,AL,strike; picket,strike_out_of_scope
2,10/24/2022,Berkeley,CA,strike; picket,strike_out_of_scope
2,10/24/2022,North Hollywood,CA,strike,strike_out_of_scope
2,10/24/2022,Oakland,CA,strike; picket,strike_out_of_scope
2,10/24/2022,San Diego,CA,strike; picket,strike_out_of_scope
2,10/24/2022,Willimantic,CT,strike; picket,strike_out_of_scope
2,10/24/2022,Burlington,IA,strike; picket,strike_out_of_scope
2,10/24/2022,Cedar Rapids,IA,strike; picket,strike_out_of_scope
2,10/24/2022,Melrose Park,IL,strike; picket,strike_out_of_scope
2,10/24/2022,Elkhart,IN,strike; picket,strike_out_of_scope
2,10/24/2022,Holcomb,KS,strike; picket,strike_out_of_scope
2,10/24/2022,Jessup,MD,strike; picket,strike_out_of_scope
2,10/24/2022,Lawrenceville,NJ,strike; picket,strike_out_of_scope
2,10/24/2022,New York,NY,strike; picket,strike_out_of_scope
2,10/24/2022,Clinton,PA,strike; picket,strike_out_of_scope
2,10/24/2022,Pittsburgh,PA,strike; picket,strike_out_of_scope
2,10/24/2022,Pittsburgh,PA,strike; picket,strike_out_of_scope
2,10/24/2022,Pawtucket,RI,strike; picket,strike_out_of_scope
2,10/24/2022,East Wenatchee,WA,strike; picket,strike_out_of_scope
2,10/24/2022,Longview,WA,strike; picket,strike_out_of_scope
2,10/24/2022,Eau Claire,WI,strike; picket,strike_out_of_scope
2,10/24/2022,Sturtevant,WI,strike; picket,strike_out_of_scope
2,10/25/2022,Brookwood,AL,strike; picket,strike_out_of_scope
2,10/25/2022,Berkeley,CA,strike; picket,strike_out_of_scope
2,10/25/2022,North Hollywood,CA,strike,strike_out_of_scope
2,10/25/2022,Oakland,CA,strike; picket,strike_out_of_scope
2,10/25/2022,San Diego,CA,strike; picket,strike_out_of_scope
2,10/25/2022,Willimantic,CT,strike; picket,strike_out_of_scope
2,10/25/2022,Burlington,IA,strike; picket,strike_out_of_scope
2,10/25/2022,Cedar Rapids,IA,strike; picket,strike_out_of_scope
2,10/25/2022,Melrose Park,IL,strike; picket,strike_out_of_scope
2,10/25/2022,Elkhart,IN,strike; picket,strike_out_of_scope
2,10/25/2022,Holcomb,KS,strike; picket,strike_out_of_scope
2,10/25/2022,Jessup,MD,strike; picket,strike_out_of_scope
2,10/25/2022,Lawrenceville,NJ,strike; picket,strike_out_of_scope
2,10/25/2022,New York,NY,strike; picket,strike_out_of_scope
2,10/25/2022,New York,NY,strike; picket,strike_out_of_scope
2,10/25/2022,Clinton,PA,strike; picket,strike_out_of_scope
2,10/25/2022,Pittsburgh,PA,strike; picket,strike_out_of_scope
2,10/25/2022,Pawtucket,RI,strike; picket,strike_out_of_scope
2,10/25/2022,East Wenatchee,WA,strike; picket,strike_out_of_scope
2,10/25/2022,Longview,WA,strike; picket,strike_out_of_scope
2,10/25/2022,Eau Claire,WI,strike; picket,strike_out_of_scope
2,10/25/2022,Sturtevant,WI,strike; picket,strike_out_of_scope
2,10/26/2022,Brookwood,AL,strike; picket,strike_out_of_scope
2,10/26/2022,Berkeley,CA,strike; picket,strike_out_of_scope
2,10/26/2022,North Hollywood,CA,strike,strike_out_of_scope
2,10/26/2022,Oakland,CA,strike; picket,strike_out_of_scope
2,10/26/2022,San Diego,CA,strike; picket,strike_out_of_scope
2,10/26/2022,Burlington,IA,strike; picket,strike_out_of_scope
2,10/26/2022,Cedar Rapids,IA,strike; picket,strike_out_of_scope
2,10/26/2022,Melrose Park,IL,strike; picket,strike_out_of_scope
2,10/26/2022,Elkhart,IN,strike; picket,strike_out_of_scope
2,10/26/2022,Holcomb,KS,strike; picket,strike_out_of_scope
2,10/26/2022,Jessup,MD,strike; picket,strike_out_of_scope
2,10/26/2022,Detroit,MI,strike; picket,strike_out_of_scope
2,10/26/2022,Lawrenceville,NJ,strike; picket,strike_out_of_scope
2,10/26/2022,New York,NY,strike; picket,strike_out_of_scope
2,10/26/2022,New York,NY,strike; picket,strike_out_of_scope
2,10/26/2022,Clinton,PA,strike; picket,strike_out_of_scope
2,10/26/2022,Pittsburgh,PA,strike; picket,strike_out_of_scope
2,10/26/2022,Pawtucket,RI,strike; picket,strike_out_of_scope
2,10/26/2022,East Wenatchee,WA,strike; picket,strike_out_of_scope
2,10/26/2022,Longview,WA,strike; picket,strike_out_of_scope
2,10/26/2022,Eau Claire,WI,strike; picket,strike_out_of_scope
2,10/26/2022,Sturtevant,WI,strike; picket,strike_out_of_scope
2,10/27/2022,Brookwood,AL,strike; picket,strike_out_of_scope
2,10/27/2022,Berkeley,CA,strike; picket,strike_out_of_scope
2,10/27/2022,North Hollywood,CA,strike,strike_out_of_scope
2,10/27/2022,Oakland,CA,strike; picket,strike_out_of_scope
2,10/27/2022,San Diego,CA,strike; picket,strike_out_of_scope
2,10/27/2022,Burlington,IA,strike; picket,strike_out_of_scope
2,10/27/2022,Cedar Rapids,IA,strike; picket,strike_out_of_scope
2,10/27/2022,Melrose Park,IL,strike; picket,strike_out_of_scope
2,10/27/2022,Elkhart,IN,strike; picket,strike_out_of_scope
2,10/27/2022,Holcomb,KS,strike; picket,strike_out_of_scope
2,10/27/2022,Jessup,MD,strike; picket,strike_out_of_scope
2,10/27/2022,Lawrenceville,NJ,strike; picket,strike_out_of_scope
2,10/27/2022,New York,NY,strike; picket,strike_out_of_scope
2,10/27/2022,New York,NY,strike; picket,strike_out_of_scope
2,10/27/2022,Clinton,PA,strike; picket,strike_out_of_scope
2,10/27/2022,Pittsburgh,PA,strike; picket,strike_out_of_scope
2,10/27/2022,Pawtucket,RI,strike; picket,strike_out_of_scope
2,10/27/2022,East Wenatchee,WA,strike; picket,strike_out_of_scope
2,10/27/2022,Longview,WA,strike; picket,strike_out_of_scope
2,10/27/2022,Eau Claire,WI,strike; picket,strike_out_of_scope
2,10/27/2022,Sturtevant,WI,strike; picket,strike_out_of_scope
2,10/28/2022,Brookwood,AL,strike; picket,strike_out_of_scope
2,10/28/2022,Berkeley,CA,strike; picket,strike_out_of_scope
2,10/28/2022,Claremont,CA,strike; picket,strike_out_of_scope
2,10/28/2022,North Hollywood,CA,strike,strike_out_of_scope
2,10/28/2022,Oakland,CA,strike; picket,strike_out_of_scope
2,10/28/2022,San Diego,CA,strike; picket,strike_out_of_scope
2,10/28/2022,Burlington,IA,strike; picket,strike_out_of_scope
2,10/28/2022,Cedar Rapids,IA,strike; picket,strike_out_of_scope
2,10/28/2022,Melrose Park,IL,strike; picket,strike_out_of_scope
2,10/28/2022,Elkhart,IN,strike; picket,strike_out_of_scope
2,10/28/2022,Holcomb,KS,strike; picket,strike_out_of_scope
2,10/28/2022,Jessup,MD,strike; picket,strike_out_of_scope
2,10/28/2022,Kansas City,MO,strike; picket,strike_out_of_scope
2,10/28/2022,Lawrenceville,NJ,strike; picket,strike_out_of_scope
2,10/28/2022,New York,NY,strike; picket,strike_out_of_scope
2,10/28/2022,New York,NY,strike; picket,strike_out_of_scope
2,10/28/2022,Clinton,PA,strike; picket,strike_out_of_scope
2,10/28/2022,Pittsburgh,PA,strike; picket,strike_out_of_scope
2,10/28/2022,Pawtucket,RI,strike; picket,strike_out_of_scope
2,10/28/2022,East Wenatchee,WA,strike; picket,strike_out_of_scope
2,10/28/2022,Longview,WA,strike; picket,strike_out_of_scope
2,10/28/2022,Eau Claire,WI,strike; picket,strike_out_of_scope
2,10/28/2022,Sturtevant,WI,strike; picket,strike_out_of_scope
2,10/29/2022,Brookwood,AL,strike; picket,strike_out_of_scope
2,10/29/2022,Claremont,CA,strike; picket,strike_out_of_scope
2,10/29/2022,North Hollywood,CA,strike,strike_out_of_scope
2,10/29/2022,San Diego,CA,strike; picket,strike_out_of_scope
2,10/29/2022,Burlington,IA,strike; picket,strike_out_of_scope
2,10/29/2022,Cedar Rapids,IA,strike; picket,strike_out_of_scope
2,10/29/2022,Melrose Park,IL,strike; picket,strike_out_of_scope
2,10/29/2022,Elkhart,IN,strike; picket,strike_out_of_scope
2,10/29/2022,Holcomb,KS,strike; picket,strike_out_of_scope
2,10/29/2022,Jessup,MD,strike; picket,strike_out_of_scope
2,10/29/2022,Kansas City,MO,strike; picket,strike_out_of_scope
2,10/29/2022,Lawrenceville,NJ,strike; picket,strike_out_of_scope
2,10/29/2022,New York,NY,strike; picket,strike_out_of_scope
2,10/29/2022,New York,NY,strike; picket,strike_out_of_scope
2,10/29/2022,Clinton,PA,strike; picket,strike_out_of_scope
2,10/29/2022,Pittsburgh,PA,strike; picket,strike_out_of_scope
2,10/29/2022,Pawtucket,RI,strike; picket,strike_out_of_scope
2,10/29/2022,East Wenatchee,WA,strike; picket,strike_out_of_scope
2,10/29/2022,Longview,WA,strike; picket,strike_out_of_scope
2,10/29/2022,Eau Claire,WI,strike; picket,strike_out_of_scope
2,10/29/2022,Sturtevant,WI,strike; picket,strike_out_of_scope
2,10/30/2022,Brookwood,AL,strike; picket,strike_out_of_scope
2,10/30/2022,North Hollywood,CA,strike,strike_out_of_scope
2,10/30/2022,San Diego,CA,strike; picket,strike_out_of_scope
2,10/30/2022,Burlington,IA,strike; picket,strike_out_of_scope
2,10/30/2022,Cedar Rapids,IA,strike; picket,strike_out_of_scope
2,10/30/2022,Melrose Park,IL,strike; picket,strike_out_of_scope
2,10/30/2022,Elkhart,IN,strike; picket,strike_out_of_scope
2,10/30/2022,Holcomb,KS,strike; picket,strike_out_of_scope
2,10/30/2022,Jessup,MD,strike; picket,strike_out_of_scope
2,10/30/2022,Kansas City,MO,strike; picket,strike_out_of_scope
2,10/30/2022,Lawrenceville,NJ,strike; picket,strike_out_of_scope
2,10/30/2022,New York,NY,strike; picket,strike_out_of_scope
2,10/30/2022,New York,NY,strike; picket,strike_out_of_scope
2,10/30/2022,Clinton,PA,strike; picket,strike_out_of_scope
2,10/30/2022,Pittsburgh,PA,strike; picket,strike_out_of_scope
2,10/30/2022,Pawtucket,RI,strike; picket,strike_out_of_scope
2,10/30/2022,East Wenatchee,WA,strike; picket,strike_out_of_scope
2,10/30/2022,Longview,WA,strike; picket,strike_out_of_scope
2,10/30/2022,Eau Claire,WI,strike; picket,strike_out_of_scope
2,10/30/2022,Sturtevant,WI,strike; picket,strike_out_of_scope
2,10/31/2022,Brookwood,AL,strike; picket,strike_out_of_scope
2,10/31/2022,North Hollywood,CA,strike,strike_out_of_scope
2,10/31/2022,San Diego,CA,strike; picket,strike_out_of_scope
2,10/31/2022,Burlington,IA,strike; picket,strike_out_of_scope
2,10/31/2022,Cedar Rapids,IA,strike; picket,strike_out_of_scope
2,10/31/2022,Melrose Park,IL,strike; picket,strike_out_of_scope
2,10/31/2022,Elkhart,IN,strike; picket,strike_out_of_scope
2,10/31/2022,Holcomb,KS,strike; picket,strike_out_of_scope
2,10/31/2022,Jessup,MD,strike; picket,strike_out_of_scope
2,10/31/2022,Kansas City,MO,strike; picket,strike_out_of_scope
2,10/31/2022,Lawrenceville,NJ,strike; picket,strike_out_of_scope
2,10/31/2022,New York,NY,strike; picket,strike_out_of_scope
2,10/31/2022,New York,NY,strike; picket,strike_out_of_scope
2,10/31/2022,Clinton,PA,strike; picket,strike_out_of_scope
2,10/31/2022,Pittsburgh,PA,strike; picket,strike_out_of_scope
2,10/31/2022,Pawtucket,RI,strike; picket,strike_out_of_scope
2,10/31/2022,Longview,WA,strike; picket,strike_out_of_scope
2,10/31/2022,Eau Claire,WI,strike; picket,strike_out_of_scope
2,10/31/2022,Sturtevant,WI,strike; picket,strike_out_of_scope
2,11/1/2022,Brookwood,AL,strike; picket,strike_out_of_scope
2,11/1/2022,Los Angeles,CA,strike; picket,strike_out_of_scope
2,11/1/2022,North Hollywood,CA,strike,strike_out_of_scope
2,11/1/2022,Sacramento,CA,strike; picket,strike_out_of_scope
2,11/1/2022,San Diego,CA,strike; picket,strike_out_of_scope
2,11/1/2022,Burlington,IA,strike; picket,strike_out_of_scope
2,11/1/2022,Cedar Rapids,IA,strike; picket,strike_out_of_scope
2,11/1/2022,Melrose Park,IL,strike; picket,strike_out_of_scope
2,11/1/2022,Elkhart,IN,strike; picket,strike_out_of_scope
2,11/1/2022,Holcomb,KS,strike; picket,strike_out_of_scope
2,11/1/2022,London,KY,strike; picket,strike_out_of_scope
2,11/1/2022,Bogalusa,LA,strike; picket,strike_out_of_scope
2,11/1/2022,Jessup,MD,strike; picket,strike_out_of_scope
2,11/1/2022,Kansas City,MO,strike; picket,strike_out_of_scope
2,11/1/2022,Hattiesburg,MS,strike; picket,strike_out_of_scope
2,11/1/2022,Lawrenceville,NJ,strike; picket,strike_out_of_scope
2,11/1/2022,New York,NY,strike; picket,strike_out_of_scope
2,11/1/2022,New York,NY,strike; picket,strike_out_of_scope
2,11/1/2022,Clinton,PA,strike; picket,strike_out_of_scope
2,11/1/2022,Pittsburgh,PA,strike; picket,strike_out_of_scope
2,11/1/2022,Pawtucket,RI,strike; picket,strike_out_of_scope
2,11/1/2022,Chester,VA,strike; picket,strike_out_of_scope
2,11/1/2022,Eau Claire,WI,strike; picket,strike_out_of_scope
2,11/1/2022,Sturtevant,WI,strike; picket,strike_out_of_scope
2,11/2/2022,Brookwood,AL,strike; picket,strike_out_of_scope
2,11/2/2022,Los Angeles,CA,strike; picket,strike_out_of_scope
2,11/2/2022,North Hollywood,CA,strike,strike_out_of_scope
2,11/2/2022,Sacramento,CA,strike; picket,strike_out_of_scope
2,11/2/2022,San Diego,CA,strike; picket,strike_out_of_scope
2,11/2/2022,Burlington,IA,strike; picket,strike_out_of_scope
2,11/2/2022,Cedar Rapids,IA,strike; picket,strike_out_of_scope
2,11/2/2022,Melrose Park,IL,strike; picket,strike_out_of_scope
2,11/2/2022,Elkhart,IN,strike; picket,strike_out_of_scope
2,11/2/2022,Holcomb,KS,strike; picket,strike_out_of_scope
2,11/2/2022,Jessup,MD,strike; picket,strike_out_of_scope
2,11/2/2022,Kansas City,MO,strike; picket,strike_out_of_scope
2,11/2/2022,Lawrenceville,NJ,strike; picket,strike_out_of_scope
2,11/2/2022,New York,NY,strike; picket,strike_out_of_scope
2,11/2/2022,New York,NY,strike; picket,strike_out_of_scope
2,11/2/2022,Clinton,PA,strike; picket,strike_out_of_scope
2,11/2/2022,Pittsburgh,PA,strike; picket,strike_out_of_scope
2,11/2/2022,Pawtucket,RI,strike; picket,strike_out_of_scope
2,11/2/2022,Eau Claire,WI,strike; picket,strike_out_of_scope
2,11/2/2022,Sturtevant,WI,strike; picket,strike_out_of_scope
2,11/3/2022,Brookwood,AL,strike; picket,strike_out_of_scope
2,11/3/2022,Los Angeles,CA,strike; picket,strike_out_of_scope
2,11/3/2022,North Hollywood,CA,strike,strike_out_of_scope
2,11/3/2022,Sacramento,CA,strike; picket,strike_out_of_scope
2,11/3/2022,San Diego,CA,strike; picket,strike_out_of_scope
2,11/3/2022,Santa Ana,CA,strike; picket,strike_out_of_scope
2,11/3/2022,Burlington,IA,strike; picket,strike_out_of_scope
2,11/3/2022,Cedar Rapids,IA,strike; picket,strike_out_of_scope
2,11/3/2022,Melrose Park,IL,strike; picket,strike_out_of_scope
2,11/3/2022,Elkhart,IN,strike; picket,strike_out_of_scope
2,11/3/2022,Holcomb,KS,strike; picket,strike_out_of_scope
2,11/3/2022,Jessup,MD,strike; picket,strike_out_of_scope
2,11/3/2022,Kansas City,MO,strike; picket,strike_out_of_scope
2,11/3/2022,Lawrenceville,NJ,strike; picket,strike_out_of_scope
2,11/3/2022,New York,NY,strike; picket,strike_out_of_scope
2,11/3/2022,New York,NY,strike; picket,strike_out_of_scope
2,11/3/2022,Clinton,PA,strike; picket,strike_out_of_scope
2,11/3/2022,Pittsburgh,PA,strike; picket,strike_out_of_scope
2,11/3/2022,Pawtucket,RI,strike; picket,strike_out_of_scope
2,11/3/2022,Eau Claire,WI,strike; picket,strike_out_of_scope
2,11/3/2022,Sturtevant,WI,strike; picket,strike_out_of_scope
2,11/4/2022,Brookwood,AL,strike; picket,strike_out_of_scope
2,11/4/2022,Los Angeles,CA,strike; picket,strike_out_of_scope
2,11/4/2022,North Hollywood,CA,strike,strike_out_of_scope
2,11/4/2022,Sacramento,CA,strike; picket,strike_out_of_scope
2,11/4/2022,San Diego,CA,strike; picket,strike_out_of_scope
2,11/4/2022,Santa Ana,CA,strike; picket,strike_out_of_scope
2,11/4/2022,Burlington,IA,strike; picket,strike_out_of_scope
2,11/4/2022,Cedar Rapids,IA,strike; picket,strike_out_of_scope
2,11/4/2022,Melrose Park,IL,strike; picket,strike_out_of_scope
2,11/4/2022,Elkhart,IN,strike; picket,strike_out_of_scope
2,11/4/2022,Holcomb,KS,strike; picket,strike_out_of_scope
2,11/4/2022,Jessup,MD,strike; picket,strike_out_of_scope
2,11/4/2022,Kansas City,MO,strike; picket,strike_out_of_scope
2,11/4/2022,Lawrenceville,NJ,strike; picket,strike_out_of_scope
2,11/4/2022,Buffalo,NY,strike; picket,strike_out_of_scope
2,11/4/2022,New York,NY,strike; picket,strike_out_of_scope
2,11/4/2022,New York,NY,strike; picket,strike_out_of_scope
2,11/4/2022,Utica,NY,strike; picket,strike_out_of_scope
2,11/4/2022,Clinton,PA,strike; picket,strike_out_of_scope
2,11/4/2022,Pittsburgh,PA,strike; picket,strike_out_of_scope
2,11/4/2022,Pawtucket,RI,strike; picket,strike_out_of_scope
2,11/4/2022,Austin,TX,strike; picket,strike_out_of_scope
2,11/4/2022,Eau Claire,WI,strike; picket,strike_out_of_scope
2,11/4/2022,Sturtevant,WI,strike; picket,strike_out_of_scope
2,11/5/2022,Brookwood,AL,strike; picket,strike_out_of_scope
2,11/5/2022,Los Angeles,CA,strike; picket,strike_out_of_scope
2,11/5/2022,North Hollywood,CA,strike; picket,strike_out_of_scope
2,11/5/2022,Sacramento,CA,strike; picket,strike_out_of_scope
2,11/5/2022,San Diego,CA,strike; picket,strike_out_of_scope
2,11/5/2022,Santa Ana,CA,strike; picket,strike_out_of_scope
2,11/5/2022,Burlington,IA,strike; picket,strike_out_of_scope
2,11/5/2022,Cedar Rapids,IA,strike; picket,strike_out_of_scope
2,11/5/2022,Melrose Park,IL,strike; picket,strike_out_of_scope
2,11/5/2022,Elkhart,IN,strike; picket,strike_out_of_scope
2,11/5/2022,Holcomb,KS,strike; picket,strike_out_of_scope
2,11/5/2022,Jessup,MD,strike; picket,strike_out_of_scope
2,11/5/2022,Kansas City,MO,strike; picket,strike_out_of_scope
2,11/5/2022,Lawrenceville,NJ,strike; picket,strike_out_of_scope
2,11/5/2022,Buffalo,NY,strike; picket,strike_out_of_scope
2,11/5/2022,New York,NY,strike; picket,strike_out_of_scope
2,11/5/2022,New York,NY,strike; picket,strike_out_of_scope
2,11/5/2022,Clinton,PA,strike; picket,strike_out_of_scope
2,11/5/2022,Pittsburgh,PA,strike; picket,strike_out_of_scope
2,11/5/2022,Pawtucket,RI,strike; picket,strike_out_of_scope
2,11/5/2022,Eau Claire,WI,strike; picket,strike_out_of_scope
2,11/5/2022,Sturtevant,WI,strike; picket,strike_out_of_scope
2,11/6/2022,Brookwood,AL,strike; picket,strike_out_of_scope
2,11/6/2022,Los Angeles,CA,strike; picket,strike_out_of_scope
2,11/6/2022,Sacramento,CA,strike; picket,strike_out_of_scope
2,11/6/2022,San Diego,CA,strike; picket,strike_out_of_scope
2,11/6/2022,Santa Ana,CA,strike; picket,strike_out_of_scope
2,11/6/2022,Burlington,IA,strike; picket,strike_out_of_scope
2,11/6/2022,Cedar Rapids,IA,strike; picket,strike_out_of_scope
2,11/6/2022,Melrose Park,IL,strike; picket,strike_out_of_scope
2,11/6/2022,Elkhart,IN,strike; picket,strike_out_of_scope
2,11/6/2022,Holcomb,KS,strike; picket,strike_out_of_scope
2,11/6/2022,Jessup,MD,strike; picket,strike_out_of_scope
2,11/6/2022,Kansas City,MO,strike; picket,strike_out_of_scope
2,11/6/2022,Lawrenceville,NJ,strike; picket,strike_out_of_scope
2,11/6/2022,New York,NY,strike; picket,strike_out_of_scope
2,11/6/2022,New York,NY,strike; picket,strike_out_of_scope
2,11/6/2022,Clinton,PA,strike; picket,strike_out_of_scope
2,11/6/2022,Pittsburgh,PA,strike; picket,strike_out_of_scope
2,11/6/2022,Pawtucket,RI,strike; picket,strike_out_of_scope
2,11/6/2022,Eau Claire,WI,strike; picket,strike_out_of_scope
2,11/6/2022,Sturtevant,WI,strike; picket,strike_out_of_scope
2,11/7/2022,Brookwood,AL,strike; picket,strike_out_of_scope
2,11/7/2022,Los Angeles,CA,strike; picket,strike_out_of_scope
2,11/7/2022,Sacramento,CA,strike; picket,strike_out_of_scope
2,11/7/2022,San Diego,CA,strike; picket,strike_out_of_scope
2,11/7/2022,Burlington,IA,strike; picket,strike_out_of_scope
2,11/7/2022,Cedar Rapids,IA,strike; picket,strike_out_of_scope
2,11/7/2022,Melrose Park,IL,strike; picket,strike_out_of_scope
2,11/7/2022,Elkhart,IN,strike; picket,strike_out_of_scope
2,11/7/2022,Holcomb,KS,strike; picket,strike_out_of_scope
2,11/7/2022,Jessup,MD,strike; picket,strike_out_of_scope
2,11/7/2022,Kansas City,MO,strike; picket,strike_out_of_scope
2,11/7/2022,Lawrenceville,NJ,strike; picket,strike_out_of_scope
2,11/7/2022,New York,NY,strike; picket,strike_out_of_scope
2,11/7/2022,New York,NY,strike; picket,strike_out_of_scope
2,11/7/2022,Clinton,PA,strike; picket,strike_out_of_scope
2,11/7/2022,Pittsburgh,PA,strike; picket,strike_out_of_scope
2,11/7/2022,Pawtucket,RI,strike; picket,strike_out_of_scope
2,11/7/2022,Eau Claire,WI,strike; picket,strike_out_of_scope
2,11/7/2022,Sturtevant,WI,strike; picket,strike_out_of_scope
2,11/8/2022,Brookwood,AL,strike; picket,strike_out_of_scope
2,11/8/2022,Los Angeles,CA,strike; picket,strike_out_of_scope
2,11/8/2022,Sacramento,CA,strike; picket,strike_out_of_scope
2,11/8/2022,San Diego,CA,strike; picket,strike_out_of_scope
2,11/8/2022,Burlington,IA,strike; picket,strike_out_of_scope
2,11/8/2022,Cedar Rapids,IA,strike; picket,strike_out_of_scope
2,11/8/2022,Melrose Park,IL,strike; picket,strike_out_of_scope
2,11/8/2022,Elkhart,IN,strike; picket,strike_out_of_scope
2,11/8/2022,Holcomb,KS,strike; picket,strike_out_of_scope
2,11/8/2022,Jessup,MD,strike; picket,strike_out_of_scope
2,11/8/2022,Kansas City,MO,strike; picket,strike_out_of_scope
2,11/8/2022,Lawrenceville,NJ,strike; picket,strike_out_of_scope
2,11/8/2022,New York,NY,strike; picket,strike_out_of_scope
2,11/8/2022,New York,NY,strike; picket,strike_out_of_scope
2,11/8/2022,Clinton,PA,strike; picket,strike_out_of_scope
2,11/8/2022,Pittsburgh,PA,strike; picket,strike_out_of_scope
2,11/8/2022,Pawtucket,RI,strike; picket,strike_out_of_scope
2,11/8/2022,Eau Claire,WI,strike; picket,strike_out_of_scope
2,11/8/2022,Sturtevant,WI,strike; picket,strike_out_of_scope
2,11/9/2022,Brookwood,AL,strike; picket; march,strike_out_of_scope
2,11/9/2022,Los Angeles,CA,strike; picket,strike_out_of_scope
2,11/9/2022,Sacramento,CA,strike; picket,strike_out_of_scope
2,11/9/2022,San Diego,CA,strike; picket,strike_out_of_scope
2,11/9/2022,Burlington,IA,strike; picket,strike_out_of_scope
2,11/9/2022,Cedar Rapids,IA,strike; picket,strike_out_of_scope
2,11/9/2022,Melrose Park,IL,strike; picket,strike_out_of_scope
2,11/9/2022,Elkhart,IN,strike; picket,strike_out_of_scope
2,11/9/2022,Holcomb,KS,strike; picket,strike_out_of_scope
2,11/9/2022,Jessup,MD,strike; picket,strike_out_of_scope
2,11/9/2022,Kansas City,MO,strike; picket,strike_out_of_scope
2,11/9/2022,Lawrenceville,NJ,strike; picket,strike_out_of_scope
2,11/9/2022,New York,NY,strike; picket,strike_out_of_scope
2,11/9/2022,New York,NY,strike; picket,strike_out_of_scope
2,11/9/2022,Clinton,PA,strike; picket,strike_out_of_scope
2,11/9/2022,Pittsburgh,PA,strike; picket,strike_out_of_scope
2,11/9/2022,Pawtucket,RI,strike; picket,strike_out_of_scope
2,11/9/2022,Eau Claire,WI,strike; picket,strike_out_of_scope
2,11/9/2022,Sturtevant,WI,strike; picket,strike_out_of_scope
2,11/10/2022,Brookwood,AL,strike; picket,strike_out_of_scope
2,11/10/2022,Los Angeles,CA,strike; picket,strike_out_of_scope
2,11/10/2022,Sacramento,CA,strike; picket,strike_out_of_scope
2,11/10/2022,San Diego,CA,strike; picket,strike_out_of_scope
2,11/10/2022,Burlington,IA,strike; picket,strike_out_of_scope
2,11/10/2022,Cedar Rapids,IA,strike; picket,strike_out_of_scope
2,11/10/2022,Melrose Park,IL,strike; picket,strike_out_of_scope
2,11/10/2022,Elkhart,IN,strike; picket,strike_out_of_scope
2,11/10/2022,Holcomb,KS,strike; picket,strike_out_of_scope
2,11/10/2022,Jessup,MD,strike; picket,strike_out_of_scope
2,11/10/2022,Kansas City,MO,strike; picket,strike_out_of_scope
2,11/10/2022,Lawrenceville,NJ,strike; picket,strike_out_of_scope
2,11/10/2022,New York,NY,strike; picket; rally,strike_out_of_scope
2,11/10/2022,New York,NY,strike; picket,strike_out_of_scope
2,11/10/2022,Clinton,PA,strike; picket,strike_out_of_scope
2,11/10/2022,Pittsburgh,PA,strike; picket,strike_out_of_scope
2,11/10/2022,Pawtucket,RI,strike; picket,strike_out_of_scope
2,11/10/2022,Eau Claire,WI,strike; picket,strike_out_of_scope
2,11/10/2022,Sturtevant,WI,strike; picket,strike_out_of_scope
2,11/11/2022,Brookwood,AL,strike; picket,strike_out_of_scope
2,11/11/2022,Los Angeles,CA,strike; picket,strike_out_of_scope
2,11/11/2022,Sacramento,CA,strike; picket,strike_out_of_scope
2,11/11/2022,San Diego,CA,strike; picket,strike_out_of_scope
2,11/11/2022,Burlington,IA,strike; picket,strike_out_of_scope
2,11/11/2022,Cedar Rapids,IA,strike; picket,strike_out_of_scope
2,11/11/2022,Melrose Park,IL,strike; picket,strike_out_of_scope
2,11/11/2022,Elkhart,IN,strike; picket,strike_out_of_scope
2,11/11/2022,Holcomb,KS,strike; picket,strike_out_of_scope
2,11/11/2022,Jessup,MD,strike; picket,strike_out_of_scope
2,11/11/2022,Kansas City,MO,strike; picket,strike_out_of_scope
2,11/11/2022,Lawrenceville,NJ,strike; picket,strike_out_of_scope
2,11/11/2022,New York,NY,strike; picket,strike_out_of_scope
2,11/11/2022,New York,NY,strike; picket,strike_out_of_scope
2,11/11/2022,New York,NY,strike; picket,strike_out_of_scope
2,11/11/2022,Clinton,PA,strike; picket,strike_out_of_scope
2,11/11/2022,Pittsburgh,PA,strike; picket,strike_out_of_scope
2,11/11/2022,Pawtucket,RI,strike; picket,strike_out_of_scope
2,11/11/2022,Eau Claire,WI,strike; picket,strike_out_of_scope
2,11/11/2022,Sturtevant,WI,strike; picket,strike_out_of_scope
2,11/12/2022,Brookwood,AL,strike; picket,strike_out_of_scope
2,11/12/2022,Los Angeles,CA,strike; picket,strike_out_of_scope
2,11/12/2022,Sacramento,CA,strike; picket,strike_out_of_scope
2,11/12/2022,San Diego,CA,strike; picket,strike_out_of_scope
2,11/12/2022,Burlington,IA,strike; picket,strike_out_of_scope
2,11/12/2022,Cedar Rapids,IA,strike; picket,strike_out_of_scope
2,11/12/2022,Melrose Park,IL,strike; picket,strike_out_of_scope
2,11/12/2022,Elkhart,IN,strike; picket,strike_out_of_scope
2,11/12/2022,Holcomb,KS,strike; picket,strike_out_of_scope
2,11/12/2022,Jessup,MD,strike; picket,strike_out_of_scope
2,11/12/2022,Kansas City,MO,strike; picket,strike_out_of_scope
2,11/12/2022,Lawrenceville,NJ,strike; picket,strike_out_of_scope
2,11/12/2022,New York,NY,strike; picket,strike_out_of_scope
2,11/12/2022,New York,NY,strike; picket,strike_out_of_scope
2,11/12/2022,Clinton,PA,strike; picket,strike_out_of_scope
2,11/12/2022,Pittsburgh,PA,strike; picket,strike_out_of_scope
2,11/12/2022,Pawtucket,RI,strike; picket,strike_out_of_scope
2,11/12/2022,Dallas,TX,walkout; stike; picket,walkout_labor_precutoff
2,11/12/2022,Eau Claire,WI,strike; picket,strike_out_of_scope
2,11/12/2022,Sturtevant,WI,strike; picket,strike_out_of_scope
2,11/13/2022,Brookwood,AL,strike; picket,strike_out_of_scope
2,11/13/2022,Los Angeles,CA,strike; picket,strike_out_of_scope
2,11/13/2022,Sacramento,CA,strike; picket,strike_out_of_scope
2,11/13/2022,San Diego,CA,strike; picket,strike_out_of_scope
2,11/13/2022,Burlington,IA,strike; picket,strike_out_of_scope
2,11/13/2022,Cedar Rapids,IA,strike; picket,strike_out_of_scope
2,11/13/2022,Melrose Park,IL,strike; picket,strike_out_of_scope
2,11/13/2022,Elkhart,IN,strike; picket,strike_out_of_scope
2,11/13/2022,Holcomb,KS,strike; picket,strike_out_of_scope
2,11/13/2022,Jessup,MD,strike; picket,strike_out_of_scope
2,11/13/2022,Kansas City,MO,strike; picket,strike_out_of_scope
2,11/13/2022,Lawrenceville,NJ,strike; picket,strike_out_of_scope
2,11/13/2022,New York,NY,strike; picket,strike_out_of_scope
2,11/13/2022,New York,NY,strike; picket,strike_out_of_scope
2,11/13/2022,Clinton,PA,strike; picket,strike_out_of_scope
2,11/13/2022,Pittsburgh,PA,strike; picket,strike_out_of_scope
2,11/13/2022,Pawtucket,RI,strike; picket,strike_out_of_scope
2,11/13/2022,Eau Claire,WI,strike; picket,strike_out_of_scope
2,11/13/2022,Sturtevant,WI,strike; picket,strike_out_of_scope
2,11/14/2022,Brookwood,AL,strike; picket,strike_out_of_scope
2,11/14/2022,Berkeley,CA,strike; picket,strike_out_of_scope
2,11/14/2022,Davis,CA,strike; picket,strike_out_of_scope
2,11/14/2022,Irvine,CA,strike; picket,strike_out_of_scope
2,11/14/2022,Los Angeles,CA,strike; picket,strike_out_of_scope
2,11/14/2022,Merced,CA,strike; picket,strike_out_of_scope
2,11/14/2022,Riverside,CA,strike; picket,strike_out_of_scope
2,11/14/2022,San Diego,CA,strike; picket,strike_out_of_scope
2,11/14/2022,San Diego,CA,strike; picket,strike_out_of_scope
2,11/14/2022,San Francisco,CA,strike; picket,strike_out_of_scope
2,11/14/2022,Santa Barbara,CA,strike; picket,strike_out_of_scope
2,11/14/2022,Santa Cruz,CA,strike; picket,strike_out_of_scope
2,11/14/2022,Burlington,IA,strike; picket,strike_out_of_scope
2,11/14/2022,Cedar Rapids,IA,strike; picket,strike_out_of_scope
2,11/14/2022,Melrose Park,IL,strike; picket,strike_out_of_scope
2,11/14/2022,Elkhart,IN,strike; picket,strike_out_of_scope
2,11/14/2022,Holcomb,KS,strike; picket,strike_out_of_scope
2,11/14/2022,Jessup,MD,strike; picket,strike_out_of_scope
2,11/14/2022,Kansas City,MO,strike; picket,strike_out_of_scope
2,11/14/2022,Lawrenceville,NJ,strike; picket,strike_out_of_scope
2,11/14/2022,New York,NY,strike; picket,strike_out_of_scope
2,11/14/2022,New York,NY,strike; picket,strike_out_of_scope
2,11/14/2022,New York,NY,strike; picket,strike_out_of_scope
2,11/14/2022,Amherst,OH,strike; picket,strike_out_of_scope
2,11/14/2022,Clinton,PA,strike; picket,strike_out_of_scope
2,11/14/2022,Pittsburgh,PA,strike; picket,strike_out_of_scope
2,11/14/2022,Pawtucket,RI,strike; picket,strike_out_of_scope
2,11/14/2022,Eau Claire,WI,strike; picket,strike_out_of_scope
2,11/14/2022,Sturtevant,WI,strike; picket,strike_out_of_scope
2,11/15/2022,Brookwood,AL,strike; picket,strike_out_of_scope
2,11/15/2022,Berkeley,CA,strike; picket,strike_out_of_scope
2,11/15/2022,Davis,CA,strike; picket,strike_out_of_scope
2,11/15/2022,Irvine,CA,strike; picket,strike_out_of_scope
2,11/15/2022,Los Angeles,CA,strike; picket,strike_out_of_scope
2,11/15/2022,Los Angeles,CA,strike; picket,strike_out_of_scope
2,11/15/2022,Merced,CA,strike; picket,strike_out_of_scope
2,11/15/2022,Newport Beach,CA,strike; picket,strike_out_of_scope
2,11/15/2022,Riverside,CA,strike; picket,strike_out_of_scope
2,11/15/2022,Sacramento,CA,strike; picket; march,strike_out_of_scope
2,11/15/2022,San Diego,CA,strike; picket,strike_out_of_scope
2,11/15/2022,San Diego,CA,strike; picket,strike_out_of_scope
2,11/15/2022,San Francisco,CA,strike; picket,strike_out_of_scope
2,11/15/2022,San Francisco,CA,strike; picket,strike_out_of_scope
2,11/15/2022,Santa Barbara,CA,strike; picket,strike_out_of_scope
2,11/15/2022,Santa Cruz,CA,strike; picket,strike_out_of_scope
2,11/15/2022,Burlington,IA,strike; picket,strike_out_of_scope
2,11/15/2022,Cedar Rapids,IA,strike; picket,strike_out_of_scope
2,11/15/2022,Melrose Park,IL,strike; picket,strike_out_of_scope
2,11/15/2022,Elkhart,IN,strike; picket,strike_out_of_scope
2,11/15/2022,Holcomb,KS,strike; picket,strike_out_of_scope
2,11/15/2022,Jessup,MD,strike; picket,strike_out_of_scope
2,11/15/2022,Kansas City,MO,strike; picket,strike_out_of_scope
2,11/15/2022,Lawrenceville,NJ,strike; picket,strike_out_of_scope
2,11/15/2022,New York,NY,strike; picket; rally,strike_out_of_scope
2,11/15/2022,New York,NY,strike; picket,strike_out_of_scope
2,11/15/2022,New York,NY,strike; picket,strike_out_of_scope
2,11/15/2022,Amherst,OH,strike; picket,strike_out_of_scope
2,11/15/2022,Clinton,PA,strike; picket,strike_out_of_scope
2,11/15/2022,Pittsburgh,PA,strike; picket,strike_out_of_scope
2,11/15/2022,Pawtucket,RI,strike; picket,strike_out_of_scope
2,11/15/2022,Eau Claire,WI,strike; picket,strike_out_of_scope
2,11/15/2022,Sturtevant,WI,strike; picket,strike_out_of_scope
2,11/16/2022,Brookwood,AL,strike; picket,strike_out_of_scope
2,11/16/2022,Berkeley,CA,strike; picket,strike_out_of_scope
2,11/16/2022,Davis,CA,strike; picket,strike_out_of_scope
2,11/16/2022,Irvine,CA,strike; picket,strike_out_of_scope
2,11/16/2022,Los Angeles,CA,strike; picket,strike_out_of_scope
2,11/16/2022,Merced,CA,strike; picket,strike_out_of_scope
2,11/16/2022,Riverside,CA,strike; picket,strike_out_of_scope
2,11/16/2022,San Diego,CA,strike; picket,strike_out_of_scope
2,11/16/2022,San Diego,CA,strike; picket,strike_out_of_scope
2,11/16/2022,San Francisco,CA,strike; picket,strike_out_of_scope
2,11/16/2022,Santa Barbara,CA,strike; picket,strike_out_of_scope
2,11/16/2022,Santa Cruz,CA,strike; picket,strike_out_of_scope
2,11/16/2022,Burlington,IA,strike; picket,strike_out_of_scope
2,11/16/2022,Cedar Rapids,IA,strike; picket,strike_out_of_scope
2,11/16/2022,Melrose Park,IL,strike; picket,strike_out_of_scope
2,11/16/2022,Elkhart,IN,strike; picket,strike_out_of_scope
2,11/16/2022,Holcomb,KS,strike; picket,strike_out_of_scope
2,11/16/2022,Jessup,MD,strike; picket,strike_out_of_scope
2,11/16/2022,Kansas City,MO,strike; picket,strike_out_of_scope
2,11/16/2022,Lawrenceville,NJ,strike; picket,strike_out_of_scope
2,11/16/2022,New York,NY,strike; picket,strike_out_of_scope
2,11/16/2022,New York,NY,strike; picket,strike_out_of_scope
2,11/16/2022,New York,NY,strike; picket,strike_out_of_scope
2,11/16/2022,New York,NY,strike; picket,strike_out_of_scope
2,11/16/2022,Amherst,OH,strike; picket,strike_out_of_scope
2,11/16/2022,Clinton,PA,strike; picket,strike_out_of_scope
2,11/16/2022,Pittsburgh,PA,strike; picket,strike_out_of_scope
2,11/16/2022,Pawtucket,RI,strike; picket,strike_out_of_scope
2,11/16/2022,Eau Claire,WI,strike; picket,strike_out_of_scope
2,11/16/2022,Sturtevant,WI,strike; picket,strike_out_of_scope
2,11/17/2022,Brookwood,AL,strike; picket,strike_out_of_scope
2,11/17/2022,Avondale,AZ,strike; picket,strike_out_of_scope
2,11/17/2022,Mesa,AZ,strike; picket,strike_out_of_scope
2,11/17/2022,Anaheim,CA,strike; picket,strike_out_of_scope
2,11/17/2022,Barstow,CA,strike; picket,strike_out_of_scope
2,11/17/2022,Berkeley,CA,strike; picket,strike_out_of_scope
2,11/17/2022,Capitola,CA,strike; picket,strike_out_of_scope
2,11/17/2022,Davis,CA,strike; picket,strike_out_of_scope
2,11/17/2022,Irvine,CA,strike; picket,strike_out_of_scope
2,11/17/2022,Lakewood,CA,strike; picket,strike_out_of_scope
2,11/17/2022,Long Beach,CA,strike; picket,strike_out_of_scope
2,11/17/2022,Los Angeles,CA,strike; picket,strike_out_of_scope
2,11/17/2022,Los Angeles,CA,strike; picket,strike_out_of_scope
2,11/17/2022,Los Angeles,CA,strike; picket,strike_out_of_scope
2,11/17/2022,Merced,CA,strike; picket,strike_out_of_scope
2,11/17/2022,Riverside,CA,strike; picket,strike_out_of_scope
2,11/17/2022,San Diego,CA,strike; picket,strike_out_of_scope
2,11/17/2022,San Diego,CA,strike; picket,strike_out_of_scope
2,11/17/2022,San Francisco,CA,strike; picket,strike_out_of_scope
2,11/17/2022,San Francisco,CA,strike; picket,strike_out_of_scope
2,11/17/2022,Santa Barbara,CA,strike; picket,strike_out_of_scope
2,11/17/2022,Santa Cruz,CA,strike; picket,strike_out_of_scope
2,11/17/2022,Santa Cruz,CA,strike; picket,strike_out_of_scope
2,11/17/2022,Santa Cruz,CA,strike; picket,strike_out_of_scope
2,11/17/2022,Colorado Springs,CO,strike; picket,strike_out_of_scope
2,11/17/2022,Denver,CO,strike; picket,strike_out_of_scope
2,11/17/2022,Greeley,CO,strike; picket,strike_out_of_scope
2,11/17/2022,Superior,CO,strike; picket,strike_out_of_scope
2,11/17/2022,Jacksonville,FL,strike; picket,strike_out_of_scope
2,11/17/2022,Jacksonville,FL,strike; picket,strike_out_of_scope
2,11/17/2022,Tallahassee,FL,strike; picket,strike_out_of_scope
2,11/17/2022,Burlington,IA,strike; picket,strike_out_of_scope
2,11/17/2022,Cedar Rapids,IA,strike; picket,strike_out_of_scope
2,11/17/2022,Carbondale,IL,strike; picket,strike_out_of_scope
2,11/17/2022,Cary,IL,strike; picket,strike_out_of_scope
2,11/17/2022,Chicago,IL,strike; picket,strike_out_of_scope
2,11/17/2022,Chicago,IL,strike; picket,strike_out_of_scope
2,11/17/2022,Elmhurst,IL,strike; picket,strike_out_of_scope
2,11/17/2022,Melrose Park,IL,strike; picket,strike_out_of_scope
2,11/17/2022,Rockford,IL,strike; picket,strike_out_of_scope
2,11/17/2022,Elkhart,IN,strike; picket,strike_out_of_scope
2,11/17/2022,Holcomb,KS,strike; picket,strike_out_of_scope
2,11/17/2022,Overland Park,KS,strike; picket,strike_out_of_scope
2,11/17/2022,Louisville,KY,strike; picket,strike_out_of_scope
2,11/17/2022,Boston,MA,strike; picket,strike_out_of_scope
2,11/17/2022,Boston,MA,strike; picket,strike_out_of_scope
2,11/17/2022,Boston,MA,strike; picket,strike_out_of_scope
2,11/17/2022,Brighton,MA,strike; picket,strike_out_of_scope
2,11/17/2022,Brookline,MA,strike; picket,strike_out_of_scope
2,11/17/2022,Brookline,MA,strike; picket,strike_out_of_scope
2,11/17/2022,Gardner,MA,strike; picket,strike_out_of_scope
2,11/17/2022,Baltimore,MD,strike; picket,strike_out_of_scope
2,11/17/2022,Jessup,MD,strike; picket,strike_out_of_scope
2,11/17/2022,Nottingham,MD,strike; picket,strike_out_of_scope
2,11/17/2022,Olney,MD,strike; picket,strike_out_of_scope
2,11/17/2022,Biddeford,ME,strike; picket,strike_out_of_scope
2,11/17/2022,Ann Arbor,MI,strike; picket,strike_out_of_scope
2,11/17/2022,Ann Arbor,MI,strike; picket,strike_out_of_scope
2,11/17/2022,Ann Arbor,MI,strike; picket,strike_out_of_scope
2,11/17/2022,Clinton Township,MI,strike; picket,strike_out_of_scope
2,11/17/2022,East Lansing,MI,strike; picket,strike_out_of_scope
2,11/17/2022,Lansing,MI,strike; picket,strike_out_of_scope
2,11/17/2022,Mount Pleasant,MI,strike; picket,strike_out_of_scope
2,11/17/2022,Saint Anthony,MN,strike; picket,strike_out_of_scope
2,11/17/2022,Saint Paul,MN,strike; picket,strike_out_of_scope
2,11/17/2022,Independence,MO,strike; picket,strike_out_of_scope
2,11/17/2022,Kansas City,MO,strike; picket,strike_out_of_scope
2,11/17/2022,Ladue,MO,strike; picket,strike_out_of_scope
2,11/17/2022,Richmond Heights,MO,strike; picket,strike_out_of_scope
2,11/17/2022,Saint Louis,MO,strike; picket,strike_out_of_scope
2,11/17/2022,Hamilton Township,NJ,strike; picket,strike_out_of_scope
2,11/17/2022,Lawrenceville,NJ,strike; picket,strike_out_of_scope
2,11/17/2022,Montclair,NJ,strike; picket,strike_out_of_scope
2,11/17/2022,Pennington,NJ,strike; picket,strike_out_of_scope
2,11/17/2022,Summit,NJ,strike; picket,strike_out_of_scope
2,11/17/2022,Buffalo,NY,strike; picket,strike_out_of_scope
2,11/17/2022,Buffalo,NY,strike; picket,strike_out_of_scope
2,11/17/2022,Cheektowaga,NY,strike; picket,strike_out_of_scope
2,11/17/2022,Farmingville,NY,strike; picket,strike_out_of_scope
2,11/17/2022,Ithaca,NY,strike; picket,strike_out_of_scope
2,11/17/2022,Maspeth,NY,strike; picket,strike_out_of_scope
2,11/17/2022,New York,NY,strike; picket,strike_out_of_scope
2,11/17/2022,New York,NY,strike; picket,strike_out_of_scope
2,11/17/2022,New York,NY,strike; picket,strike_out_of_scope
2,11/17/2022,New York,NY,strike; picket,strike_out_of_scope
2,11/17/2022,New York,NY,strike; picket,strike_out_of_scope
2,11/17/2022,New York,NY,strike; picket,strike_out_of_scope
2,11/17/2022,New York,NY,strike; picket,strike_out_of_scope
2,11/17/2022,New York,NY,strike; picket,strike_out_of_scope
2,11/17/2022,New York,NY,strike; picket,strike_out_of_scope
2,11/17/2022,Amherst,OH,strike; picket,strike_out_of_scope
2,11/17/2022,Cleveland,OH,strike; picket,strike_out_of_scope
2,11/17/2022,Cleveland Heights,OH,strike; picket,strike_out_of_scope
2,11/17/2022,Columbus,OH,strike; picket,strike_out_of_scope
2,11/17/2022,Westlake,OH,strike; picket,strike_out_of_scope
2,11/17/2022,Eugene,OR,strike; picket,strike_out_of_scope
2,11/17/2022,Eugene,OR,strike; picket,strike_out_of_scope
2,11/17/2022,Eugene,OR,strike; picket,strike_out_of_scope
2,11/17/2022,Eugene,OR,strike; picket,strike_out_of_scope
2,11/17/2022,Eugene,OR,strike; picket,strike_out_of_scope
2,11/17/2022,Eugene,OR,strike; picket,strike_out_of_scope
2,11/17/2022,Eugene,OR,strike; picket,strike_out_of_scope
2,11/17/2022,Portland,OR,strike; picket,strike_out_of_scope
2,11/17/2022,Portland,OR,strike; picket,strike_out_of_scope
2,11/17/2022,Portland,OR,strike; picket,strike_out_of_scope
2,11/17/2022,Allison Park,PA,strike; picket,strike_out_of_scope
2,11/17/2022,Clinton,PA,strike; picket,strike_out_of_scope
2,11/17/2022,Philadelphia,PA,strike; picket,strike_out_of_scope
2,11/17/2022,Philadelphia,PA,strike; picket,strike_out_of_scope
2,11/17/2022,Philadelphia,PA,strike; picket,strike_out_of_scope
2,11/17/2022,Philadelphia,PA,strike; picket,strike_out_of_scope
2,11/17/2022,Pittsburgh,PA,strike; picket,strike_out_of_scope
2,11/17/2022,Pittsburgh,PA,strike; picket,strike_out_of_scope
2,11/17/2022,Pittsburgh,PA,strike; picket,strike_out_of_scope
2,11/17/2022,Pittsburgh,PA,strike; picket,strike_out_of_scope
2,11/17/2022,Pittsburgh,PA,strike; picket,strike_out_of_scope
2,11/17/2022,Pittsburgh,PA,strike; picket,strike_out_of_scope
2,11/17/2022,Pawtucket,RI,strike; picket,strike_out_of_scope
2,11/17/2022,Anderson,SC,strike; picket,strike_out_of_scope
2,11/17/2022,Columbia,SC,strike; picket,strike_out_of_scope
2,11/17/2022,Alcoa,TN,strike; picket,strike_out_of_scope
2,11/17/2022,Knoxville,TN,strike; picket,strike_out_of_scope
2,11/17/2022,Memphis,TN,strike; picket,strike_out_of_scope
2,11/17/2022,Austin,TX,strike; picket,strike_out_of_scope
2,11/17/2022,Houston,TX,strike; picket,strike_out_of_scope
2,11/17/2022,San Antonio,TX,strike; picket,strike_out_of_scope
2,11/17/2022,Salt Lake City,UT,strike; picket,strike_out_of_scope
2,11/17/2022,Arlington,VA,strike; picket,strike_out_of_scope
2,11/17/2022,Falls Church,VA,strike; picket,strike_out_of_scope
2,11/17/2022,Richmond,VA,strike; picket,strike_out_of_scope
2,11/17/2022,Bellingham,WA,strike; picket,strike_out_of_scope
2,11/17/2022,Bellingham,WA,strike; picket,strike_out_of_scope
2,11/17/2022,Bellingham,WA,strike; picket,strike_out_of_scope
2,11/17/2022,Everett,WA,strike; picket,strike_out_of_scope
2,11/17/2022,Seattle,WA,strike; picket,strike_out_of_scope
2,11/17/2022,Seattle,WA,strike; picket,strike_out_of_scope
2,11/17/2022,Seattle,WA,strike; picket,strike_out_of_scope
2,11/17/2022,Tumwater,WA,strike; picket,strike_out_of_scope
2,11/17/2022,Eau Claire,WI,strike; picket,strike_out_of_scope
2,11/17/2022,Green Bay,WI,strike; picket,strike_out_of_scope
2,11/17/2022,Madison,WI,strike; picket,strike_out_of_scope
2,11/17/2022,Sturtevant,WI,strike; picket,strike_out_of_scope
2,11/18/2022,Brookwood,AL,strike; picket,strike_out_of_scope
2,11/18/2022,Berkeley,CA,strike; picket,strike_out_of_scope
2,11/18/2022,Davis,CA,strike; picket,strike_out_of_scope
2,11/18/2022,Irvine,CA,strike; picket,strike_out_of_scope
2,11/18/2022,Los Angeles,CA,strike; picket,strike_out_of_scope
2,11/18/2022,Merced,CA,strike; picket,strike_out_of_scope
2,11/18/2022,Riverside,CA,strike; picket,strike_out_of_scope
2,11/18/2022,San Diego,CA,strike; picket,strike_out_of_scope
2,11/18/2022,San Diego,CA,strike; picket,strike_out_of_scope
2,11/18/2022,San Francisco,CA,strike; picket,strike_out_of_scope
2,11/18/2022,Santa Barbara,CA,strike; picket,strike_out_of_scope
2,11/18/2022,Santa Cruz,CA,strike; picket,strike_out_of_scope
2,11/18/2022,Burlington,IA,strike; picket,strike_out_of_scope
2,11/18/2022,Cedar Rapids,IA,strike; picket,strike_out_of_scope
2,11/18/2022,Melrose Park,IL,strike; picket,strike_out_of_scope
2,11/18/2022,Elkhart,IN,strike; picket,strike_out_of_scope
2,11/18/2022,Holcomb,KS,strike; picket,strike_out_of_scope
2,11/18/2022,Jessup,MD,strike; picket,strike_out_of_scope
2,11/18/2022,Kansas City,MO,strike; picket,strike_out_of_scope
2,11/18/2022,Lawrenceville,NJ,strike; picket,strike_out_of_scope
2,11/18/2022,New York,NY,strike; picket,strike_out_of_scope
2,11/18/2022,New York,NY,strike; picket,strike_out_of_scope
2,11/18/2022,New York,NY,strike; picket,strike_out_of_scope
2,11/18/2022,New York,NY,strike; picket,strike_out_of_scope
2,11/18/2022,Amherst,OH,strike; picket,strike_out_of_scope
2,11/18/2022,Clinton,PA,strike; picket,strike_out_of_scope
2,11/18/2022,Pittsburgh,PA,strike; picket,strike_out_of_scope
2,11/18/2022,Pawtucket,RI,strike; picket,strike_out_of_scope
2,11/18/2022,Eau Claire,WI,strike; picket,strike_out_of_scope
2,11/18/2022,Sturtevant,WI,strike; picket,strike_out_of_scope
2,11/19/2022,Brookwood,AL,strike; picket,strike_out_of_scope
2,11/19/2022,Berkeley,CA,strike,strike_out_of_scope
2,11/19/2022,Davis,CA,strike,strike_out_of_scope
2,11/19/2022,Irvine,CA,strike,strike_out_of_scope
2,11/19/2022,Los Angeles,CA,strike,strike_out_of_scope
2,11/19/2022,Merced,CA,strike,strike_out_of_scope
2,11/19/2022,Riverside,CA,strike,strike_out_of_scope
2,11/19/2022,San Diego,CA,strike; picket,strike_out_of_scope
2,11/19/2022,San Diego,CA,strike,strike_out_of_scope
2,11/19/2022,San Francisco,CA,strike,strike_out_of_scope
2,11/19/2022,Santa Barbara,CA,strike,strike_out_of_scope
2,11/19/2022,Santa Cruz,CA,strike,strike_out_of_scope
2,11/19/2022,Burlington,IA,strike; picket,strike_out_of_scope
2,11/19/2022,Cedar Rapids,IA,strike; picket,strike_out_of_scope
2,11/19/2022,Melrose Park,IL,strike; picket,strike_out_of_scope
2,11/19/2022,Elkhart,IN,strike; picket,strike_out_of_scope
2,11/19/2022,Holcomb,KS,strike; picket,strike_out_of_scope
2,11/19/2022,Jessup,MD,strike; picket,strike_out_of_scope
2,11/19/2022,Kansas City,MO,strike; picket,strike_out_of_scope
2,11/19/2022,Lawrenceville,NJ,strike; picket,strike_out_of_scope
2,11/19/2022,New York,NY,strike,strike_out_of_scope
2,11/19/2022,New York,NY,strike; picket,strike_out_of_scope
2,11/19/2022,New York,NY,strike; picket,strike_out_of_scope
2,11/19/2022,New York,NY,strike; picket,strike_out_of_scope
2,11/19/2022,Amherst,OH,strike; picket,strike_out_of_scope
2,11/19/2022,Clinton,PA,strike; picket,strike_out_of_scope
2,11/19/2022,Pittsburgh,PA,strike; picket,strike_out_of_scope
2,11/19/2022,Pawtucket,RI,strike; picket,strike_out_of_scope
2,11/19/2022,Eau Claire,WI,strike; picket,strike_out_of_scope
2,11/19/2022,Sturtevant,WI,strike; picket,strike_out_of_scope
2,11/20/2022,Brookwood,AL,strike; picket,strike_out_of_scope
2,11/20/2022,Berkeley,CA,strike,strike_out_of_scope
2,11/20/2022,Davis,CA,strike,strike_out_of_scope
2,11/20/2022,Irvine,CA,strike,strike_out_of_scope
2,11/20/2022,Los Angeles,CA,strike,strike_out_of_scope
2,11/20/2022,Merced,CA,strike,strike_out_of_scope
2,11/20/2022,Riverside,CA,strike,strike_out_of_scope
2,11/20/2022,San Diego,CA,strike; picket,strike_out_of_scope
2,11/20/2022,San Diego,CA,strike,strike_out_of_scope
2,11/20/2022,San Francisco,CA,strike,strike_out_of_scope
2,11/20/2022,Santa Barbara,CA,strike,strike_out_of_scope
2,11/20/2022,Santa Cruz,CA,strike,strike_out_of_scope
2,11/20/2022,Burlington,IA,strike; picket,strike_out_of_scope
2,11/20/2022,Cedar Rapids,IA,strike; picket,strike_out_of_scope
2,11/20/2022,Melrose Park,IL,strike; picket,strike_out_of_scope
2,11/20/2022,Elkhart,IN,strike; picket,strike_out_of_scope
2,11/20/2022,Holcomb,KS,strike; picket,strike_out_of_scope
2,11/20/2022,Jessup,MD,strike; picket,strike_out_of_scope
2,11/20/2022,Williamsport,MD,strike; picket,strike_out_of_scope
2,11/20/2022,Kansas City,MO,strike; picket,strike_out_of_scope
2,11/20/2022,Lawrenceville,NJ,strike; picket,strike_out_of_scope
2,11/20/2022,New York,NY,strike,strike_out_of_scope
2,11/20/2022,New York,NY,strike; picket,strike_out_of_scope
2,11/20/2022,New York,NY,strike; picket,strike_out_of_scope
2,11/20/2022,New York,NY,strike; picket,strike_out_of_scope
2,11/20/2022,Amherst,OH,strike; picket,strike_out_of_scope
2,11/20/2022,Clinton,PA,strike; picket,strike_out_of_scope
2,11/20/2022,Pittsburgh,PA,strike; picket,strike_out_of_scope
2,11/20/2022,Pawtucket,RI,strike; picket,strike_out_of_scope
2,11/20/2022,Eau Claire,WI,strike; picket,strike_out_of_scope
2,11/20/2022,Sturtevant,WI,strike; picket,strike_out_of_scope
2,11/21/2022,Brookwood,AL,strike; picket,strike_out_of_scope
2,11/21/2022,Berkeley,CA,strike; picket,strike_out_of_scope
2,11/21/2022,Davis,CA,strike; picket,strike_out_of_scope
2,11/21/2022,Irvine,CA,strike; picket,strike_out_of_scope
2,11/21/2022,Los Angeles,CA,strike; picket,strike_out_of_scope
2,11/21/2022,Merced,CA,strike; picket,strike_out_of_scope
2,11/21/2022,Riverside,CA,strike; picket,strike_out_of_scope
2,11/21/2022,San Diego,CA,strike; picket,strike_out_of_scope
2,11/21/2022,San Diego,CA,strike; picket,strike_out_of_scope
2,11/21/2022,San Francisco,CA,strike; picket,strike_out_of_scope
2,11/21/2022,Santa Barbara,CA,strike; picket,strike_out_of_scope
2,11/21/2022,Santa Cruz,CA,strike; picket,strike_out_of_scope
2,11/21/2022,Burlington,IA,strike; picket,strike_out_of_scope
2,11/21/2022,Cedar Rapids,IA,strike; picket,strike_out_of_scope
2,11/21/2022,Melrose Park,IL,strike; picket,strike_out_of_scope
2,11/21/2022,Elkhart,IN,strike; picket,strike_out_of_scope
2,11/21/2022,Holcomb,KS,strike; picket,strike_out_of_scope
2,11/21/2022,Jessup,MD,strike; picket,strike_out_of_scope
2,11/21/2022,Williamsport,MD,strike; picket,strike_out_of_scope
2,11/21/2022,Kansas City,MO,strike; picket,strike_out_of_scope
2,11/21/2022,Lawrenceville,NJ,strike; picket,strike_out_of_scope
2,11/21/2022,New York,NY,strike; picket,strike_out_of_scope
2,11/21/2022,New York,NY,strike; picket,strike_out_of_scope
2,11/21/2022,New York,NY,strike; picket,strike_out_of_scope
2,11/21/2022,New York,NY,strike; picket,strike_out_of_scope
2,11/21/2022,Amherst,OH,strike; picket,strike_out_of_scope
2,11/21/2022,Clinton,PA,strike; picket,strike_out_of_scope
2,11/21/2022,Pittsburgh,PA,strike; picket,strike_out_of_scope
2,11/21/2022,Pawtucket,RI,strike; picket,strike_out_of_scope
2,11/21/2022,Eau Claire,WI,strike; picket,strike_out_of_scope
2,11/21/2022,Sturtevant,WI,strike; picket,strike_out_of_scope
2,11/22/2022,Brookwood,AL,strike; picket,strike_out_of_scope
2,11/22/2022,Mobile,AL,strike; picket,strike_out_of_scope
2,11/22/2022,Berkeley,CA,strike; picket,strike_out_of_scope
2,11/22/2022,Davis,CA,strike; picket,strike_out_of_scope
2,11/22/2022,Irvine,CA,strike; picket,strike_out_of_scope
2,11/22/2022,Los Angeles,CA,strike; picket,strike_out_of_scope
2,11/22/2022,Merced,CA,strike; picket,strike_out_of_scope
2,11/22/2022,Riverside,CA,strike; picket,strike_out_of_scope
2,11/22/2022,San Diego,CA,strike; picket,strike_out_of_scope
2,11/22/2022,San Diego,CA,strike; picket,strike_out_of_scope
2,11/22/2022,San Francisco,CA,strike; picket,strike_out_of_scope
2,11/22/2022,Santa Barbara,CA,strike; picket,strike_out_of_scope
2,11/22/2022,Santa Cruz,CA,strike; picket,strike_out_of_scope
2,11/22/2022,Burlington,IA,strike; picket,strike_out_of_scope
2,11/22/2022,Cedar Rapids,IA,strike; picket,strike_out_of_scope
2,11/22/2022,Melrose Park,IL,strike; picket,strike_out_of_scope
2,11/22/2022,Elkhart,IN,strike; picket,strike_out_of_scope
2,11/22/2022,Holcomb,KS,strike; picket,strike_out_of_scope
2,11/22/2022,Jessup,MD,strike; picket,strike_out_of_scope
2,11/22/2022,Williamsport,MD,strike; picket,strike_out_of_scope
2,11/22/2022,Kansas City,MO,strike; picket,strike_out_of_scope
2,11/22/2022,Lawrenceville,NJ,strike; picket,strike_out_of_scope
2,11/22/2022,New York,NY,strike; picket,strike_out_of_scope
2,11/22/2022,New York,NY,strike; picket,strike_out_of_scope
2,11/22/2022,New York,NY,strike; picket,strike_out_of_scope
2,11/22/2022,New York,NY,strike; picket,strike_out_of_scope
2,11/22/2022,Amherst,OH,strike; picket,strike_out_of_scope
2,11/22/2022,Clinton,PA,strike; picket,strike_out_of_scope
2,11/22/2022,Pittsburgh,PA,strike; picket,strike_out_of_scope
2,11/22/2022,Pawtucket,RI,strike; picket,strike_out_of_scope
2,11/22/2022,Eau Claire,WI,strike; picket,strike_out_of_scope
2,11/22/2022,Sturtevant,WI,strike; picket,strike_out_of_scope
2,11/23/2022,Brookwood,AL,strike; picket,strike_out_of_scope
2,11/23/2022,Mobile,AL,strike; picket,strike_out_of_scope
2,11/23/2022,Berkeley,CA,strike; picket,strike_out_of_scope
2,11/23/2022,Davis,CA,strike; picket,strike_out_of_scope
2,11/23/2022,Irvine,CA,strike; picket,strike_out_of_scope
2,11/23/2022,Los Angeles,CA,strike; picket,strike_out_of_scope
2,11/23/2022,Merced,CA,strike; picket,strike_out_of_scope
2,11/23/2022,Riverside,CA,strike; picket,strike_out_of_scope
2,11/23/2022,San Diego,CA,strike; picket,strike_out_of_scope
2,11/23/2022,San Diego,CA,strike; picket,strike_out_of_scope
2,11/23/2022,San Francisco,CA,strike; picket,strike_out_of_scope
2,11/23/2022,Santa Barbara,CA,strike; picket,strike_out_of_scope
2,11/23/2022,Santa Cruz,CA,strike; picket,strike_out_of_scope
2,11/23/2022,Burlington,IA,strike; picket,strike_out_of_scope
2,11/23/2022,Cedar Rapids,IA,strike; picket,strike_out_of_scope
2,11/23/2022,Melrose Park,IL,strike; picket,strike_out_of_scope
2,11/23/2022,Elkhart,IN,strike; picket,strike_out_of_scope
2,11/23/2022,Holcomb,KS,strike; picket,strike_out_of_scope
2,11/23/2022,Jessup,MD,strike; picket,strike_out_of_scope
2,11/23/2022,Williamsport,MD,strike; picket,strike_out_of_scope
2,11/23/2022,Kansas City,MO,strike; picket,strike_out_of_scope
2,11/23/2022,Lawrenceville,NJ,strike; picket,strike_out_of_scope
2,11/23/2022,New York,NY,strike; picket,strike_out_of_scope
2,11/23/2022,New York,NY,strike; picket,strike_out_of_scope
2,11/23/2022,New York,NY,strike; picket,strike_out_of_scope
2,11/23/2022,New York,NY,strike; picket,strike_out_of_scope
2,11/23/2022,Amherst,OH,strike; picket,strike_out_of_scope
2,11/23/2022,Clinton,PA,strike; picket,strike_out_of_scope
2,11/23/2022,Pittsburgh,PA,strike; picket,strike_out_of_scope
2,11/23/2022,Pawtucket,RI,strike; picket,strike_out_of_scope
2,11/23/2022,Eau Claire,WI,strike; picket,strike_out_of_scope
2,11/23/2022,Sturtevant,WI,strike; picket,strike_out_of_scope
2,11/24/2022,Brookwood,AL,strike; picket,strike_out_of_scope
2,11/24/2022,Mobile,AL,strike; picket,strike_out_of_scope
2,11/24/2022,Berkeley,CA,strike,strike_out_of_scope
2,11/24/2022,Davis,CA,strike,strike_out_of_scope
2,11/24/2022,Irvine,CA,strike,strike_out_of_scope
2,11/24/2022,Los Angeles,CA,strike,strike_out_of_scope
2,11/24/2022,Merced,CA,strike,strike_out_of_scope
2,11/24/2022,Riverside,CA,strike,strike_out_of_scope
2,11/24/2022,San Diego,CA,strike; picket,strike_out_of_scope
2,11/24/2022,San Diego,CA,strike,strike_out_of_scope
2,11/24/2022,San Francisco,CA,strike,strike_out_of_scope
2,11/24/2022,Santa Barbara,CA,strike,strike_out_of_scope
2,11/24/2022,Santa Cruz,CA,strike,strike_out_of_scope
2,11/24/2022,Burlington,IA,strike; picket,strike_out_of_scope
2,11/24/2022,Cedar Rapids,IA,strike; picket,strike_out_of_scope
2,11/24/2022,Melrose Park,IL,strike; picket,strike_out_of_scope
2,11/24/2022,Elkhart,IN,strike; picket,strike_out_of_scope
2,11/24/2022,Holcomb,KS,strike; picket,strike_out_of_scope
2,11/24/2022,Jessup,MD,strike; picket,strike_out_of_scope
2,11/24/2022,Williamsport,MD,strike; picket,strike_out_of_scope
2,11/24/2022,Kansas City,MO,strike; picket,strike_out_of_scope
2,11/24/2022,Lawrenceville,NJ,strike; picket,strike_out_of_scope
2,11/24/2022,New York,NY,strike,strike_out_of_scope
2,11/24/2022,New York,NY,strike; picket,strike_out_of_scope
2,11/24/2022,New York,NY,strike,strike_out_of_scope
2,11/24/2022,New York,NY,strike; picket,strike_out_of_scope
2,11/24/2022,Amherst,OH,strike; picket,strike_out_of_scope
2,11/24/2022,Clinton,PA,strike; picket,strike_out_of_scope
2,11/24/2022,Pittsburgh,PA,strike; picket,strike_out_of_scope
2,11/24/2022,Pawtucket,RI,strike; picket,strike_out_of_scope
2,11/24/2022,Eau Claire,WI,strike; picket,strike_out_of_scope
2,11/24/2022,Sturtevant,WI,strike; picket,strike_out_of_scope
2,11/25/2022,Brookwood,AL,strike; picket,strike_out_of_scope
2,11/25/2022,Mobile,AL,strike; picket,strike_out_of_scope
2,11/25/2022,Berkeley,CA,strike,strike_out_of_scope
2,11/25/2022,Davis,CA,strike,strike_out_of_scope
2,11/25/2022,Irvine,CA,strike,strike_out_of_scope
2,11/25/2022,Los Angeles,CA,strike,strike_out_of_scope
2,11/25/2022,Merced,CA,strike,strike_out_of_scope
2,11/25/2022,Riverside,CA,strike,strike_out_of_scope
2,11/25/2022,San Diego,CA,strike; picket,strike_out_of_scope
2,11/25/2022,San Diego,CA,strike,strike_out_of_scope
2,11/25/2022,San Francisco,CA,strike,strike_out_of_scope
2,11/25/2022,Santa Barbara,CA,strike,strike_out_of_scope
2,11/25/2022,Santa Cruz,CA,strike,strike_out_of_scope
2,11/25/2022,Burlington,IA,strike; picket,strike_out_of_scope
2,11/25/2022,Cedar Rapids,IA,strike; picket,strike_out_of_scope
2,11/25/2022,Melrose Park,IL,strike; picket,strike_out_of_scope
2,11/25/2022,Elkhart,IN,strike; picket,strike_out_of_scope
2,11/25/2022,Holcomb,KS,strike; picket,strike_out_of_scope
2,11/25/2022,Jessup,MD,strike; picket,strike_out_of_scope
2,11/25/2022,Williamsport,MD,strike; picket,strike_out_of_scope
2,11/25/2022,Kansas City,MO,strike; picket,strike_out_of_scope
2,11/25/2022,Saint Peters,MO,strike,strike_out_of_scope
2,11/25/2022,Lawrenceville,NJ,strike; picket,strike_out_of_scope
2,11/25/2022,New York,NY,strike,strike_out_of_scope
2,11/25/2022,New York,NY,strike; picket,strike_out_of_scope
2,11/25/2022,New York,NY,strike; picket,strike_out_of_scope
2,11/25/2022,New York,NY,strike; picket,strike_out_of_scope
2,11/25/2022,Amherst,OH,strike; picket,strike_out_of_scope
2,11/25/2022,Clinton,PA,strike; picket,strike_out_of_scope
2,11/25/2022,Pittsburgh,PA,strike; picket,strike_out_of_scope
2,11/25/2022,Pawtucket,RI,strike; picket,strike_out_of_scope
2,11/25/2022,Eau Claire,WI,strike; picket,strike_out_of_scope
2,11/25/2022,Sturtevant,WI,strike; picket,strike_out_of_scope
2,11/26/2022,Brookwood,AL,strike; picket,strike_out_of_scope
2,11/26/2022,Mobile,AL,strike; picket,strike_out_of_scope
2,11/26/2022,Berkeley,CA,strike,strike_out_of_scope
2,11/26/2022,Davis,CA,strike,strike_out_of_scope
2,11/26/2022,Irvine,CA,strike,strike_out_of_scope
2,11/26/2022,Los Angeles,CA,strike,strike_out_of_scope
2,11/26/2022,Merced,CA,strike,strike_out_of_scope
2,11/26/2022,Riverside,CA,strike,strike_out_of_scope
2,11/26/2022,San Diego,CA,strike; picket,strike_out_of_scope
2,11/26/2022,San Diego,CA,strike,strike_out_of_scope
2,11/26/2022,San Francisco,CA,strike,strike_out_of_scope
2,11/26/2022,Santa Barbara,CA,strike,strike_out_of_scope
2,11/26/2022,Santa Cruz,CA,strike,strike_out_of_scope
2,11/26/2022,Burlington,IA,strike; picket,strike_out_of_scope
2,11/26/2022,Cedar Rapids,IA,strike; picket,strike_out_of_scope
2,11/26/2022,Melrose Park,IL,strike; picket,strike_out_of_scope
2,11/26/2022,Elkhart,IN,strike; picket,strike_out_of_scope
2,11/26/2022,Holcomb,KS,strike; picket,strike_out_of_scope
2,11/26/2022,Jessup,MD,strike; picket,strike_out_of_scope
2,11/26/2022,Williamsport,MD,strike; picket,strike_out_of_scope
2,11/26/2022,Kansas City,MO,strike; picket,strike_out_of_scope
2,11/26/2022,Lawrenceville,NJ,strike; picket,strike_out_of_scope
2,11/26/2022,New York,NY,strike,strike_out_of_scope
2,11/26/2022,New York,NY,strike; picket,strike_out_of_scope
2,11/26/2022,New York,NY,strike,strike_out_of_scope
2,11/26/2022,New York,NY,strike; picket,strike_out_of_scope
2,11/26/2022,Amherst,OH,strike; picket,strike_out_of_scope
2,11/26/2022,Clinton,PA,strike; picket,strike_out_of_scope
2,11/26/2022,Pittsburgh,PA,strike; picket,strike_out_of_scope
2,11/26/2022,Pawtucket,RI,strike; picket,strike_out_of_scope
2,11/26/2022,Eau Claire,WI,strike; picket,strike_out_of_scope
2,11/26/2022,Sturtevant,WI,strike; picket,strike_out_of_scope
2,11/27/2022,Brookwood,AL,strike; picket,strike_out_of_scope
2,11/27/2022,Mobile,AL,strike; picket,strike_out_of_scope
2,11/27/2022,Berkeley,CA,strike,strike_out_of_scope
2,11/27/2022,Davis,CA,strike,strike_out_of_scope
2,11/27/2022,Irvine,CA,strike,strike_out_of_scope
2,11/27/2022,Los Angeles,CA,strike,strike_out_of_scope
2,11/27/2022,Merced,CA,strike,strike_out_of_scope
2,11/27/2022,Riverside,CA,strike,strike_out_of_scope
2,11/27/2022,San Diego,CA,strike; picket,strike_out_of_scope
2,11/27/2022,San Diego,CA,strike,strike_out_of_scope
2,11/27/2022,San Francisco,CA,strike,strike_out_of_scope
2,11/27/2022,Santa Barbara,CA,strike,strike_out_of_scope
2,11/27/2022,Santa Cruz,CA,strike,strike_out_of_scope
2,11/27/2022,Burlington,IA,strike; picket,strike_out_of_scope
2,11/27/2022,Cedar Rapids,IA,strike; picket,strike_out_of_scope
2,11/27/2022,Melrose Park,IL,strike; picket,strike_out_of_scope
2,11/27/2022,Elkhart,IN,strike; picket,strike_out_of_scope
2,11/27/2022,Holcomb,KS,strike; picket,strike_out_of_scope
2,11/27/2022,Jessup,MD,strike; picket,strike_out_of_scope
2,11/27/2022,Williamsport,MD,strike; picket,strike_out_of_scope
2,11/27/2022,Kansas City,MO,strike; picket,strike_out_of_scope
2,11/27/2022,Lawrenceville,NJ,strike; picket,strike_out_of_scope
2,11/27/2022,New York,NY,strike,strike_out_of_scope
2,11/27/2022,New York,NY,strike; picket,strike_out_of_scope
2,11/27/2022,New York,NY,strike,strike_out_of_scope
2,11/27/2022,New York,NY,strike; picket,strike_out_of_scope
2,11/27/2022,Amherst,OH,strike; picket,strike_out_of_scope
2,11/27/2022,Clinton,PA,strike; picket,strike_out_of_scope
2,11/27/2022,Pittsburgh,PA,strike; picket,strike_out_of_scope
2,11/27/2022,Pawtucket,RI,strike; picket,strike_out_of_scope
2,11/27/2022,Eau Claire,WI,strike; picket,strike_out_of_scope
2,11/27/2022,Sturtevant,WI,strike; picket,strike_out_of_scope
2,11/28/2022,Brookwood,AL,strike; picket,strike_out_of_scope
2,11/28/2022,Mobile,AL,strike; picket,strike_out_of_scope
2,11/28/2022,Berkeley,CA,strike; picket,strike_out_of_scope
2,11/28/2022,Davis,CA,strike; picket,strike_out_of_scope
2,11/28/2022,Irvine,CA,strike; picket,strike_out_of_scope
2,11/28/2022,Los Angeles,CA,strike; picket; march,strike_out_of_scope
2,11/28/2022,Merced,CA,strike; picket,strike_out_of_scope
2,11/28/2022,Oakland,CA,march; strike,strike_out_of_scope
2,11/28/2022,Riverside,CA,strike; picket,strike_out_of_scope
2,11/28/2022,San Diego,CA,strike; picket,strike_out_of_scope
2,11/28/2022,San Diego,CA,strike; picket,strike_out_of_scope
2,11/28/2022,San Francisco,CA,strike; picket,strike_out_of_scope
2,11/28/2022,Santa Barbara,CA,strike; picket,strike_out_of_scope
2,11/28/2022,Santa Cruz,CA,strike; picket,strike_out_of_scope
2,11/28/2022,Burlington,IA,strike; picket,strike_out_of_scope
2,11/28/2022,Cedar Rapids,IA,strike; picket,strike_out_of_scope
2,11/28/2022,Joliet,IL,walkout; strike; picket,strike_out_of_scope
2,11/28/2022,Melrose Park,IL,strike; picket,strike_out_of_scope
2,11/28/2022,Elkhart,IN,strike; picket,strike_out_of_scope
2,11/28/2022,Holcomb,KS,strike; picket,strike_out_of_scope
2,11/28/2022,Jessup,MD,strike; picket,strike_out_of_scope
2,11/28/2022,Williamsport,MD,strike; picket,strike_out_of_scope
2,11/28/2022,Kansas City,MO,strike; picket,strike_out_of_scope
2,11/28/2022,Lawrenceville,NJ,strike; picket,strike_out_of_scope
2,11/28/2022,New York,NY,strike; picket,strike_out_of_scope
2,11/28/2022,New York,NY,strike; picket,strike_out_of_scope
2,11/28/2022,New York,NY,strike; picket,strike_out_of_scope
2,11/28/2022,New York,NY,strike; picket,strike_out_of_scope
2,11/28/2022,Amherst,OH,strike; picket,strike_out_of_scope
2,11/28/2022,Clinton,PA,strike; picket,strike_out_of_scope
2,11/28/2022,Pittsburgh,PA,strike; picket,strike_out_of_scope
2,11/28/2022,Pawtucket,RI,strike; picket,strike_out_of_scope
2,11/28/2022,Fort Worth,TX,strike; picket,strike_out_of_scope
2,11/28/2022,Eau Claire,WI,strike; picket,strike_out_of_scope
2,11/28/2022,Sturtevant,WI,strike; picket,strike_out_of_scope
2,11/29/2022,Brookwood,AL,strike; picket,strike_out_of_scope
2,11/29/2022,Mobile,AL,strike; picket,strike_out_of_scope
2,11/29/2022,Berkeley,CA,strike; picket,strike_out_of_scope
2,11/29/2022,Davis,CA,strike; picket,strike_out_of_scope
2,11/29/2022,Irvine,CA,strike; picket,strike_out_of_scope
2,11/29/2022,Los Angeles,CA,strike; picket,strike_out_of_scope
2,11/29/2022,Merced,CA,strike; picket,strike_out_of_scope
2,11/29/2022,Riverside,CA,strike; picket,strike_out_of_scope
2,11/29/2022,San Diego,CA,strike; picket,strike_out_of_scope
2,11/29/2022,San Diego,CA,strike; picket,strike_out_of_scope
2,11/29/2022,San Francisco,CA,strike; picket,strike_out_of_scope
2,11/29/2022,Santa Barbara,CA,strike; picket,strike_out_of_scope
2,11/29/2022,Santa Cruz,CA,strike; picket,strike_out_of_scope
2,11/29/2022,Burlington,IA,strike; picket,strike_out_of_scope
2,11/29/2022,Cedar Rapids,IA,strike; picket,strike_out_of_scope
2,11/29/2022,Melrose Park,IL,strike; picket,strike_out_of_scope
2,11/29/2022,Elkhart,IN,strike; picket,strike_out_of_scope
2,11/29/2022,Holcomb,KS,strike; picket,strike_out_of_scope
2,11/29/2022,Jessup,MD,strike; picket,strike_out_of_scope
2,11/29/2022,Williamsport,MD,strike; picket,strike_out_of_scope
2,11/29/2022,Kansas City,MO,strike; picket,strike_out_of_scope
2,11/29/2022,Lawrenceville,NJ,strike; picket,strike_out_of_scope
2,11/29/2022,New York,NY,strike; picket,strike_out_of_scope
2,11/29/2022,New York,NY,strike; picket,strike_out_of_scope
2,11/29/2022,New York,NY,strike; picket,strike_out_of_scope
2,11/29/2022,New York,NY,strike; picket,strike_out_of_scope
2,11/29/2022,Amherst,OH,strike; picket,strike_out_of_scope
2,11/29/2022,Clinton,PA,strike; picket,strike_out_of_scope
2,11/29/2022,Pittsburgh,PA,strike; picket,strike_out_of_scope
2,11/29/2022,Pawtucket,RI,strike; picket,strike_out_of_scope
2,11/29/2022,Fort Worth,TX,strike; picket,strike_out_of_scope
2,11/29/2022,Eau Claire,WI,strike; picket,strike_out_of_scope
2,11/29/2022,Sturtevant,WI,strike; picket,strike_out_of_scope
2,11/30/2022,Brookwood,AL,strike; picket,strike_out_of_scope
2,11/30/2022,Mobile,AL,strike; picket,strike_out_of_scope
2,11/30/2022,Berkeley,CA,strike; picket,strike_out_of_scope
2,11/30/2022,Davis,CA,strike; picket,strike_out_of_scope
2,11/30/2022,Irvine,CA,strike; picket,strike_out_of_scope
2,11/30/2022,Los Angeles,CA,strike; picket,strike_out_of_scope
2,11/30/2022,Merced,CA,strike; picket,strike_out_of_scope
2,11/30/2022,Riverside,CA,strike; picket,strike_out_of_scope
2,11/30/2022,San Diego,CA,strike; picket,strike_out_of_scope
2,11/30/2022,San Diego,CA,strike; picket,strike_out_of_scope
2,11/30/2022,San Francisco,CA,strike; picket,strike_out_of_scope
2,11/30/2022,Santa Barbara,CA,strike; picket,strike_out_of_scope
2,11/30/2022,Santa Cruz,CA,strike; picket,strike_out_of_scope
2,11/30/2022,Burlington,IA,strike; picket,strike_out_of_scope
2,11/30/2022,Cedar Rapids,IA,strike; picket,strike_out_of_scope
2,11/30/2022,Melrose Park,IL,strike; picket,strike_out_of_scope
2,11/30/2022,Elkhart,IN,strike; picket,strike_out_of_scope
2,11/30/2022,Holcomb,KS,strike; picket,strike_out_of_scope
2,11/30/2022,Jessup,MD,strike; picket,strike_out_of_scope
2,11/30/2022,Williamsport,MD,strike; picket,strike_out_of_scope
2,11/30/2022,Kansas City,MO,strike; picket,strike_out_of_scope
2,11/30/2022,Lawrenceville,NJ,strike; picket,strike_out_of_scope
2,11/30/2022,New York,NY,strike; picket,strike_out_of_scope
2,11/30/2022,New York,NY,strike; picket,strike_out_of_scope
2,11/30/2022,New York,NY,strike; picket,strike_out_of_scope
2,11/30/2022,New York,NY,strike; picket,strike_out_of_scope
2,11/30/2022,Clinton,PA,strike; picket,strike_out_of_scope
2,11/30/2022,Pittsburgh,PA,strike; picket,strike_out_of_scope
2,11/30/2022,Pawtucket,RI,strike; picket,strike_out_of_scope
2,11/30/2022,Fort Worth,TX,strike; picket,strike_out_of_scope
2,11/30/2022,Eau Claire,WI,strike; picket,strike_out_of_scope
2,11/30/2022,Sturtevant,WI,strike; picket,strike_out_of_scope
2,12/1/2022,Brookwood,AL,strike; picket,strike_out_of_scope
2,12/1/2022,Mobile,AL,strike; picket,strike_out_of_scope
2,12/1/2022,Davis,CA,strike; picket,strike_out_of_scope
2,12/1/2022,Irvine,CA,strike; picket,strike_out_of_scope
2,12/1/2022,Merced,CA,strike; picket,strike_out_of_scope
2,12/1/2022,Riverside,CA,strike; picket,strike_out_of_scope
2,12/1/2022,San Diego,CA,strike; picket,strike_out_of_scope
2,12/1/2022,San Diego,CA,strike; picket,strike_out_of_scope
2,12/1/2022,San Francisco,CA,strike; picket,strike_out_of_scope
2,12/1/2022,Santa Barbara,CA,strike; picket,strike_out_of_scope
2,12/1/2022,Santa Cruz,CA,strike; picket,strike_out_of_scope
2,12/1/2022,Burlington,IA,strike; picket,strike_out_of_scope
2,12/1/2022,Cedar Rapids,IA,strike; picket,strike_out_of_scope
2,12/1/2022,Melrose Park,IL,strike; picket,strike_out_of_scope
2,12/1/2022,Elkhart,IN,strike; picket,strike_out_of_scope
2,12/1/2022,Holcomb,KS,strike; picket,strike_out_of_scope
2,12/1/2022,Jessup,MD,strike; picket,strike_out_of_scope
2,12/1/2022,Williamsport,MD,strike; picket,strike_out_of_scope
2,12/1/2022,Kansas City,MO,strike; picket,strike_out_of_scope
2,12/1/2022,Lawrenceville,NJ,strike; picket,strike_out_of_scope
2,12/1/2022,Ely,NV,hunger strike,strike_out_of_scope
2,12/1/2022,New York,NY,strike; picket,strike_out_of_scope
2,12/1/2022,New York,NY,strike; picket,strike_out_of_scope
2,12/1/2022,New York,NY,strike; picket,strike_out_of_scope
2,12/1/2022,New York,NY,strike; picket,strike_out_of_scope
2,12/1/2022,Clinton,PA,strike; picket,strike_out_of_scope
2,12/1/2022,Pittsburgh,PA,strike; picket,strike_out_of_scope
2,12/1/2022,Pawtucket,RI,strike; picket,strike_out_of_scope
2,12/1/2022,Fort Worth,TX,strike; picket,strike_out_of_scope
2,12/1/2022,Eau Claire,WI,strike; picket,strike_out_of_scope
2,12/1/2022,Sturtevant,WI,strike; picket,strike_out_of_scope
2,12/2/2022,Brookwood,AL,strike; picket,strike_out_of_scope
2,12/2/2022,Mobile,AL,strike; picket,strike_out_of_scope
2,12/2/2022,Berkeley,CA,strike; picket,strike_out_of_scope
2,12/2/2022,Davis,CA,strike; picket,strike_out_of_scope
2,12/2/2022,Irvine,CA,strike; picket,strike_out_of_scope
2,12/2/2022,Los Angeles,CA,strike; picket,strike_out_of_scope
2,12/2/2022,Merced,CA,strike; picket,strike_out_of_scope
2,12/2/2022,Riverside,CA,strike; picket,strike_out_of_scope
2,12/2/2022,San Diego,CA,strike; picket,strike_out_of_scope
2,12/2/2022,San Diego,CA,strike; picket; march,strike_out_of_scope
2,12/2/2022,San Francisco,CA,strike; picket,strike_out_of_scope
2,12/2/2022,Santa Barbara,CA,strike; picket,strike_out_of_scope
2,12/2/2022,Santa Cruz,CA,strike; picket,strike_out_of_scope
2,12/2/2022,Burlington,IA,strike; picket,strike_out_of_scope
2,12/2/2022,Cedar Rapids,IA,strike; picket,strike_out_of_scope
2,12/2/2022,Melrose Park,IL,strike; picket,strike_out_of_scope
2,12/2/2022,Elkhart,IN,strike; picket,strike_out_of_scope
2,12/2/2022,Holcomb,KS,strike; picket,strike_out_of_scope
2,12/2/2022,Jessup,MD,strike; picket,strike_out_of_scope
2,12/2/2022,Williamsport,MD,strike; picket,strike_out_of_scope
2,12/2/2022,Kansas City,MO,strike; picket,strike_out_of_scope
2,12/2/2022,Lawrenceville,NJ,strike; picket,strike_out_of_scope
2,12/2/2022,Ely,NV,hunger strike,strike_out_of_scope
2,12/2/2022,New York,NY,strike; picket,strike_out_of_scope
2,12/2/2022,New York,NY,strike; picket,strike_out_of_scope
2,12/2/2022,New York,NY,strike; picket,strike_out_of_scope
2,12/2/2022,New York,NY,strike; picket,strike_out_of_scope
2,12/2/2022,Clinton,PA,strike; picket,strike_out_of_scope
2,12/2/2022,Pittsburgh,PA,strike; picket,strike_out_of_scope
2,12/2/2022,Pawtucket,RI,strike; picket,strike_out_of_scope
2,12/2/2022,Fort Worth,TX,strike; picket,strike_out_of_scope
2,12/2/2022,Eau Claire,WI,strike; picket,strike_out_of_scope
2,12/2/2022,Sturtevant,WI,strike; picket,strike_out_of_scope
2,12/3/2022,Brookwood,AL,strike; picket,strike_out_of_scope
2,12/3/2022,Mobile,AL,strike; picket,strike_out_of_scope
2,12/3/2022,Berkeley,CA,strike; picket,strike_out_of_scope
2,12/3/2022,Davis,CA,strike; picket,strike_out_of_scope
2,12/3/2022,Irvine,CA,strike; picket,strike_out_of_scope
2,12/3/2022,Los Angeles,CA,strike; picket,strike_out_of_scope
2,12/3/2022,Merced,CA,strike; picket,strike_out_of_scope
2,12/3/2022,Riverside,CA,strike; picket,strike_out_of_scope
2,12/3/2022,San Diego,CA,strike; picket,strike_out_of_scope
2,12/3/2022,San Diego,CA,strike; picket,strike_out_of_scope
2,12/3/2022,San Francisco,CA,strike; picket,strike_out_of_scope
2,12/3/2022,Santa Barbara,CA,strike; picket,strike_out_of_scope
2,12/3/2022,Santa Cruz,CA,strike; picket,strike_out_of_scope
2,12/3/2022,Burlington,IA,strike; picket,strike_out_of_scope
2,12/3/2022,Cedar Rapids,IA,strike; picket,strike_out_of_scope
2,12/3/2022,Melrose Park,IL,strike; picket,strike_out_of_scope
2,12/3/2022,Elkhart,IN,strike; picket,strike_out_of_scope
2,12/3/2022,Holcomb,KS,strike; picket,strike_out_of_scope
2,12/3/2022,Jessup,MD,strike; picket,strike_out_of_scope
2,12/3/2022,Williamsport,MD,strike; picket,strike_out_of_scope
2,12/3/2022,Kansas City,MO,strike; picket,strike_out_of_scope
2,12/3/2022,Lawrenceville,NJ,strike; picket,strike_out_of_scope
2,12/3/2022,Ely,NV,hunger strike,strike_out_of_scope
2,12/3/2022,New York,NY,strike,strike_out_of_scope
2,12/3/2022,New York,NY,strike; picket,strike_out_of_scope
2,12/3/2022,New York,NY,strike; picket,strike_out_of_scope
2,12/3/2022,New York,NY,strike; picket,strike_out_of_scope
2,12/3/2022,Clinton,PA,strike; picket,strike_out_of_scope
2,12/3/2022,Pittsburgh,PA,strike; picket,strike_out_of_scope
2,12/3/2022,Pawtucket,RI,strike; picket,strike_out_of_scope
2,12/3/2022,Fort Worth,TX,strike; picket,strike_out_of_scope
2,12/3/2022,Eau Claire,WI,strike; picket,strike_out_of_scope
2,12/3/2022,Sturtevant,WI,strike; picket,strike_out_of_scope
2,12/4/2022,Brookwood,AL,strike; picket,strike_out_of_scope
2,12/4/2022,Mobile,AL,strike; picket,strike_out_of_scope
2,12/4/2022,Berkeley,CA,strike; picket,strike_out_of_scope
2,12/4/2022,Davis,CA,strike; picket,strike_out_of_scope
2,12/4/2022,Irvine,CA,strike; picket,strike_out_of_scope
2,12/4/2022,Los Angeles,CA,strike; picket,strike_out_of_scope
2,12/4/2022,Merced,CA,strike; picket,strike_out_of_scope
2,12/4/2022,Riverside,CA,strike; picket,strike_out_of_scope
2,12/4/2022,San Diego,CA,strike; picket,strike_out_of_scope
2,12/4/2022,San Diego,CA,strike; picket,strike_out_of_scope
2,12/4/2022,San Francisco,CA,strike; picket,strike_out_of_scope
2,12/4/2022,Santa Barbara,CA,strike; picket,strike_out_of_scope
2,12/4/2022,Santa Cruz,CA,strike; picket,strike_out_of_scope
2,12/4/2022,Burlington,IA,strike; picket,strike_out_of_scope
2,12/4/2022,Cedar Rapids,IA,strike; picket,strike_out_of_scope
2,12/4/2022,Melrose Park,IL,strike; picket,strike_out_of_scope
2,12/4/2022,Elkhart,IN,strike; picket,strike_out_of_scope
2,12/4/2022,Holcomb,KS,strike; picket,strike_out_of_scope
2,12/4/2022,Jessup,MD,strike; picket,strike_out_of_scope
2,12/4/2022,Williamsport,MD,strike; picket,strike_out_of_scope
2,12/4/2022,Kansas City,MO,strike; picket,strike_out_of_scope
2,12/4/2022,Lawrenceville,NJ,strike; picket,strike_out_of_scope
2,12/4/2022,Ely,NV,hunger strike,strike_out_of_scope
2,12/4/2022,New York,NY,strike,strike_out_of_scope
2,12/4/2022,New York,NY,strike; picket,strike_out_of_scope
2,12/4/2022,New York,NY,strike; picket,strike_out_of_scope
2,12/4/2022,New York,NY,strike; picket,strike_out_of_scope
2,12/4/2022,Clinton,PA,strike; picket,strike_out_of_scope
2,12/4/2022,Pittsburgh,PA,strike; picket,strike_out_of_scope
2,12/4/2022,Pawtucket,RI,strike; picket,strike_out_of_scope
2,12/4/2022,Fort Worth,TX,strike; picket,strike_out_of_scope
2,12/4/2022,Eau Claire,WI,strike; picket,strike_out_of_scope
2,12/4/2022,Sturtevant,WI,strike; picket,strike_out_of_scope
2,12/5/2022,Brookwood,AL,strike; picket,strike_out_of_scope
2,12/5/2022,Mobile,AL,strike; picket,strike_out_of_scope
2,12/5/2022,Berkeley,CA,strike; picket,strike_out_of_scope
2,12/5/2022,Cupertino,CA,demonstration; hunger strike,strike_out_of_scope
2,12/5/2022,Davis,CA,strike; picket,strike_out_of_scope
2,12/5/2022,Irvine,CA,strike; picket,strike_out_of_scope
2,12/5/2022,Los Angeles,CA,strike; picket,strike_out_of_scope
2,12/5/2022,Merced,CA,strike; picket,strike_out_of_scope
2,12/5/2022,Riverside,CA,strike; picket,strike_out_of_scope
2,12/5/2022,San Diego,CA,strike; picket,strike_out_of_scope
2,12/5/2022,San Diego,CA,strike; picket,strike_out_of_scope
2,12/5/2022,San Francisco,CA,strike; picket,strike_out_of_scope
2,12/5/2022,San Francisco,CA,strike; picket,strike_out_of_scope
2,12/5/2022,Santa Barbara,CA,strike; picket,strike_out_of_scope
2,12/5/2022,Santa Cruz,CA,strike; picket,strike_out_of_scope
2,12/5/2022,Burlington,IA,strike; picket,strike_out_of_scope
2,12/5/2022,Cedar Rapids,IA,strike; picket,strike_out_of_scope
2,12/5/2022,Melrose Park,IL,strike; picket,strike_out_of_scope
2,12/5/2022,Elkhart,IN,strike; picket,strike_out_of_scope
2,12/5/2022,Holcomb,KS,strike; picket,strike_out_of_scope
2,12/5/2022,Jessup,MD,strike; picket,strike_out_of_scope
2,12/5/2022,Williamsport,MD,strike; picket,strike_out_of_scope
2,12/5/2022,Kansas City,MO,strike; picket,strike_out_of_scope
2,12/5/2022,Lawrenceville,NJ,strike; picket,strike_out_of_scope
2,12/5/2022,Ely,NV,hunger strike,strike_out_of_scope
2,12/5/2022,New York,NY,strike; picket,strike_out_of_scope
2,12/5/2022,New York,NY,strike; picket,strike_out_of_scope
2,12/5/2022,New York,NY,strike; picket,strike_out_of_scope
2,12/5/2022,New York,NY,strike; picket,strike_out_of_scope
2,12/5/2022,Clinton,PA,strike; picket,strike_out_of_scope
2,12/5/2022,Pittsburgh,PA,strike; picket,strike_out_of_scope
2,12/5/2022,Pawtucket,RI,strike; picket,strike_out_of_scope
2,12/5/2022,Fort Worth,TX,strike; picket,strike_out_of_scope
2,12/5/2022,Eau Claire,WI,strike; picket,strike_out_of_scope
2,12/5/2022,Sturtevant,WI,strike; picket,strike_out_of_scope
2,12/6/2022,Brookwood,AL,strike; picket,strike_out_of_scope
2,12/6/2022,Mobile,AL,strike; picket,strike_out_of_scope
2,12/6/2022,Berkeley,CA,strike; picket,strike_out_of_scope
2,12/6/2022,Cupertino,CA,demonstration; hunger strike,strike_out_of_scope
2,12/6/2022,Davis,CA,strike; picket,strike_out_of_scope
2,12/6/2022,Irvine,CA,strike; picket,strike_out_of_scope
2,12/6/2022,Los Angeles,CA,strike; picket,strike_out_of_scope
2,12/6/2022,Merced,CA,strike; picket,strike_out_of_scope
2,12/6/2022,Riverside,CA,strike; picket,strike_out_of_scope
2,12/6/2022,San Diego,CA,strike; picket,strike_out_of_scope
2,12/6/2022,San Diego,CA,strike; picket,strike_out_of_scope
2,12/6/2022,San Francisco,CA,strike; picket,strike_out_of_scope
2,12/6/2022,Santa Barbara,CA,strike; picket,strike_out_of_scope
2,12/6/2022,Santa Cruz,CA,strike; picket,strike_out_of_scope
2,12/6/2022,Burlington,IA,strike; picket,strike_out_of_scope
2,12/6/2022,Cedar Rapids,IA,strike; picket,strike_out_of_scope
2,12/6/2022,Melrose Park,IL,strike; picket,strike_out_of_scope
2,12/6/2022,Elkhart,IN,strike; picket,strike_out_of_scope
2,12/6/2022,Holcomb,KS,strike; picket,strike_out_of_scope
2,12/6/2022,Jessup,MD,strike; picket,strike_out_of_scope
2,12/6/2022,Williamsport,MD,strike; picket,strike_out_of_scope
2,12/6/2022,Kansas City,MO,strike; picket,strike_out_of_scope
2,12/6/2022,Lawrenceville,NJ,strike; picket,strike_out_of_scope
2,12/6/2022,Ely,NV,hunger strike,strike_out_of_scope
2,12/6/2022,New York,NY,strike; picket,strike_out_of_scope
2,12/6/2022,New York,NY,strike; picket,strike_out_of_scope
2,12/6/2022,New York,NY,strike; picket,strike_out_of_scope
2,12/6/2022,New York,NY,strike; picket,strike_out_of_scope
2,12/6/2022,Clinton,PA,strike; picket,strike_out_of_scope
2,12/6/2022,Pittsburgh,PA,strike; picket,strike_out_of_scope
2,12/6/2022,Pawtucket,RI,strike; picket,strike_out_of_scope
2,12/6/2022,Fort Worth,TX,strike; picket,strike_out_of_scope
2,12/6/2022,Eau Claire,WI,strike; picket,strike_out_of_scope
2,12/6/2022,Sturtevant,WI,strike; picket,strike_out_of_scope
2,12/7/2022,Brookwood,AL,strike; picket,strike_out_of_scope
2,12/7/2022,Mobile,AL,strike; picket,strike_out_of_scope
2,12/7/2022,Berkeley,CA,strike; picket,strike_out_of_scope
2,12/7/2022,Cupertino,CA,demonstration; hunger strike,strike_out_of_scope
2,12/7/2022,Davis,CA,strike; picket,strike_out_of_scope
2,12/7/2022,Irvine,CA,strike; picket,strike_out_of_scope
2,12/7/2022,Los Angeles,CA,strike; picket,strike_out_of_scope
2,12/7/2022,Merced,CA,strike; picket,strike_out_of_scope
2,12/7/2022,Riverside,CA,strike; picket,strike_out_of_scope
2,12/7/2022,San Diego,CA,strike; picket,strike_out_of_scope
2,12/7/2022,San Diego,CA,strike; picket,strike_out_of_scope
2,12/7/2022,San Francisco,CA,strike; picket,strike_out_of_scope
2,12/7/2022,Santa Barbara,CA,strike; picket,strike_out_of_scope
2,12/7/2022,Santa Cruz,CA,strike; picket,strike_out_of_scope
2,12/7/2022,Burlington,IA,strike; picket,strike_out_of_scope
2,12/7/2022,Cedar Rapids,IA,strike; picket,strike_out_of_scope
2,12/7/2022,Melrose Park,IL,strike; picket,strike_out_of_scope
2,12/7/2022,Elkhart,IN,strike; picket,strike_out_of_scope
2,12/7/2022,Holcomb,KS,strike; picket,strike_out_of_scope
2,12/7/2022,Jessup,MD,strike; picket,strike_out_of_scope
2,12/7/2022,Williamsport,MD,strike; picket,strike_out_of_scope
2,12/7/2022,Kansas City,MO,strike; picket,strike_out_of_scope
2,12/7/2022,Lawrenceville,NJ,strike; picket,strike_out_of_scope
2,12/7/2022,Ely,NV,hunger strike,strike_out_of_scope
2,12/7/2022,New York,NY,strike; picket,strike_out_of_scope
2,12/7/2022,New York,NY,strike; picket,strike_out_of_scope
2,12/7/2022,New York,NY,strike; picket,strike_out_of_scope
2,12/7/2022,New York,NY,strike; picket,strike_out_of_scope
2,12/7/2022,Clinton,PA,strike; picket,strike_out_of_scope
2,12/7/2022,Pittsburgh,PA,strike; picket,strike_out_of_scope
2,12/7/2022,Pawtucket,RI,strike; picket,strike_out_of_scope
2,12/7/2022,Fort Worth,TX,strike; picket,strike_out_of_scope
2,12/7/2022,Eau Claire,WI,strike; picket,strike_out_of_scope
2,12/7/2022,Sturtevant,WI,strike; picket,strike_out_of_scope
2,12/8/2022,Brookwood,AL,strike; picket,strike_out_of_scope
2,12/8/2022,Mobile,AL,strike; picket,strike_out_of_scope
2,12/8/2022,Berkeley,CA,strike; picket,strike_out_of_scope
2,12/8/2022,Cupertino,CA,demonstration; hunger strike,strike_out_of_scope
2,12/8/2022,Davis,CA,strike; picket,strike_out_of_scope
2,12/8/2022,Irvine,CA,strike; picket,strike_out_of_scope
2,12/8/2022,Los Angeles,CA,strike; picket,strike_out_of_scope
2,12/8/2022,Merced,CA,strike; picket,strike_out_of_scope
2,12/8/2022,Riverside,CA,strike; picket,strike_out_of_scope
2,12/8/2022,San Diego,CA,strike; picket,strike_out_of_scope
2,12/8/2022,San Diego,CA,strike; picket,strike_out_of_scope
2,12/8/2022,San Francisco,CA,strike; picket,strike_out_of_scope
2,12/8/2022,Santa Barbara,CA,strike; picket,strike_out_of_scope
2,12/8/2022,Santa Cruz,CA,strike; picket,strike_out_of_scope
2,12/8/2022,Burlington,IA,strike; picket,strike_out_of_scope
2,12/8/2022,Cedar Rapids,IA,strike; picket,strike_out_of_scope
2,12/8/2022,Chicago,IL,strike; picket,strike_out_of_scope
2,12/8/2022,Melrose Park,IL,strike; picket,strike_out_of_scope
2,12/8/2022,Elkhart,IN,strike; picket,strike_out_of_scope
2,12/8/2022,Fort Wayne,IN,strike; picket; rally,strike_out_of_scope
2,12/8/2022,Holcomb,KS,strike; picket,strike_out_of_scope
2,12/8/2022,Boston,MA,strike; picket,strike_out_of_scope
2,12/8/2022,Jessup,MD,strike; picket,strike_out_of_scope
2,12/8/2022,Williamsport,MD,strike; picket,strike_out_of_scope
2,12/8/2022,Kansas City,MO,strike; picket,strike_out_of_scope
2,12/8/2022,Lawrenceville,NJ,strike; picket,strike_out_of_scope
2,12/8/2022,Newark,NJ,strike; picket,strike_out_of_scope
2,12/8/2022,Newark,NJ,strike; picket,strike_out_of_scope
2,12/8/2022,Ely,NV,hunger strike,strike_out_of_scope
2,12/8/2022,New York,NY,strike; picket,strike_out_of_scope
2,12/8/2022,New York,NY,strike; picket; rally,strike_out_of_scope
2,12/8/2022,New York,NY,strike; picket,strike_out_of_scope
2,12/8/2022,New York,NY,strike; picket,strike_out_of_scope
2,12/8/2022,New York,NY,strike; picket,strike_out_of_scope
2,12/8/2022,Clinton,PA,strike; picket,strike_out_of_scope
2,12/8/2022,Pittsburgh,PA,strike; picket,strike_out_of_scope
2,12/8/2022,Pawtucket,RI,strike; picket,strike_out_of_scope
2,12/8/2022,Fort Worth,TX,strike; picket,strike_out_of_scope
2,12/8/2022,Eau Claire,WI,strike; picket,strike_out_of_scope
2,12/8/2022,Sturtevant,WI,strike; picket,strike_out_of_scope
2,12/9/2022,Brookwood,AL,strike; picket,strike_out_of_scope
2,12/9/2022,Mobile,AL,strike; picket,strike_out_of_scope
2,12/9/2022,Berkeley,CA,strike; picket,strike_out_of_scope
2,12/9/2022,Cupertino,CA,demonstration; hunger strike,strike_out_of_scope
2,12/9/2022,Davis,CA,strike; picket,strike_out_of_scope
2,12/9/2022,Irvine,CA,strike; picket,strike_out_of_scope
2,12/9/2022,Los Angeles,CA,strike; picket,strike_out_of_scope
2,12/9/2022,Merced,CA,strike; picket,strike_out_of_scope
2,12/9/2022,Riverside,CA,strike; picket,strike_out_of_scope
2,12/9/2022,San Diego,CA,strike; picket,strike_out_of_scope
2,12/9/2022,San Diego,CA,strike; picket,strike_out_of_scope
2,12/9/2022,San Francisco,CA,strike; picket,strike_out_of_scope
2,12/9/2022,Santa Barbara,CA,strike; picket,strike_out_of_scope
2,12/9/2022,Santa Cruz,CA,strike; picket,strike_out_of_scope
2,12/9/2022,Burlington,IA,strike; picket,strike_out_of_scope
2,12/9/2022,Cedar Rapids,IA,strike; picket,strike_out_of_scope
2,12/9/2022,Melrose Park,IL,strike; picket,strike_out_of_scope
2,12/9/2022,Elkhart,IN,strike; picket,strike_out_of_scope
2,12/9/2022,Fort Wayne,IN,strike; picket,strike_out_of_scope
2,12/9/2022,Holcomb,KS,strike; picket,strike_out_of_scope
2,12/9/2022,Jessup,MD,strike; picket,strike_out_of_scope
2,12/9/2022,Williamsport,MD,strike; picket,strike_out_of_scope
2,12/9/2022,Kansas City,MO,strike; picket,strike_out_of_scope
2,12/9/2022,Lawrenceville,NJ,strike; picket,strike_out_of_scope
2,12/9/2022,Ely,NV,hunger strike,strike_out_of_scope
2,12/9/2022,New York,NY,strike; picket,strike_out_of_scope
2,12/9/2022,New York,NY,strike; picket,strike_out_of_scope
2,12/9/2022,New York,NY,strike; picket,strike_out_of_scope
2,12/9/2022,New York,NY,strike; picket,strike_out_of_scope
2,12/9/2022,Clinton,PA,strike; picket,strike_out_of_scope
2,12/9/2022,Pittsburgh,PA,strike; picket,strike_out_of_scope
2,12/9/2022,Pawtucket,RI,strike; picket,strike_out_of_scope
2,12/9/2022,Fort Worth,TX,strike; picket,strike_out_of_scope
2,12/9/2022,Eau Claire,WI,strike; picket,strike_out_of_scope
2,12/9/2022,Sturtevant,WI,strike; picket,strike_out_of_scope
2,12/10/2022,Brookwood,AL,strike; picket,strike_out_of_scope
2,12/10/2022,Mobile,AL,strike; picket,strike_out_of_scope
2,12/10/2022,Berkeley,CA,strike; picket,strike_out_of_scope
2,12/10/2022,Cupertino,CA,demonstration; hunger strike,strike_out_of_scope
2,12/10/2022,Davis,CA,strike; picket,strike_out_of_scope
2,12/10/2022,Irvine,CA,strike; picket,strike_out_of_scope
2,12/10/2022,Los Angeles,CA,strike; picket,strike_out_of_scope
2,12/10/2022,Merced,CA,strike; picket,strike_out_of_scope
2,12/10/2022,Riverside,CA,strike; picket,strike_out_of_scope
2,12/10/2022,San Diego,CA,strike; picket,strike_out_of_scope
2,12/10/2022,San Diego,CA,strike; picket,strike_out_of_scope
2,12/10/2022,San Francisco,CA,strike; picket,strike_out_of_scope
2,12/10/2022,Santa Barbara,CA,strike; picket,strike_out_of_scope
2,12/10/2022,Santa Cruz,CA,strike; picket,strike_out_of_scope
2,12/10/2022,Burlington,IA,strike; picket,strike_out_of_scope
2,12/10/2022,Cedar Rapids,IA,strike; picket,strike_out_of_scope
2,12/10/2022,Melrose Park,IL,strike; picket,strike_out_of_scope
2,12/10/2022,Elkhart,IN,strike; picket,strike_out_of_scope
2,12/10/2022,Fort Wayne,IN,strike; picket,strike_out_of_scope
2,12/10/2022,Holcomb,KS,strike; picket,strike_out_of_scope
2,12/10/2022,Jessup,MD,strike; picket,strike_out_of_scope
2,12/10/2022,Williamsport,MD,strike; picket,strike_out_of_scope
2,12/10/2022,Kansas City,MO,strike; picket,strike_out_of_scope
2,12/10/2022,Lawrenceville,NJ,strike; picket,strike_out_of_scope
2,12/10/2022,Ely,NV,hunger strike,strike_out_of_scope
2,12/10/2022,New York,NY,strike,strike_out_of_scope
2,12/10/2022,New York,NY,strike; picket,strike_out_of_scope
2,12/10/2022,New York,NY,strike; picket,strike_out_of_scope
2,12/10/2022,New York,NY,strike; picket,strike_out_of_scope
2,12/10/2022,Clinton,PA,strike; picket,strike_out_of_scope
2,12/10/2022,Pittsburgh,PA,strike; picket,strike_out_of_scope
2,12/10/2022,Pawtucket,RI,strike; picket,strike_out_of_scope
2,12/10/2022,Fort Worth,TX,strike; picket,strike_out_of_scope
2,12/10/2022,Eau Claire,WI,strike; picket,strike_out_of_scope
2,12/10/2022,Sturtevant,WI,strike; picket,strike_out_of_scope
2,12/11/2022,Brookwood,AL,strike; picket,strike_out_of_scope
2,12/11/2022,Mobile,AL,strike; picket,strike_out_of_scope
2,12/11/2022,Berkeley,CA,strike; picket,strike_out_of_scope
2,12/11/2022,Cupertino,CA,demonstration; hunger strike,strike_out_of_scope
2,12/11/2022,Davis,CA,strike; picket,strike_out_of_scope
2,12/11/2022,Irvine,CA,strike; picket,strike_out_of_scope
2,12/11/2022,Los Angeles,CA,strike; picket,strike_out_of_scope
2,12/11/2022,Merced,CA,strike; picket,strike_out_of_scope
2,12/11/2022,Riverside,CA,strike; picket,strike_out_of_scope
2,12/11/2022,San Diego,CA,strike; picket,strike_out_of_scope
2,12/11/2022,San Diego,CA,strike; picket,strike_out_of_scope
2,12/11/2022,San Francisco,CA,strike; picket,strike_out_of_scope
2,12/11/2022,Santa Barbara,CA,strike; picket,strike_out_of_scope
2,12/11/2022,Santa Cruz,CA,strike; picket,strike_out_of_scope
2,12/11/2022,Burlington,IA,strike; picket,strike_out_of_scope
2,12/11/2022,Cedar Rapids,IA,strike; picket,strike_out_of_scope
2,12/11/2022,Melrose Park,IL,strike; picket,strike_out_of_scope
2,12/11/2022,Elkhart,IN,strike; picket,strike_out_of_scope
2,12/11/2022,Fort Wayne,IN,strike; picket,strike_out_of_scope
2,12/11/2022,Holcomb,KS,strike; picket,strike_out_of_scope
2,12/11/2022,Jessup,MD,strike; picket,strike_out_of_scope
2,12/11/2022,Williamsport,MD,strike; picket,strike_out_of_scope
2,12/11/2022,Kansas City,MO,strike; picket,strike_out_of_scope
2,12/11/2022,Lawrenceville,NJ,strike; picket,strike_out_of_scope
2,12/11/2022,Ely,NV,hunger strike,strike_out_of_scope
2,12/11/2022,New York,NY,strike; picket,strike_out_of_scope
2,12/11/2022,New York,NY,strike; picket,strike_out_of_scope
2,12/11/2022,New York,NY,strike; picket,strike_out_of_scope
2,12/11/2022,Clinton,PA,strike; picket,strike_out_of_scope
2,12/11/2022,Pittsburgh,PA,strike; picket,strike_out_of_scope
2,12/11/2022,Pawtucket,RI,strike; picket,strike_out_of_scope
2,12/11/2022,Fort Worth,TX,strike; picket,strike_out_of_scope
2,12/11/2022,Eau Claire,WI,strike; picket,strike_out_of_scope
2,12/11/2022,Sturtevant,WI,strike; picket,strike_out_of_scope
2,12/12/2022,Brookwood,AL,strike; picket,strike_out_of_scope
2,12/12/2022,Mobile,AL,strike; picket,strike_out_of_scope
2,12/12/2022,Berkeley,CA,strike,strike_out_of_scope
2,12/12/2022,Cupertino,CA,demonstration; hunger strike,strike_out_of_scope
2,12/12/2022,Davis,CA,strike; picket,strike_out_of_scope
2,12/12/2022,Irvine,CA,strike; picket,strike_out_of_scope
2,12/12/2022,Los Angeles,CA,strike; picket,strike_out_of_scope
2,12/12/2022,Marina del Rey,CA,strike; picket,strike_out_of_scope
2,12/12/2022,Merced,CA,strike; picket,strike_out_of_scope
2,12/12/2022,Riverside,CA,strike; picket,strike_out_of_scope
2,12/12/2022,San Diego,CA,strike; picket,strike_out_of_scope
2,12/12/2022,San Diego,CA,strike; picket,strike_out_of_scope
2,12/12/2022,San Francisco,CA,strike; picket,strike_out_of_scope
2,12/12/2022,Santa Barbara,CA,strike; picket,strike_out_of_scope
2,12/12/2022,Santa Cruz,CA,strike; picket,strike_out_of_scope
2,12/12/2022,Burlington,IA,strike; picket,strike_out_of_scope
2,12/12/2022,Cedar Rapids,IA,strike; picket,strike_out_of_scope
2,12/12/2022,Melrose Park,IL,strike; picket,strike_out_of_scope
2,12/12/2022,Elkhart,IN,strike; picket,strike_out_of_scope
2,12/12/2022,Fort Wayne,IN,strike; picket,strike_out_of_scope
2,12/12/2022,Holcomb,KS,strike; picket,strike_out_of_scope
2,12/12/2022,Jessup,MD,strike; picket,strike_out_of_scope
2,12/12/2022,Williamsport,MD,strike; picket,strike_out_of_scope
2,12/12/2022,Kansas City,MO,strike; picket,strike_out_of_scope
2,12/12/2022,Lawrenceville,NJ,strike; picket,strike_out_of_scope
2,12/12/2022,Ely,NV,hunger strike,strike_out_of_scope
2,12/12/2022,New York,NY,strike; picket,strike_out_of_scope
2,12/12/2022,New York,NY,strike; picket,strike_out_of_scope
2,12/12/2022,Clinton,PA,strike; picket,strike_out_of_scope
2,12/12/2022,Pittsburgh,PA,strike; picket,strike_out_of_scope
2,12/12/2022,Pawtucket,RI,strike; picket,strike_out_of_scope
2,12/12/2022,Fort Worth,TX,strike; picket,strike_out_of_scope
2,12/12/2022,Eau Claire,WI,strike; picket,strike_out_of_scope
2,12/12/2022,Sturtevant,WI,strike; picket,strike_out_of_scope
2,12/13/2022,Brookwood,AL,strike; picket,strike_out_of_scope
2,12/13/2022,Mobile,AL,strike; picket,strike_out_of_scope
2,12/13/2022,Berkeley,CA,strike,strike_out_of_scope
2,12/13/2022,Davis,CA,strike,strike_out_of_scope
2,12/13/2022,Irvine,CA,strike,strike_out_of_scope
2,12/13/2022,Los Angeles,CA,strike,strike_out_of_scope
2,12/13/2022,Marina del Rey,CA,strike; picket,strike_out_of_scope
2,12/13/2022,Merced,CA,strike,strike_out_of_scope
2,12/13/2022,Riverside,CA,strike,strike_out_of_scope
2,12/13/2022,San Diego,CA,strike; picket,strike_out_of_scope
2,12/13/2022,San Diego,CA,strike,strike_out_of_scope
2,12/13/2022,San Francisco,CA,strike,strike_out_of_scope
2,12/13/2022,Santa Barbara,CA,strike,strike_out_of_scope
2,12/13/2022,Santa Cruz,CA,strike,strike_out_of_scope
2,12/13/2022,Burlington,IA,strike; picket,strike_out_of_scope
2,12/13/2022,Cedar Rapids,IA,strike; picket,strike_out_of_scope
2,12/13/2022,Melrose Park,IL,strike; picket,strike_out_of_scope
2,12/13/2022,Elkhart,IN,strike; picket,strike_out_of_scope
2,12/13/2022,Fort Wayne,IN,strike; picket,strike_out_of_scope
2,12/13/2022,Holcomb,KS,strike; picket,strike_out_of_scope
2,12/13/2022,Jessup,MD,strike; picket,strike_out_of_scope
2,12/13/2022,Williamsport,MD,strike; picket,strike_out_of_scope
2,12/13/2022,Kansas City,MO,strike; picket,strike_out_of_scope
2,12/13/2022,Lawrenceville,NJ,strike; picket,strike_out_of_scope
2,12/13/2022,Ely,NV,hunger strike,strike_out_of_scope
2,12/13/2022,New York,NY,strike; picket,strike_out_of_scope
2,12/13/2022,New York,NY,strike; picket,strike_out_of_scope
2,12/13/2022,Clinton,PA,strike; picket,strike_out_of_scope
2,12/13/2022,Pittsburgh,PA,strike; picket,strike_out_of_scope
2,12/13/2022,Pawtucket,RI,strike; picket,strike_out_of_scope
2,12/13/2022,Fort Worth,TX,strike; picket,strike_out_of_scope
2,12/13/2022,Eau Claire,WI,strike; picket,strike_out_of_scope
2,12/13/2022,Sturtevant,WI,strike; picket,strike_out_of_scope
2,12/14/2022,Brookwood,AL,strike; picket,strike_out_of_scope
2,12/14/2022,Mobile,AL,strike; picket,strike_out_of_scope
2,12/14/2022,Berkeley,CA,strike,strike_out_of_scope
2,12/14/2022,Davis,CA,strike,strike_out_of_scope
2,12/14/2022,Irvine,CA,strike,strike_out_of_scope
2,12/14/2022,Los Angeles,CA,strike,strike_out_of_scope
2,12/14/2022,Marina del Rey,CA,strike; picket,strike_out_of_scope
2,12/14/2022,Merced,CA,strike,strike_out_of_scope
2,12/14/2022,Riverside,CA,strike,strike_out_of_scope
2,12/14/2022,San Diego,CA,strike; picket,strike_out_of_scope
2,12/14/2022,San Diego,CA,strike,strike_out_of_scope
2,12/14/2022,San Francisco,CA,strike,strike_out_of_scope
2,12/14/2022,Santa Barbara,CA,strike,strike_out_of_scope
2,12/14/2022,Santa Cruz,CA,strike,strike_out_of_scope
2,12/14/2022,West Hollywood,CA,strike; picket,strike_out_of_scope
2,12/14/2022,Burlington,IA,strike; picket,strike_out_of_scope
2,12/14/2022,Cedar Rapids,IA,strike; picket,strike_out_of_scope
2,12/14/2022,Melrose Park,IL,strike; picket,strike_out_of_scope
2,12/14/2022,Elkhart,IN,strike; picket,strike_out_of_scope
2,12/14/2022,Fort Wayne,IN,strike; picket,strike_out_of_scope
2,12/14/2022,Holcomb,KS,strike; picket,strike_out_of_scope
2,12/14/2022,Jessup,MD,strike; picket,strike_out_of_scope
2,12/14/2022,Williamsport,MD,strike; picket,strike_out_of_scope
2,12/14/2022,Kansas City,MO,strike; picket,strike_out_of_scope
2,12/14/2022,Lawrenceville,NJ,strike; picket,strike_out_of_scope
2,12/14/2022,Ely,NV,hunger strike,strike_out_of_scope
2,12/14/2022,New York,NY,strike; picket,strike_out_of_scope
2,12/14/2022,New York,NY,strike; picket,strike_out_of_scope
2,12/14/2022,Clinton,PA,strike; picket,strike_out_of_scope
2,12/14/2022,Pittsburgh,PA,strike; picket,strike_out_of_scope
2,12/14/2022,Pawtucket,RI,strike; picket,strike_out_of_scope
2,12/14/2022,Fort Worth,TX,strike; picket,strike_out_of_scope
2,12/14/2022,Eau Claire,WI,strike; picket,strike_out_of_scope
2,12/14/2022,Sturtevant,WI,strike; picket,strike_out_of_scope
2,12/15/2022,Brookwood,AL,strike; picket,strike_out_of_scope
2,12/15/2022,Mobile,AL,strike; picket,strike_out_of_scope
2,12/15/2022,Berkeley,CA,strike,strike_out_of_scope
2,12/15/2022,Davis,CA,strike,strike_out_of_scope
2,12/15/2022,Irvine,CA,strike,strike_out_of_scope
2,12/15/2022,Los Angeles,CA,strike,strike_out_of_scope
2,12/15/2022,Marina del Rey,CA,strike; picket,strike_out_of_scope
2,12/15/2022,Merced,CA,strike,strike_out_of_scope
2,12/15/2022,Riverside,CA,strike,strike_out_of_scope
2,12/15/2022,San Diego,CA,strike; picket,strike_out_of_scope
2,12/15/2022,San Diego,CA,strike,strike_out_of_scope
2,12/15/2022,San Francisco,CA,strike,strike_out_of_scope
2,12/15/2022,Santa Barbara,CA,strike,strike_out_of_scope
2,12/15/2022,Santa Cruz,CA,strike,strike_out_of_scope
2,12/15/2022,Burlington,IA,strike; picket,strike_out_of_scope
2,12/15/2022,Cedar Rapids,IA,strike; picket,strike_out_of_scope
2,12/15/2022,Melrose Park,IL,strike; picket,strike_out_of_scope
2,12/15/2022,Elkhart,IN,strike; picket,strike_out_of_scope
2,12/15/2022,Fort Wayne,IN,strike; picket,strike_out_of_scope
2,12/15/2022,Holcomb,KS,strike; picket,strike_out_of_scope
2,12/15/2022,Jessup,MD,strike; picket,strike_out_of_scope
2,12/15/2022,Williamsport,MD,strike; picket,strike_out_of_scope
2,12/15/2022,Kansas City,MO,strike; picket,strike_out_of_scope
2,12/15/2022,Lawrenceville,NJ,strike; picket,strike_out_of_scope
2,12/15/2022,Ely,NV,hunger strike,strike_out_of_scope
2,12/15/2022,New York,NY,strike; picket,strike_out_of_scope
2,12/15/2022,New York,NY,strike; picket,strike_out_of_scope
2,12/15/2022,Clinton,PA,strike; picket,strike_out_of_scope
2,12/15/2022,Pittsburgh,PA,strike; picket,strike_out_of_scope
2,12/15/2022,Pawtucket,RI,strike; picket,strike_out_of_scope
2,12/15/2022,Fort Worth,TX,strike; picket,strike_out_of_scope
2,12/15/2022,Eau Claire,WI,strike; picket,strike_out_of_scope
2,12/15/2022,Sturtevant,WI,strike; picket,strike_out_of_scope
2,12/16/2022,Brookwood,AL,strike; picket,strike_out_of_scope
2,12/16/2022,Mobile,AL,strike; picket,strike_out_of_scope
2,12/16/2022,Fayetteville,AR,strike; picket,strike_out_of_scope
2,12/16/2022,Fayetteville,AR,strike; picket,strike_out_of_scope
2,12/16/2022,Avondale,AZ,strike; picket,strike_out_of_scope
2,12/16/2022,Barstow,CA,strike; picket,strike_out_of_scope
2,12/16/2022,Berkeley,CA,strike,strike_out_of_scope
2,12/16/2022,Cerritos,CA,strike,strike_out_of_scope
2,12/16/2022,Davis,CA,strike,strike_out_of_scope
2,12/16/2022,Irvine,CA,strike,strike_out_of_scope
2,12/16/2022,Lakewood,CA,strike; picket,strike_out_of_scope
2,12/16/2022,Long Beach,CA,strike; picket,strike_out_of_scope
2,12/16/2022,Los Angeles,CA,strike; picket,strike_out_of_scope
2,12/16/2022,Los Angeles,CA,strike; picket,strike_out_of_scope
2,12/16/2022,Los Angeles,CA,strike,strike_out_of_scope
2,12/16/2022,Marina del Rey,CA,strike; picket,strike_out_of_scope
2,12/16/2022,Merced,CA,strike,strike_out_of_scope
2,12/16/2022,Riverside,CA,strike,strike_out_of_scope
2,12/16/2022,San Diego,CA,strike; picket,strike_out_of_scope
2,12/16/2022,San Diego,CA,strike,strike_out_of_scope
2,12/16/2022,San Francisco,CA,strike; picket,strike_out_of_scope
2,12/16/2022,San Francisco,CA,strike,strike_out_of_scope
2,12/16/2022,Santa Barbara,CA,strike,strike_out_of_scope
2,12/16/2022,Santa Cruz,CA,strike; picket,strike_out_of_scope
2,12/16/2022,Santa Cruz,CA,strike; picket,strike_out_of_scope
2,12/16/2022,Santa Cruz,CA,strike,strike_out_of_scope
2,12/16/2022,Colorado Springs,CO,strike; picket,strike_out_of_scope
2,12/16/2022,Greeley,CO,strike; picket,strike_out_of_scope
2,12/16/2022,Oveido,FL,strike; picket,strike_out_of_scope
2,12/16/2022,Burlington,IA,strike; picket,strike_out_of_scope
2,12/16/2022,Cedar Rapids,IA,strike; picket,strike_out_of_scope
2,12/16/2022,Cary,IL,strike; picket,strike_out_of_scope
2,12/16/2022,Chicago,IL,strike; picket,strike_out_of_scope
2,12/16/2022,Chicago,IL,strike; picket,strike_out_of_scope
2,12/16/2022,Melrose Park,IL,strike; picket,strike_out_of_scope
2,12/16/2022,Clarksville,IN,strike; picket,strike_out_of_scope
2,12/16/2022,Elkhart,IN,strike; picket,strike_out_of_scope
2,12/16/2022,Fort Wayne,IN,strike; picket,strike_out_of_scope
2,12/16/2022,Holcomb,KS,strike; picket,strike_out_of_scope
2,12/16/2022,Waban,MA,strike; picket,strike_out_of_scope
2,12/16/2022,Baltimore,MD,strike; picket,strike_out_of_scope
2,12/16/2022,Jessup,MD,strike; picket,strike_out_of_scope
2,12/16/2022,Olney,MD,strike; picket,strike_out_of_scope
2,12/16/2022,White Marsh,MD,strike; picket,strike_out_of_scope
2,12/16/2022,Williamsport,MD,strike; picket,strike_out_of_scope
2,12/16/2022,Ann Arbor,MI,strike; picket,strike_out_of_scope
2,12/16/2022,Ann Arbor,MI,strike; picket,strike_out_of_scope
2,12/16/2022,Ann Arbor,MI,strike; picket,strike_out_of_scope
2,12/16/2022,Clinton Township,MI,strike; picket,strike_out_of_scope
2,12/16/2022,East Lansing,MI,strike; picket,strike_out_of_scope
2,12/16/2022,Saint Anthony,MN,strike; picket,strike_out_of_scope
2,12/16/2022,Saint Paul,MN,strike; picket,strike_out_of_scope
2,12/16/2022,Kansas City,MO,strike; picket,strike_out_of_scope
2,12/16/2022,Lawrenceville,NJ,strike; picket,strike_out_of_scope
2,12/16/2022,Montclair,NJ,strike; picket,strike_out_of_scope
2,12/16/2022,Summit,NJ,strike; picket,strike_out_of_scope
2,12/16/2022,Ely,NV,hunger strike,strike_out_of_scope
2,12/16/2022,Ithaca,NY,strike; picket,strike_out_of_scope
2,12/16/2022,New York,NY,strike; picket,strike_out_of_scope
2,12/16/2022,New York,NY,strike; picket,strike_out_of_scope
2,12/16/2022,Rochester,NY,strike; picket,strike_out_of_scope
2,12/16/2022,Westlake,OH,strike; picket,strike_out_of_scope
2,12/16/2022,Eugene,OR,strike; picket,strike_out_of_scope
2,12/16/2022,Eugene,OR,strike; picket,strike_out_of_scope
2,12/16/2022,Eugene,OR,strike; picket,strike_out_of_scope
2,12/16/2022,Eugene,OR,strike; picket,strike_out_of_scope
2,12/16/2022,Eugene,OR,strike; picket,strike_out_of_scope
2,12/16/2022,Eugene,OR,strike; picket,strike_out_of_scope
2,12/16/2022,Eugene,OR,strike; picket,strike_out_of_scope
2,12/16/2022,Portland,OR,strike; picket,strike_out_of_scope
2,12/16/2022,Portland,OR,strike; picket,strike_out_of_scope
2,12/16/2022,Springfield,OR,strike; picket,strike_out_of_scope
2,12/16/2022,Clinton,PA,strike; picket,strike_out_of_scope
2,12/16/2022,Philadelphia,PA,strike; picket,strike_out_of_scope
2,12/16/2022,Philadelphia,PA,strike; picket,strike_out_of_scope
2,12/16/2022,Philadelphia,PA,strike; picket,strike_out_of_scope
2,12/16/2022,Pittsburgh,PA,strike; picket,strike_out_of_scope
2,12/16/2022,Pittsburgh,PA,strike; picket,strike_out_of_scope
2,12/16/2022,Pittsburgh,PA,strike; picket,strike_out_of_scope
2,12/16/2022,Pittsburgh,PA,strike; picket,strike_out_of_scope
2,12/16/2022,Pittsburgh,PA,strike; picket,strike_out_of_scope
2,12/16/2022,Pittsburgh,PA,strike; picket,strike_out_of_scope
2,12/16/2022,Pawtucket,RI,strike; picket,strike_out_of_scope
2,12/16/2022,Anderson,SC,strike; picket,strike_out_of_scope
2,12/16/2022,Alcoa,TN,strike; picket,strike_out_of_scope
2,12/16/2022,Memphis,TN,strike; picket,strike_out_of_scope
2,12/16/2022,Fort Worth,TX,strike; picket,strike_out_of_scope
2,12/16/2022,San Antonio,TX,strike; picket,strike_out_of_scope
2,12/16/2022,Salt Lake City,UT,strike; picket,strike_out_of_scope
2,12/16/2022,Arlington,VA,strike; picket,strike_out_of_scope
2,12/16/2022,Richmond,VA,strike; picket,strike_out_of_scope
2,12/16/2022,Bellingham,WA,strike; picket,strike_out_of_scope
2,12/16/2022,Bellingham,WA,strike; picket,strike_out_of_scope
2,12/16/2022,Bellingham,WA,strike; picket,strike_out_of_scope
2,12/16/2022,Everett,WA,strike; picket,strike_out_of_scope
2,12/16/2022,Seattle,WA,strike; picket,strike_out_of_scope
2,12/16/2022,Seattle,WA,strike; picket,strike_out_of_scope
2,12/16/2022,Seattle,WA,strike; picket,strike_out_of_scope
2,12/16/2022,Tumwater,WA,strike; picket,strike_out_of_scope
2,12/16/2022,Eau Claire,WI,strike; picket,strike_out_of_scope
2,12/16/2022,Sturtevant,WI,strike; picket,strike_out_of_scope
2,12/17/2022,Brookwood,AL,strike; picket,strike_out_of_scope
2,12/17/2022,Mobile,AL,strike; picket,strike_out_of_scope
2,12/17/2022,Fayetteville,AR,strike; picket,strike_out_of_scope
2,12/17/2022,Fayetteville,AR,strike; picket,strike_out_of_scope
2,12/17/2022,Avondale,AZ,strike; picket,strike_out_of_scope
2,12/17/2022,Barstow,CA,strike; picket,strike_out_of_scope
2,12/17/2022,Berkeley,CA,strike,strike_out_of_scope
2,12/17/2022,Cerritos,CA,strike,strike_out_of_scope
2,12/17/2022,Davis,CA,strike,strike_out_of_scope
2,12/17/2022,Irvine,CA,strike,strike_out_of_scope
2,12/17/2022,Lakewood,CA,strike; picket,strike_out_of_scope
2,12/17/2022,Long Beach,CA,strike; picket,strike_out_of_scope
2,12/17/2022,Los Angeles,CA,strike; picket,strike_out_of_scope
2,12/17/2022,Los Angeles,CA,strike; picket,strike_out_of_scope
2,12/17/2022,Los Angeles,CA,strike,strike_out_of_scope
2,12/17/2022,Merced,CA,strike,strike_out_of_scope
2,12/17/2022,Riverside,CA,strike,strike_out_of_scope
2,12/17/2022,San Diego,CA,strike; picket,strike_out_of_scope
2,12/17/2022,San Diego,CA,strike,strike_out_of_scope
2,12/17/2022,San Francisco,CA,strike; picket,strike_out_of_scope
2,12/17/2022,San Francisco,CA,strike,strike_out_of_scope
2,12/17/2022,Santa Barbara,CA,strike,strike_out_of_scope
2,12/17/2022,Santa Cruz,CA,strike; picket,strike_out_of_scope
2,12/17/2022,Santa Cruz,CA,strike; picket,strike_out_of_scope
2,12/17/2022,Santa Cruz,CA,strike,strike_out_of_scope
2,12/17/2022,Colorado Springs,CO,strike; picket,strike_out_of_scope
2,12/17/2022,Greeley,CO,strike; picket,strike_out_of_scope
2,12/17/2022,Oveido,FL,strike; picket,strike_out_of_scope
2,12/17/2022,Burlington,IA,strike; picket,strike_out_of_scope
2,12/17/2022,Cedar Rapids,IA,strike; picket,strike_out_of_scope
2,12/17/2022,Cary,IL,strike; picket,strike_out_of_scope
2,12/17/2022,Chicago,IL,strike; picket,strike_out_of_scope
2,12/17/2022,Chicago,IL,strike; picket,strike_out_of_scope
2,12/17/2022,Melrose Park,IL,strike; picket,strike_out_of_scope
2,12/17/2022,Clarksville,IN,strike; picket,strike_out_of_scope
2,12/17/2022,Elkhart,IN,strike; picket,strike_out_of_scope
2,12/17/2022,Fort Wayne,IN,strike; picket,strike_out_of_scope
2,12/17/2022,Holcomb,KS,strike; picket,strike_out_of_scope
2,12/17/2022,Waban,MA,strike; picket,strike_out_of_scope
2,12/17/2022,Baltimore,MD,strike; picket,strike_out_of_scope
2,12/17/2022,Jessup,MD,strike; picket,strike_out_of_scope
2,12/17/2022,Olney,MD,strike; picket,strike_out_of_scope
2,12/17/2022,White Marsh,MD,strike; picket,strike_out_of_scope
2,12/17/2022,Williamsport,MD,strike; picket,strike_out_of_scope
2,12/17/2022,Ann Arbor,MI,strike; picket,strike_out_of_scope
2,12/17/2022,Ann Arbor,MI,strike; picket,strike_out_of_scope
2,12/17/2022,Ann Arbor,MI,strike; picket,strike_out_of_scope
2,12/17/2022,Clinton Township,MI,strike; picket,strike_out_of_scope
2,12/17/2022,East Lansing,MI,strike; picket,strike_out_of_scope
2,12/17/2022,Saint Anthony,MN,strike; picket,strike_out_of_scope
2,12/17/2022,Saint Paul,MN,strike; picket,strike_out_of_scope
2,12/17/2022,Kansas City,MO,strike; picket,strike_out_of_scope
2,12/17/2022,Lawrenceville,NJ,strike; picket,strike_out_of_scope
2,12/17/2022,Montclair,NJ,strike; picket,strike_out_of_scope
2,12/17/2022,Summit,NJ,strike; picket,strike_out_of_scope
2,12/17/2022,Ely,NV,hunger strike,strike_out_of_scope
2,12/17/2022,Ithaca,NY,strike; picket,strike_out_of_scope
2,12/17/2022,New York,NY,strike; picket,strike_out_of_scope
2,12/17/2022,New York,NY,strike; picket,strike_out_of_scope
2,12/17/2022,Rochester,NY,strike; picket,strike_out_of_scope
2,12/17/2022,Westlake,OH,strike; picket,strike_out_of_scope
2,12/17/2022,Eugene,OR,strike; picket,strike_out_of_scope
2,12/17/2022,Eugene,OR,strike; picket,strike_out_of_scope
2,12/17/2022,Eugene,OR,strike; picket,strike_out_of_scope
2,12/17/2022,Eugene,OR,strike; picket,strike_out_of_scope
2,12/17/2022,Eugene,OR,strike; picket,strike_out_of_scope
2,12/17/2022,Eugene,OR,strike; picket,strike_out_of_scope
2,12/17/2022,Eugene,OR,strike; picket,strike_out_of_scope
2,12/17/2022,Portland,OR,strike; picket,strike_out_of_scope
2,12/17/2022,Portland,OR,strike; picket,strike_out_of_scope
2,12/17/2022,Springfield,OR,strike; picket,strike_out_of_scope
2,12/17/2022,Clinton,PA,strike; picket,strike_out_of_scope
2,12/17/2022,Philadelphia,PA,strike; picket,strike_out_of_scope
2,12/17/2022,Philadelphia,PA,strike; picket,strike_out_of_scope
2,12/17/2022,Philadelphia,PA,strike; picket,strike_out_of_scope
2,12/17/2022,Philadelphia,PA,strike; picket,strike_out_of_scope
2,12/17/2022,Pittsburgh,PA,strike; picket,strike_out_of_scope
2,12/17/2022,Pittsburgh,PA,strike; picket,strike_out_of_scope
2,12/17/2022,Pittsburgh,PA,strike; picket,strike_out_of_scope
2,12/17/2022,Pittsburgh,PA,strike; picket,strike_out_of_scope
2,12/17/2022,Pittsburgh,PA,strike; picket,strike_out_of_scope
2,12/17/2022,Pittsburgh,PA,strike; picket,strike_out_of_scope
2,12/17/2022,Pawtucket,RI,strike; picket,strike_out_of_scope
2,12/17/2022,Anderson,SC,strike; picket,strike_out_of_scope
2,12/17/2022,Alcoa,TN,strike; picket,strike_out_of_scope
2,12/17/2022,Memphis,TN,strike; picket,strike_out_of_scope
2,12/17/2022,Fort Worth,TX,strike; picket,strike_out_of_scope
2,12/17/2022,San Antonio,TX,strike; picket,strike_out_of_scope
2,12/17/2022,Salt Lake City,UT,strike; picket,strike_out_of_scope
2,12/17/2022,Arlington,VA,strike; picket,strike_out_of_scope
2,12/17/2022,Richmond,VA,strike; picket,strike_out_of_scope
2,12/17/2022,Bellingham,WA,strike; picket,strike_out_of_scope
2,12/17/2022,Bellingham,WA,strike; picket,strike_out_of_scope
2,12/17/2022,Bellingham,WA,strike; picket,strike_out_of_scope
2,12/17/2022,Everett,WA,strike; picket,strike_out_of_scope
2,12/17/2022,Seattle,WA,strike; picket,strike_out_of_scope
2,12/17/2022,Seattle,WA,strike; picket,strike_out_of_scope
2,12/17/2022,Seattle,WA,strike; picket,strike_out_of_scope
2,12/17/2022,Tumwater,WA,strike; picket,strike_out_of_scope
2,12/17/2022,Eau Claire,WI,strike; picket,strike_out_of_scope
2,12/17/2022,Sturtevant,WI,strike; picket,strike_out_of_scope
2,12/18/2022,Brookwood,AL,strike; picket,strike_out_of_scope
2,12/18/2022,Mobile,AL,strike; picket,strike_out_of_scope
2,12/18/2022,Fayetteville,AR,strike; picket,strike_out_of_scope
2,12/18/2022,Fayetteville,AR,strike; picket,strike_out_of_scope
2,12/18/2022,Avondale,AZ,strike; picket,strike_out_of_scope
2,12/18/2022,Barstow,CA,strike; picket,strike_out_of_scope
2,12/18/2022,Berkeley,CA,strike,strike_out_of_scope
2,12/18/2022,Davis,CA,strike,strike_out_of_scope
2,12/18/2022,Irvine,CA,strike,strike_out_of_scope
2,12/18/2022,Lakewood,CA,strike; picket,strike_out_of_scope
2,12/18/2022,Long Beach,CA,strike; picket,strike_out_of_scope
2,12/18/2022,Los Angeles,CA,strike; picket,strike_out_of_scope
2,12/18/2022,Los Angeles,CA,strike; picket,strike_out_of_scope
2,12/18/2022,Los Angeles,CA,strike,strike_out_of_scope
2,12/18/2022,Merced,CA,strike,strike_out_of_scope
2,12/18/2022,Riverside,CA,strike,strike_out_of_scope
2,12/18/2022,San Diego,CA,strike; picket,strike_out_of_scope
2,12/18/2022,San Diego,CA,strike,strike_out_of_scope
2,12/18/2022,San Francisco,CA,strike; picket,strike_out_of_scope
2,12/18/2022,San Francisco,CA,strike,strike_out_of_scope
2,12/18/2022,Santa Barbara,CA,strike,strike_out_of_scope
2,12/18/2022,Santa Cruz,CA,strike; picket,strike_out_of_scope
2,12/18/2022,Santa Cruz,CA,strike; picket,strike_out_of_scope
2,12/18/2022,Santa Cruz,CA,strike,strike_out_of_scope
2,12/18/2022,Colorado Springs,CO,strike; picket,strike_out_of_scope
2,12/18/2022,Greeley,CO,strike; picket,strike_out_of_scope
2,12/18/2022,Oveido,FL,strike; picket,strike_out_of_scope
2,12/18/2022,Burlington,IA,strike; picket,strike_out_of_scope
2,12/18/2022,Cedar Rapids,IA,strike; picket,strike_out_of_scope
2,12/18/2022,Cary,IL,strike; picket,strike_out_of_scope
2,12/18/2022,Chicago,IL,strike; picket,strike_out_of_scope
2,12/18/2022,Chicago,IL,strike; picket,strike_out_of_scope
2,12/18/2022,Melrose Park,IL,strike; picket,strike_out_of_scope
2,12/18/2022,Clarksville,IN,strike; picket,strike_out_of_scope
2,12/18/2022,Elkhart,IN,strike; picket,strike_out_of_scope
2,12/18/2022,Fort Wayne,IN,strike; picket,strike_out_of_scope
2,12/18/2022,Holcomb,KS,strike; picket,strike_out_of_scope
2,12/18/2022,Waban,MA,strike; picket,strike_out_of_scope
2,12/18/2022,Baltimore,MD,strike; picket,strike_out_of_scope
2,12/18/2022,Jessup,MD,strike; picket,strike_out_of_scope
2,12/18/2022,Olney,MD,strike; picket,strike_out_of_scope
2,12/18/2022,White Marsh,MD,strike; picket,strike_out_of_scope
2,12/18/2022,Williamsport,MD,strike; picket,strike_out_of_scope
2,12/18/2022,Ann Arbor,MI,strike; picket,strike_out_of_scope
2,12/18/2022,Ann Arbor,MI,strike; picket,strike_out_of_scope
2,12/18/2022,Ann Arbor,MI,strike; picket,strike_out_of_scope
2,12/18/2022,Clinton Township,MI,strike; picket,strike_out_of_scope
2,12/18/2022,East Lansing,MI,strike; picket,strike_out_of_scope
2,12/18/2022,Saint Anthony,MN,strike; picket,strike_out_of_scope
2,12/18/2022,Saint Paul,MN,strike; picket,strike_out_of_scope
2,12/18/2022,Kansas City,MO,strike; picket,strike_out_of_scope
2,12/18/2022,Lawrenceville,NJ,strike; picket,strike_out_of_scope
2,12/18/2022,Montclair,NJ,strike; picket,strike_out_of_scope
2,12/18/2022,Summit,NJ,strike; picket,strike_out_of_scope
2,12/18/2022,Ely,NV,hunger strike,strike_out_of_scope
2,12/18/2022,Ithaca,NY,strike; picket,strike_out_of_scope
2,12/18/2022,New York,NY,strike; picket,strike_out_of_scope
2,12/18/2022,New York,NY,strike; picket,strike_out_of_scope
2,12/18/2022,Rochester,NY,strike; picket,strike_out_of_scope
2,12/18/2022,Westlake,OH,strike; picket,strike_out_of_scope
2,12/18/2022,Eugene,OR,strike; picket,strike_out_of_scope
2,12/18/2022,Eugene,OR,strike; picket,strike_out_of_scope
2,12/18/2022,Eugene,OR,strike; picket,strike_out_of_scope
2,12/18/2022,Eugene,OR,strike; picket,strike_out_of_scope
2,12/18/2022,Eugene,OR,strike; picket,strike_out_of_scope
2,12/18/2022,Eugene,OR,strike; picket,strike_out_of_scope
2,12/18/2022,Eugene,OR,strike; picket,strike_out_of_scope
2,12/18/2022,Portland,OR,strike; picket,strike_out_of_scope
2,12/18/2022,Portland,OR,strike; picket,strike_out_of_scope
2,12/18/2022,Springfield,OR,strike; picket,strike_out_of_scope
2,12/18/2022,Clinton,PA,strike; picket,strike_out_of_scope
2,12/18/2022,Philadelphia,PA,strike; picket,strike_out_of_scope
2,12/18/2022,Philadelphia,PA,strike; picket,strike_out_of_scope
2,12/18/2022,Philadelphia,PA,strike; picket,strike_out_of_scope
2,12/18/2022,Pittsburgh,PA,strike; picket,strike_out_of_scope
2,12/18/2022,Pittsburgh,PA,strike; picket,strike_out_of_scope
2,12/18/2022,Pittsburgh,PA,strike; picket,strike_out_of_scope
2,12/18/2022,Pittsburgh,PA,strike; picket,strike_out_of_scope
2,12/18/2022,Pittsburgh,PA,strike; picket,strike_out_of_scope
2,12/18/2022,Pittsburgh,PA,strike; picket,strike_out_of_scope
2,12/18/2022,Pawtucket,RI,strike; picket,strike_out_of_scope
2,12/18/2022,Anderson,SC,strike; picket,strike_out_of_scope
2,12/18/2022,Alcoa,TN,strike; picket,strike_out_of_scope
2,12/18/2022,Memphis,TN,strike; picket,strike_out_of_scope
2,12/18/2022,Fort Worth,TX,strike; picket,strike_out_of_scope
2,12/18/2022,San Antonio,TX,strike; picket,strike_out_of_scope
2,12/18/2022,Salt Lake City,UT,strike; picket,strike_out_of_scope
2,12/18/2022,Arlington,VA,strike; picket,strike_out_of_scope
2,12/18/2022,Richmond,VA,strike; picket,strike_out_of_scope
2,12/18/2022,Bellingham,WA,strike; picket,strike_out_of_scope
2,12/18/2022,Bellingham,WA,strike; picket,strike_out_of_scope
2,12/18/2022,Bellingham,WA,strike; picket,strike_out_of_scope
2,12/18/2022,Everett,WA,strike; picket,strike_out_of_scope
2,12/18/2022,Seattle,WA,strike; picket,strike_out_of_scope
2,12/18/2022,Seattle,WA,strike; picket,strike_out_of_scope
2,12/18/2022,Seattle,WA,strike; picket,strike_out_of_scope
2,12/18/2022,Tumwater,WA,strike; picket,strike_out_of_scope
2,12/18/2022,Eau Claire,WI,strike; picket,strike_out_of_scope
2,12/18/2022,Sturtevant,WI,strike; picket,strike_out_of_scope
2,12/19/2022,Brookwood,AL,strike; picket,strike_out_of_scope
2,12/19/2022,Mobile,AL,strike; picket,strike_out_of_scope
2,12/19/2022,Berkeley,CA,strike,strike_out_of_scope
2,12/19/2022,Davis,CA,strike,strike_out_of_scope
2,12/19/2022,Irvine,CA,strike,strike_out_of_scope
2,12/19/2022,Los Angeles,CA,strike,strike_out_of_scope
2,12/19/2022,Merced,CA,strike,strike_out_of_scope
2,12/19/2022,Riverside,CA,strike,strike_out_of_scope
2,12/19/2022,San Diego,CA,strike; picket,strike_out_of_scope
2,12/19/2022,San Diego,CA,strike,strike_out_of_scope
2,12/19/2022,San Francisco,CA,strike,strike_out_of_scope
2,12/19/2022,Santa Barbara,CA,strike,strike_out_of_scope
2,12/19/2022,Santa Cruz,CA,strike,strike_out_of_scope
2,12/19/2022,Burlington,IA,strike; picket,strike_out_of_scope
2,12/19/2022,Cedar Rapids,IA,strike; picket,strike_out_of_scope
2,12/19/2022,Melrose Park,IL,strike; picket,strike_out_of_scope
2,12/19/2022,Elkhart,IN,strike; picket,strike_out_of_scope
2,12/19/2022,Fort Wayne,IN,strike; picket,strike_out_of_scope
2,12/19/2022,Holcomb,KS,strike; picket,strike_out_of_scope
2,12/19/2022,Jessup,MD,strike; picket,strike_out_of_scope
2,12/19/2022,Williamsport,MD,strike; picket,strike_out_of_scope
2,12/19/2022,Kansas City,MO,strike; picket,strike_out_of_scope
2,12/19/2022,Lawrenceville,NJ,strike; picket,strike_out_of_scope
2,12/19/2022,Ely,NV,hunger strike,strike_out_of_scope
2,12/19/2022,New York,NY,strike; picket,strike_out_of_scope
2,12/19/2022,New York,NY,strike; boycott,strike_out_of_scope
2,12/19/2022,New York,NY,strike; picket,strike_out_of_scope
2,12/19/2022,Clinton,PA,strike; picket,strike_out_of_scope
2,12/19/2022,Pittsburgh,PA,strike; picket,strike_out_of_scope
2,12/19/2022,Pawtucket,RI,strike; picket,strike_out_of_scope
2,12/19/2022,Fort Worth,TX,strike; picket,strike_out_of_scope
2,12/19/2022,Eau Claire,WI,strike; picket,strike_out_of_scope
2,12/19/2022,Sturtevant,WI,strike; picket,strike_out_of_scope
2,12/20/2022,Brookwood,AL,strike; picket,strike_out_of_scope
2,12/20/2022,Mobile,AL,strike; picket,strike_out_of_scope
2,12/20/2022,Berkeley,CA,strike,strike_out_of_scope
2,12/20/2022,Davis,CA,strike,strike_out_of_scope
2,12/20/2022,Irvine,CA,strike,strike_out_of_scope
2,12/20/2022,Los Angeles,CA,strike,strike_out_of_scope
2,12/20/2022,Merced,CA,strike,strike_out_of_scope
2,12/20/2022,Riverside,CA,strike,strike_out_of_scope
2,12/20/2022,San Diego,CA,strike; picket,strike_out_of_scope
2,12/20/2022,San Diego,CA,strike,strike_out_of_scope
2,12/20/2022,San Francisco,CA,strike,strike_out_of_scope
2,12/20/2022,Santa Barbara,CA,strike,strike_out_of_scope
2,12/20/2022,Santa Cruz,CA,strike,strike_out_of_scope
2,12/20/2022,Burlington,IA,strike; picket,strike_out_of_scope
2,12/20/2022,Cedar Rapids,IA,strike; picket,strike_out_of_scope
2,12/20/2022,Melrose Park,IL,strike; picket,strike_out_of_scope
2,12/20/2022,Elkhart,IN,strike; picket,strike_out_of_scope
2,12/20/2022,Fort Wayne,IN,strike; picket,strike_out_of_scope
2,12/20/2022,Holcomb,KS,strike; picket,strike_out_of_scope
2,12/20/2022,Jessup,MD,strike; picket,strike_out_of_scope
2,12/20/2022,Williamsport,MD,strike; picket,strike_out_of_scope
2,12/20/2022,Kansas City,MO,strike; picket,strike_out_of_scope
2,12/20/2022,Lawrenceville,NJ,strike; picket,strike_out_of_scope
2,12/20/2022,Ely,NV,hunger strike,strike_out_of_scope
2,12/20/2022,New York,NY,strike; picket,strike_out_of_scope
2,12/20/2022,New York,NY,strike; picket,strike_out_of_scope
2,12/20/2022,Clinton,PA,strike; picket,strike_out_of_scope
2,12/20/2022,Pittsburgh,PA,strike; picket,strike_out_of_scope
2,12/20/2022,Pawtucket,RI,strike; picket,strike_out_of_scope
2,12/20/2022,Fort Worth,TX,strike; picket,strike_out_of_scope
2,12/20/2022,Eau Claire,WI,strike; picket,strike_out_of_scope
2,12/20/2022,Sturtevant,WI,strike; picket,strike_out_of_scope
2,12/21/2022,Brookwood,AL,strike; picket,strike_out_of_scope
2,12/21/2022,Mobile,AL,strike; picket,strike_out_of_scope
2,12/21/2022,Berkeley,CA,strike,strike_out_of_scope
2,12/21/2022,Davis,CA,strike,strike_out_of_scope
2,12/21/2022,Irvine,CA,strike,strike_out_of_scope
2,12/21/2022,Los Angeles,CA,strike,strike_out_of_scope
2,12/21/2022,Merced,CA,strike,strike_out_of_scope
2,12/21/2022,Riverside,CA,strike,strike_out_of_scope
2,12/21/2022,San Diego,CA,strike; picket,strike_out_of_scope
2,12/21/2022,San Diego,CA,strike,strike_out_of_scope
2,12/21/2022,San Francisco,CA,strike,strike_out_of_scope
2,12/21/2022,Santa Barbara,CA,strike,strike_out_of_scope
2,12/21/2022,Santa Cruz,CA,strike,strike_out_of_scope
2,12/21/2022,Burlington,IA,strike; picket,strike_out_of_scope
2,12/21/2022,Cedar Rapids,IA,strike; picket,strike_out_of_scope
2,12/21/2022,Melrose Park,IL,strike; picket,strike_out_of_scope
2,12/21/2022,Elkhart,IN,strike; picket,strike_out_of_scope
2,12/21/2022,Fort Wayne,IN,strike; picket,strike_out_of_scope
2,12/21/2022,Holcomb,KS,strike; picket,strike_out_of_scope
2,12/21/2022,Jessup,MD,strike; picket,strike_out_of_scope
2,12/21/2022,Williamsport,MD,strike; picket,strike_out_of_scope
2,12/21/2022,Kansas City,MO,strike; picket,strike_out_of_scope
2,12/21/2022,Lawrenceville,NJ,strike; picket,strike_out_of_scope
2,12/21/2022,Ely,NV,hunger strike,strike_out_of_scope
2,12/21/2022,New York,NY,strike; picket,strike_out_of_scope
2,12/21/2022,New York,NY,strike; picket,strike_out_of_scope
2,12/21/2022,Clinton,PA,strike; picket,strike_out_of_scope
2,12/21/2022,Pittsburgh,PA,strike; picket,strike_out_of_scope
2,12/21/2022,Pawtucket,RI,strike; picket,strike_out_of_scope
2,12/21/2022,Fort Worth,TX,strike; picket,strike_out_of_scope
2,12/21/2022,Eau Claire,WI,strike; picket,strike_out_of_scope
2,12/21/2022,Sturtevant,WI,strike; picket,strike_out_of_scope
2,12/22/2022,Brookwood,AL,strike; picket,strike_out_of_scope
2,12/22/2022,Mobile,AL,strike; picket,strike_out_of_scope
2,12/22/2022,Berkeley,CA,strike,strike_out_of_scope
2,12/22/2022,Davis,CA,strike,strike_out_of_scope
2,12/22/2022,Irvine,CA,strike,strike_out_of_scope
2,12/22/2022,Los Angeles,CA,strike,strike_out_of_scope
2,12/22/2022,Merced,CA,strike,strike_out_of_scope
2,12/22/2022,Riverside,CA,strike,strike_out_of_scope
2,12/22/2022,San Diego,CA,strike; picket,strike_out_of_scope
2,12/22/2022,San Diego,CA,strike,strike_out_of_scope
2,12/22/2022,San Francisco,CA,strike,strike_out_of_scope
2,12/22/2022,Santa Barbara,CA,strike,strike_out_of_scope
2,12/22/2022,Santa Cruz,CA,strike,strike_out_of_scope
2,12/22/2022,Burlington,IA,strike; picket,strike_out_of_scope
2,12/22/2022,Cedar Rapids,IA,strike; picket,strike_out_of_scope
2,12/22/2022,Melrose Park,IL,strike; picket,strike_out_of_scope
2,12/22/2022,Elkhart,IN,strike; picket,strike_out_of_scope
2,12/22/2022,Fort Wayne,IN,strike; picket,strike_out_of_scope
2,12/22/2022,Holcomb,KS,strike; picket,strike_out_of_scope
2,12/22/2022,Jessup,MD,strike; picket,strike_out_of_scope
2,12/22/2022,Williamsport,MD,strike; picket,strike_out_of_scope
2,12/22/2022,Kansas City,MO,strike; picket,strike_out_of_scope
2,12/22/2022,Lawrenceville,NJ,strike; picket,strike_out_of_scope
2,12/22/2022,Ely,NV,hunger strike,strike_out_of_scope
2,12/22/2022,New York,NY,strike; picket,strike_out_of_scope
2,12/22/2022,New York,NY,strike; picket,strike_out_of_scope
2,12/22/2022,Clinton,PA,strike; picket,strike_out_of_scope
2,12/22/2022,Pittsburgh,PA,strike; picket,strike_out_of_scope
2,12/22/2022,Pawtucket,RI,strike; picket,strike_out_of_scope
2,12/22/2022,Eau Claire,WI,strike; picket,strike_out_of_scope
2,12/22/2022,Sturtevant,WI,strike; picket,strike_out_of_scope
2,12/23/2022,Brookwood,AL,strike; picket,strike_out_of_scope
2,12/23/2022,Mobile,AL,strike; picket,strike_out_of_scope
2,12/23/2022,Berkeley,CA,strike,strike_out_of_scope
2,12/23/2022,Davis,CA,strike,strike_out_of_scope
2,12/23/2022,Irvine,CA,strike,strike_out_of_scope
2,12/23/2022,Los Angeles,CA,strike,strike_out_of_scope
2,12/23/2022,Merced,CA,strike,strike_out_of_scope
2,12/23/2022,Riverside,CA,strike,strike_out_of_scope
2,12/23/2022,San Diego,CA,strike; picket,strike_out_of_scope
2,12/23/2022,San Diego,CA,strike,strike_out_of_scope
2,12/23/2022,San Francisco,CA,strike; picket,strike_out_of_scope
2,12/23/2022,San Francisco,CA,strike,strike_out_of_scope
2,12/23/2022,Santa Barbara,CA,strike,strike_out_of_scope
2,12/23/2022,Santa Cruz,CA,strike,strike_out_of_scope
2,12/23/2022,Burlington,IA,strike; picket,strike_out_of_scope
2,12/23/2022,Cedar Rapids,IA,strike; picket,strike_out_of_scope
2,12/23/2022,Melrose Park,IL,strike; picket,strike_out_of_scope
2,12/23/2022,Elkhart,IN,strike; picket,strike_out_of_scope
2,12/23/2022,Fort Wayne,IN,strike; picket,strike_out_of_scope
2,12/23/2022,Holcomb,KS,strike; picket,strike_out_of_scope
2,12/23/2022,Jessup,MD,strike; picket,strike_out_of_scope
2,12/23/2022,Williamsport,MD,strike; picket,strike_out_of_scope
2,12/23/2022,Kansas City,MO,strike; picket,strike_out_of_scope
2,12/23/2022,Lawrenceville,NJ,strike; picket,strike_out_of_scope
2,12/23/2022,Ely,NV,hunger strike,strike_out_of_scope
2,12/23/2022,New York,NY,strike; picket,strike_out_of_scope
2,12/23/2022,New York,NY,strike; picket,strike_out_of_scope
2,12/23/2022,Clinton,PA,strike; picket,strike_out_of_scope
2,12/23/2022,Pittsburgh,PA,strike; picket,strike_out_of_scope
2,12/23/2022,Pawtucket,RI,strike; picket,strike_out_of_scope
2,12/23/2022,Eau Claire,WI,strike; picket,strike_out_of_scope
2,12/23/2022,Sturtevant,WI,strike; picket,strike_out_of_scope
2,12/24/2022,Brookwood,AL,strike; picket,strike_out_of_scope
2,12/24/2022,Mobile,AL,strike; picket,strike_out_of_scope
2,12/24/2022,Berkeley,CA,strike; picket,strike_out_of_scope
2,12/24/2022,Lynwood,CA,strike; picket,strike_out_of_scope
2,12/24/2022,Oakland,CA,strike; picket,strike_out_of_scope
2,12/24/2022,San Diego,CA,strike; picket,strike_out_of_scope
2,12/24/2022,San Francisco,CA,strike; picket,strike_out_of_scope
2,12/24/2022,Burlington,IA,strike; picket,strike_out_of_scope
2,12/24/2022,Cedar Rapids,IA,strike; picket,strike_out_of_scope
2,12/24/2022,Melrose Park,IL,strike; picket,strike_out_of_scope
2,12/24/2022,Elkhart,IN,strike; picket,strike_out_of_scope
2,12/24/2022,Fort Wayne,IN,strike; picket,strike_out_of_scope
2,12/24/2022,Holcomb,KS,strike; picket,strike_out_of_scope
2,12/24/2022,Jessup,MD,strike; picket,strike_out_of_scope
2,12/24/2022,Williamsport,MD,strike; picket,strike_out_of_scope
2,12/24/2022,Kansas City,MO,strike; picket,strike_out_of_scope
2,12/24/2022,Lawrenceville,NJ,strike; picket,strike_out_of_scope
2,12/24/2022,Ely,NV,hunger strike,strike_out_of_scope
2,12/24/2022,New York,NY,strike; picket,strike_out_of_scope
2,12/24/2022,New York,NY,strike; picket,strike_out_of_scope
2,12/24/2022,Clinton,PA,strike; picket,strike_out_of_scope
2,12/24/2022,Pittsburgh,PA,strike; picket,strike_out_of_scope
2,12/24/2022,Pawtucket,RI,strike; picket,strike_out_of_scope
2,12/24/2022,Eau Claire,WI,strike; picket,strike_out_of_scope
2,12/24/2022,Sturtevant,WI,strike; picket,strike_out_of_scope
2,12/25/2022,Brookwood,AL,strike; picket,strike_out_of_scope
2,12/25/2022,Mobile,AL,strike; picket,strike_out_of_scope
2,12/25/2022,Berkeley,CA,strike; picket,strike_out_of_scope
2,12/25/2022,Lynwood,CA,strike; picket,strike_out_of_scope
2,12/25/2022,Oakland,CA,strike; picket,strike_out_of_scope
2,12/25/2022,San Diego,CA,strike; picket,strike_out_of_scope
2,12/25/2022,Burlington,IA,strike; picket,strike_out_of_scope
2,12/25/2022,Cedar Rapids,IA,strike; picket,strike_out_of_scope
2,12/25/2022,Melrose Park,IL,strike; picket,strike_out_of_scope
2,12/25/2022,Elkhart,IN,strike; picket,strike_out_of_scope
2,12/25/2022,Fort Wayne,IN,strike; picket,strike_out_of_scope
2,12/25/2022,Holcomb,KS,strike; picket,strike_out_of_scope
2,12/25/2022,Jessup,MD,strike; picket,strike_out_of_scope
2,12/25/2022,Williamsport,MD,strike; picket,strike_out_of_scope
2,12/25/2022,Kansas City,MO,strike; picket,strike_out_of_scope
2,12/25/2022,Lawrenceville,NJ,strike; picket,strike_out_of_scope
2,12/25/2022,Ely,NV,hunger strike,strike_out_of_scope
2,12/25/2022,New York,NY,strike; picket,strike_out_of_scope
2,12/25/2022,New York,NY,strike; picket,strike_out_of_scope
2,12/25/2022,Clinton,PA,strike; picket,strike_out_of_scope
2,12/25/2022,Pittsburgh,PA,strike; picket,strike_out_of_scope
2,12/25/2022,Pawtucket,RI,strike; picket,strike_out_of_scope
2,12/25/2022,Eau Claire,WI,strike; picket,strike_out_of_scope
2,12/25/2022,Sturtevant,WI,strike; picket,strike_out_of_scope
2,12/26/2022,Brookwood,AL,strike; picket,strike_out_of_scope
2,12/26/2022,Mobile,AL,strike; picket,strike_out_of_scope
2,12/26/2022,Berkeley,CA,strike; picket,strike_out_of_scope
2,12/26/2022,Oakland,CA,strike; picket,strike_out_of_scope
2,12/26/2022,San Diego,CA,strike; picket,strike_out_of_scope
2,12/26/2022,Burlington,IA,strike; picket,strike_out_of_scope
2,12/26/2022,Cedar Rapids,IA,strike; picket,strike_out_of_scope
2,12/26/2022,Melrose Park,IL,strike; picket,strike_out_of_scope
2,12/26/2022,Elkhart,IN,strike; picket,strike_out_of_scope
2,12/26/2022,Fort Wayne,IN,strike; picket,strike_out_of_scope
2,12/26/2022,Holcomb,KS,strike; picket,strike_out_of_scope
2,12/26/2022,Jessup,MD,strike; picket,strike_out_of_scope
2,12/26/2022,Williamsport,MD,strike; picket,strike_out_of_scope
2,12/26/2022,Kansas City,MO,strike; picket,strike_out_of_scope
2,12/26/2022,Lawrenceville,NJ,strike; picket,strike_out_of_scope
2,12/26/2022,Ely,NV,hunger strike,strike_out_of_scope
2,12/26/2022,New York,NY,strike; picket,strike_out_of_scope
2,12/26/2022,New York,NY,strike; picket,strike_out_of_scope
2,12/26/2022,Clinton,PA,strike; picket,strike_out_of_scope
2,12/26/2022,Pittsburgh,PA,strike; picket,strike_out_of_scope
2,12/26/2022,Pawtucket,RI,strike; picket,strike_out_of_scope
2,12/26/2022,Eau Claire,WI,strike; picket,strike_out_of_scope
2,12/26/2022,Sturtevant,WI,strike; picket,strike_out_of_scope
2,12/27/2022,Brookwood,AL,strike; picket,strike_out_of_scope
2,12/27/2022,Mobile,AL,strike; picket,strike_out_of_scope
2,12/27/2022,Berkeley,CA,strike; picket,strike_out_of_scope
2,12/27/2022,Oakland,CA,strike; picket,strike_out_of_scope
2,12/27/2022,San Diego,CA,strike; picket,strike_out_of_scope
2,12/27/2022,Burlington,IA,strike; picket,strike_out_of_scope
2,12/27/2022,Cedar Rapids,IA,strike; picket,strike_out_of_scope
2,12/27/2022,Chicago,IL,strike; picket,strike_out_of_scope
2,12/27/2022,Melrose Park,IL,strike; picket,strike_out_of_scope
2,12/27/2022,Elkhart,IN,strike; picket,strike_out_of_scope
2,12/27/2022,Fort Wayne,IN,strike; picket,strike_out_of_scope
2,12/27/2022,Holcomb,KS,strike; picket,strike_out_of_scope
2,12/27/2022,Jessup,MD,strike; picket,strike_out_of_scope
2,12/27/2022,Williamsport,MD,strike; picket,strike_out_of_scope
2,12/27/2022,Kansas City,MO,strike; picket,strike_out_of_scope
2,12/27/2022,Lawrenceville,NJ,strike; picket,strike_out_of_scope
2,12/27/2022,Ely,NV,hunger strike,strike_out_of_scope
2,12/27/2022,New York,NY,strike; picket,strike_out_of_scope
2,12/27/2022,New York,NY,strike; picket,strike_out_of_scope
2,12/27/2022,Clinton,PA,strike; picket,strike_out_of_scope
2,12/27/2022,Pittsburgh,PA,strike; picket,strike_out_of_scope
2,12/27/2022,Pawtucket,RI,strike; picket,strike_out_of_scope
2,12/27/2022,Eau Claire,WI,strike; picket,strike_out_of_scope
2,12/27/2022,Sturtevant,WI,strike; picket,strike_out_of_scope
2,12/28/2022,Brookwood,AL,strike; picket,strike_out_of_scope
2,12/28/2022,Mobile,AL,strike; picket,strike_out_of_scope
2,12/28/2022,Berkeley,CA,strike; picket,strike_out_of_scope
2,12/28/2022,Oakland,CA,strike; picket,strike_out_of_scope
2,12/28/2022,San Diego,CA,strike; picket,strike_out_of_scope
2,12/28/2022,Burlington,IA,strike; picket,strike_out_of_scope
2,12/28/2022,Cedar Rapids,IA,strike; picket,strike_out_of_scope
2,12/28/2022,Melrose Park,IL,strike; picket,strike_out_of_scope
2,12/28/2022,Elkhart,IN,strike; picket,strike_out_of_scope
2,12/28/2022,Fort Wayne,IN,strike; picket,strike_out_of_scope
2,12/28/2022,Holcomb,KS,strike; picket,strike_out_of_scope
2,12/28/2022,Jessup,MD,strike; picket,strike_out_of_scope
2,12/28/2022,Williamsport,MD,strike; picket,strike_out_of_scope
2,12/28/2022,Kansas City,MO,strike; picket,strike_out_of_scope
2,12/28/2022,Lawrenceville,NJ,strike; picket,strike_out_of_scope
2,12/28/2022,Ely,NV,hunger strike,strike_out_of_scope
2,12/28/2022,New York,NY,strike; picket,strike_out_of_scope
2,12/28/2022,New York,NY,strike; picket,strike_out_of_scope
2,12/28/2022,Clinton,PA,strike; picket,strike_out_of_scope
2,12/28/2022,Pittsburgh,PA,strike; picket,strike_out_of_scope
2,12/28/2022,Pawtucket,RI,strike; picket,strike_out_of_scope
2,12/28/2022,Eau Claire,WI,strike; picket,strike_out_of_scope
2,12/28/2022,Sturtevant,WI,strike; picket,strike_out_of_scope
2,12/29/2022,Brookwood,AL,strike; picket,strike_out_of_scope
2,12/29/2022,Mobile,AL,strike; picket,strike_out_of_scope
2,12/29/2022,Berkeley,CA,strike; picket,strike_out_of_scope
2,12/29/2022,Oakland,CA,strike; picket,strike_out_of_scope
2,12/29/2022,San Diego,CA,strike; picket,strike_out_of_scope
2,12/29/2022,Burlington,IA,strike; picket,strike_out_of_scope
2,12/29/2022,Cedar Rapids,IA,strike; picket,strike_out_of_scope
2,12/29/2022,Melrose Park,IL,strike; picket,strike_out_of_scope
2,12/29/2022,Elkhart,IN,strike; picket,strike_out_of_scope
2,12/29/2022,Fort Wayne,IN,strike; picket,strike_out_of_scope
2,12/29/2022,Holcomb,KS,strike; picket,strike_out_of_scope
2,12/29/2022,Jessup,MD,strike; picket,strike_out_of_scope
2,12/29/2022,Williamsport,MD,strike; picket,strike_out_of_scope
2,12/29/2022,Kansas City,MO,strike; picket,strike_out_of_scope
2,12/29/2022,Lawrenceville,NJ,strike; picket,strike_out_of_scope
2,12/29/2022,Ely,NV,hunger strike,strike_out_of_scope
2,12/29/2022,New York,NY,strike; picket,strike_out_of_scope
2,12/29/2022,New York,NY,strike; picket,strike_out_of_scope
2,12/29/2022,Clinton,PA,strike; picket,strike_out_of_scope
2,12/29/2022,Pittsburgh,PA,strike; picket,strike_out_of_scope
2,12/29/2022,Pawtucket,RI,strike; picket,strike_out_of_scope
2,12/29/2022,Eau Claire,WI,strike; picket,strike_out_of_scope
2,12/29/2022,Sturtevant,WI,strike; picket,strike_out_of_scope
2,12/30/2022,Brookwood,AL,strike; picket,strike_out_of_scope
2,12/30/2022,Mobile,AL,strike; picket,strike_out_of_scope
2,12/30/2022,Berkeley,CA,strike; picket,strike_out_of_scope
2,12/30/2022,Oakland,CA,strike; picket,strike_out_of_scope
2,12/30/2022,San Diego,CA,strike; picket,strike_out_of_scope
2,12/30/2022,Burlington,IA,strike; picket,strike_out_of_scope
2,12/30/2022,Cedar Rapids,IA,strike; picket,strike_out_of_scope
2,12/30/2022,Melrose Park,IL,strike; picket,strike_out_of_scope
2,12/30/2022,Elkhart,IN,strike; picket,strike_out_of_scope
2,12/30/2022,Fort Wayne,IN,strike; picket,strike_out_of_scope
2,12/30/2022,Holcomb,KS,strike; picket,strike_out_of_scope
2,12/30/2022,Jessup,MD,strike; picket,strike_out_of_scope
2,12/30/2022,Williamsport,MD,strike; picket,strike_out_of_scope
2,12/30/2022,Kansas City,MO,strike; picket,strike_out_of_scope
2,12/30/2022,Lawrenceville,NJ,strike; picket,strike_out_of_scope
2,12/30/2022,Ely,NV,hunger strike,strike_out_of_scope
2,12/30/2022,New York,NY,strike; picket,strike_out_of_scope
2,12/30/2022,New York,NY,strike; picket,strike_out_of_scope
2,12/30/2022,Clinton,PA,strike; picket,strike_out_of_scope
2,12/30/2022,Pittsburgh,PA,strike; picket,strike_out_of_scope
2,12/30/2022,Pawtucket,RI,strike; picket,strike_out_of_scope
2,12/30/2022,Eau Claire,WI,strike; picket,strike_out_of_scope
2,12/30/2022,Sturtevant,WI,strike; picket,strike_out_of_scope
2,12/31/2022,Brookwood,AL,strike; picket,strike_out_of_scope
2,12/31/2022,Mobile,AL,strike; picket,strike_out_of_scope
2,12/31/2022,Berkeley,CA,strike; picket,strike_out_of_scope
2,12/31/2022,Oakland,CA,strike; picket,strike_out_of_scope
2,12/31/2022,San Diego,CA,strike; picket,strike_out_of_scope
2,12/31/2022,Burlington,IA,strike; picket,strike_out_of_scope
2,12/31/2022,Cedar Rapids,IA,strike; picket,strike_out_of_scope
2,12/31/2022,Melrose Park,IL,strike; picket,strike_out_of_scope
2,12/31/2022,Elkhart,IN,strike; picket,strike_out_of_scope
2,12/31/2022,Fort Wayne,IN,strike; picket,strike_out_of_scope
2,12/31/2022,Holcomb,KS,strike; picket,strike_out_of_scope
2,12/31/2022,Jessup,MD,strike; picket,strike_out_of_scope
2,12/31/2022,Williamsport,MD,strike; picket,strike_out_of_scope
2,12/31/2022,Minneapolis,MN,strike; picket,strike_out_of_scope
2,12/31/2022,Kansas City,MO,strike; picket,strike_out_of_scope
2,12/31/2022,Lawrenceville,NJ,strike; picket,strike_out_of_scope
2,12/31/2022,New York,NY,strike; picket,strike_out_of_scope
2,12/31/2022,New York,NY,strike; picket,strike_out_of_scope
2,12/31/2022,Clinton,PA,strike; picket,strike_out_of_scope
2,12/31/2022,Pittsburgh,PA,strike; picket,strike_out_of_scope
2,12/31/2022,Pawtucket,RI,strike; picket,strike_out_of_scope
2,12/31/2022,Eau Claire,WI,strike; picket,strike_out_of_scope
2,12/31/2022,Sturtevant,WI,strike; picket,strike_out_of_scope
2,1/1/2023,Brookwood,AL,strike; picket,strike_out_of_scope
2,1/1/2023,Mobile,AL,strike; picket,strike_out_of_scope
2,1/1/2023,Berkeley,CA,strike; picket,strike_out_of_scope
2,1/1/2023,Oakland,CA,strike; picket,strike_out_of_scope
2,1/1/2023,San Diego,CA,strike; picket,strike_out_of_scope
2,1/1/2023,Estes Park,CO,hunger strike,strike_out_of_scope
2,1/1/2023,Burlington,IA,strike; picket,strike_out_of_scope
2,1/1/2023,Cedar Rapids,IA,strike; picket,strike_out_of_scope
2,1/1/2023,Melrose Park,IL,strike; picket,strike_out_of_scope
2,1/1/2023,Elkhart,IN,strike; picket,strike_out_of_scope
2,1/1/2023,Fort Wayne,IN,strike; picket,strike_out_of_scope
2,1/1/2023,Holcomb,KS,strike; picket,strike_out_of_scope
2,1/1/2023,Jessup,MD,strike; picket,strike_out_of_scope
2,1/1/2023,Williamsport,MD,strike; picket,strike_out_of_scope
2,1/1/2023,Kansas City,MO,strike; picket,strike_out_of_scope
2,1/1/2023,Lawrenceville,NJ,strike; picket,strike_out_of_scope
2,1/1/2023,New York,NY,strike; picket,strike_out_of_scope
2,1/1/2023,New York,NY,strike; picket,strike_out_of_scope
2,1/1/2023,Clinton,PA,strike; picket,strike_out_of_scope
2,1/1/2023,Pittsburgh,PA,strike; picket,strike_out_of_scope
2,1/1/2023,Pawtucket,RI,strike; picket,strike_out_of_scope
2,1/1/2023,Eau Claire,WI,strike; picket,strike_out_of_scope
2,1/1/2023,Sturtevant,WI,strike; picket,strike_out_of_scope
2,1/2/2023,Brookwood,AL,strike; picket,strike_out_of_scope
2,1/2/2023,Mobile,AL,strike; picket,strike_out_of_scope
2,1/2/2023,San Diego,CA,strike; picket,strike_out_of_scope
2,1/2/2023,Estes Park,CO,hunger strike,strike_out_of_scope
2,1/2/2023,Burlington,IA,strike; picket,strike_out_of_scope
2,1/2/2023,Cedar Rapids,IA,strike; picket,strike_out_of_scope
2,1/2/2023,Melrose Park,IL,strike; picket,strike_out_of_scope
2,1/2/2023,Elkhart,IN,strike; picket,strike_out_of_scope
2,1/2/2023,Fort Wayne,IN,strike; picket,strike_out_of_scope
2,1/2/2023,Holcomb,KS,strike; picket,strike_out_of_scope
2,1/2/2023,Jessup,MD,strike; picket,strike_out_of_scope
2,1/2/2023,Williamsport,MD,strike; picket,strike_out_of_scope
2,1/2/2023,Kansas City,MO,strike; picket,strike_out_of_scope
2,1/2/2023,Lawrenceville,NJ,strike; picket,strike_out_of_scope
2,1/2/2023,New York,NY,strike; picket,strike_out_of_scope
2,1/2/2023,New York,NY,strike; picket,strike_out_of_scope
2,1/2/2023,Clinton,PA,strike; picket,strike_out_of_scope
2,1/2/2023,Pittsburgh,PA,strike; picket,strike_out_of_scope
2,1/2/2023,Pawtucket,RI,strike; picket,strike_out_of_scope
2,1/2/2023,Eau Claire,WI,strike; picket,strike_out_of_scope
2,1/2/2023,Sturtevant,WI,strike; picket,strike_out_of_scope
2,1/3/2023,Brookwood,AL,strike; picket,strike_out_of_scope
2,1/3/2023,Mobile,AL,strike; picket,strike_out_of_scope
2,1/3/2023,San Diego,CA,strike; picket,strike_out_of_scope
2,1/3/2023,Estes Park,CO,hunger strike,strike_out_of_scope
2,1/3/2023,Burlington,IA,strike; picket,strike_out_of_scope
2,1/3/2023,Cedar Rapids,IA,strike; picket,strike_out_of_scope
2,1/3/2023,Chicago,IL,strike; picket,strike_out_of_scope
2,1/3/2023,Chicago,IL,strike; picket,strike_out_of_scope
2,1/3/2023,Chicago,IL,strike; picket,strike_out_of_scope
2,1/3/2023,Chicago,IL,strike; picket,strike_out_of_scope
2,1/3/2023,Melrose Park,IL,strike; picket,strike_out_of_scope
2,1/3/2023,Oak Park,IL,strike; picket,strike_out_of_scope
2,1/3/2023,Elkhart,IN,strike; picket,strike_out_of_scope
2,1/3/2023,Fort Wayne,IN,strike; picket,strike_out_of_scope
2,1/3/2023,Holcomb,KS,strike; picket,strike_out_of_scope
2,1/3/2023,Jessup,MD,strike; picket,strike_out_of_scope
2,1/3/2023,Williamsport,MD,strike; picket,strike_out_of_scope
2,1/3/2023,Kansas City,MO,strike; picket,strike_out_of_scope
2,1/3/2023,Lawrenceville,NJ,strike; picket,strike_out_of_scope
2,1/3/2023,New York,NY,strike; picket,strike_out_of_scope
2,1/3/2023,New York,NY,strike; picket,strike_out_of_scope
2,1/3/2023,Clinton,PA,strike; picket,strike_out_of_scope
2,1/3/2023,Pittsburgh,PA,strike; picket,strike_out_of_scope
2,1/3/2023,Pawtucket,RI,strike; picket,strike_out_of_scope
2,1/3/2023,Eau Claire,WI,strike; picket,strike_out_of_scope
2,1/3/2023,Sturtevant,WI,strike; picket,strike_out_of_scope
2,1/4/2023,Brookwood,AL,strike; picket,strike_out_of_scope
2,1/4/2023,Mobile,AL,strike; picket,strike_out_of_scope
2,1/4/2023,San Diego,CA,strike; picket,strike_out_of_scope
2,1/4/2023,Estes Park,CO,hunger strike,strike_out_of_scope
2,1/4/2023,Burlington,IA,strike; picket,strike_out_of_scope
2,1/4/2023,Cedar Rapids,IA,strike; picket,strike_out_of_scope
2,1/4/2023,Chicago,IL,strike; picket,strike_out_of_scope
2,1/4/2023,Chicago,IL,strike; picket,strike_out_of_scope
2,1/4/2023,Chicago,IL,strike; picket,strike_out_of_scope
2,1/4/2023,Melrose Park,IL,strike; picket,strike_out_of_scope
2,1/4/2023,Elkhart,IN,strike; picket,strike_out_of_scope
2,1/4/2023,Fort Wayne,IN,strike; picket,strike_out_of_scope
2,1/4/2023,Holcomb,KS,strike; picket,strike_out_of_scope
2,1/4/2023,Jessup,MD,strike; picket,strike_out_of_scope
2,1/4/2023,Williamsport,MD,strike; picket,strike_out_of_scope
2,1/4/2023,Kansas City,MO,strike; picket,strike_out_of_scope
2,1/4/2023,Lawrenceville,NJ,strike; picket,strike_out_of_scope
2,1/4/2023,New York,NY,strike; picket,strike_out_of_scope
2,1/4/2023,New York,NY,strike; picket,strike_out_of_scope
2,1/4/2023,Clinton,PA,strike; picket,strike_out_of_scope
2,1/4/2023,Pittsburgh,PA,strike; picket,strike_out_of_scope
2,1/4/2023,Pawtucket,RI,strike; picket,strike_out_of_scope
2,1/4/2023,Eau Claire,WI,strike; picket,strike_out_of_scope
2,1/4/2023,Sturtevant,WI,strike; picket,strike_out_of_scope
2,1/5/2023,Brookwood,AL,strike; picket,strike_out_of_scope
2,1/5/2023,Mobile,AL,strike; picket,strike_out_of_scope
2,1/5/2023,San Diego,CA,strike; picket,strike_out_of_scope
2,1/5/2023,Estes Park,CO,hunger strike,strike_out_of_scope
2,1/5/2023,Burlington,IA,strike; picket,strike_out_of_scope
2,1/5/2023,Cedar Rapids,IA,strike; picket,strike_out_of_scope
2,1/5/2023,Chicago,IL,strike; picket,strike_out_of_scope
2,1/5/2023,Chicago,IL,strike; picket,strike_out_of_scope
2,1/5/2023,Chicago,IL,strike; picket,strike_out_of_scope
2,1/5/2023,Melrose Park,IL,strike; picket,strike_out_of_scope
2,1/5/2023,Oak Park,IL,strike; picket,strike_out_of_scope
2,1/5/2023,Elkhart,IN,strike; picket,strike_out_of_scope
2,1/5/2023,Fort Wayne,IN,strike; picket,strike_out_of_scope
2,1/5/2023,Holcomb,KS,strike; picket,strike_out_of_scope
2,1/5/2023,Jessup,MD,strike; picket,strike_out_of_scope
2,1/5/2023,Williamsport,MD,strike; picket,strike_out_of_scope
2,1/5/2023,Kansas City,MO,strike; picket,strike_out_of_scope
2,1/5/2023,Lawrenceville,NJ,strike; picket,strike_out_of_scope
2,1/5/2023,New York,NY,strike; picket,strike_out_of_scope
2,1/5/2023,New York,NY,strike,strike_out_of_scope
2,1/5/2023,New York,NY,strike; picket,strike_out_of_scope
2,1/5/2023,Clinton,PA,strike; picket,strike_out_of_scope
2,1/5/2023,Pittsburgh,PA,strike; picket,strike_out_of_scope
2,1/5/2023,Pawtucket,RI,strike; picket,strike_out_of_scope
2,1/5/2023,Eau Claire,WI,strike; picket,strike_out_of_scope
2,1/5/2023,Sturtevant,WI,strike; picket,strike_out_of_scope
2,1/6/2023,Brookwood,AL,strike; picket,strike_out_of_scope
2,1/6/2023,Mobile,AL,strike; picket,strike_out_of_scope
2,1/6/2023,San Diego,CA,strike; picket,strike_out_of_scope
2,1/6/2023,San Jose,CA,strike; picket,strike_out_of_scope
2,1/6/2023,Estes Park,CO,hunger strike,strike_out_of_scope
2,1/6/2023,Burlington,IA,strike; picket,strike_out_of_scope
2,1/6/2023,Cedar Rapids,IA,strike; picket,strike_out_of_scope
2,1/6/2023,Melrose Park,IL,strike; picket,strike_out_of_scope
2,1/6/2023,Elkhart,IN,strike; picket,strike_out_of_scope
2,1/6/2023,Fort Wayne,IN,strike; picket,strike_out_of_scope
2,1/6/2023,Holcomb,KS,strike; picket,strike_out_of_scope
2,1/6/2023,Jessup,MD,strike; picket,strike_out_of_scope
2,1/6/2023,Williamsport,MD,strike; picket,strike_out_of_scope
2,1/6/2023,Kansas City,MO,strike; picket,strike_out_of_scope
2,1/6/2023,Lawrenceville,NJ,strike; picket,strike_out_of_scope
2,1/6/2023,New York,NY,strike; picket,strike_out_of_scope
2,1/6/2023,New York,NY,strike; picket,strike_out_of_scope
2,1/6/2023,Clinton,PA,strike; picket,strike_out_of_scope
2,1/6/2023,Pittsburgh,PA,strike; picket,strike_out_of_scope
2,1/6/2023,Pawtucket,RI,strike; picket,strike_out_of_scope
2,1/6/2023,Eau Claire,WI,strike; picket,strike_out_of_scope
2,1/6/2023,Sturtevant,WI,strike; picket,strike_out_of_scope
2,1/7/2023,Brookwood,AL,strike; picket,strike_out_of_scope
2,1/7/2023,Mobile,AL,strike; picket,strike_out_of_scope
2,1/7/2023,San Diego,CA,strike; picket,strike_out_of_scope
2,1/7/2023,Estes Park,CO,hunger strike,strike_out_of_scope
2,1/7/2023,Burlington,IA,strike; picket,strike_out_of_scope
2,1/7/2023,Cedar Rapids,IA,strike; picket,strike_out_of_scope
2,1/7/2023,Melrose Park,IL,strike; picket,strike_out_of_scope
2,1/7/2023,Elkhart,IN,strike; picket,strike_out_of_scope
2,1/7/2023,Fort Wayne,IN,strike; picket,strike_out_of_scope
2,1/7/2023,Holcomb,KS,strike; picket,strike_out_of_scope
2,1/7/2023,Jessup,MD,strike; picket,strike_out_of_scope
2,1/7/2023,Williamsport,MD,strike; picket,strike_out_of_scope
2,1/7/2023,Kansas City,MO,strike; picket,strike_out_of_scope
2,1/7/2023,Lawrenceville,NJ,strike; picket,strike_out_of_scope
2,1/7/2023,New York,NY,strike; picket,strike_out_of_scope
2,1/7/2023,New York,NY,strike; picket,strike_out_of_scope
2,1/7/2023,Clinton,PA,strike; picket,strike_out_of_scope
2,1/7/2023,Pittsburgh,PA,strike; picket,strike_out_of_scope
2,1/7/2023,Pawtucket,RI,strike; picket,strike_out_of_scope
2,1/7/2023,Eau Claire,WI,strike; picket,strike_out_of_scope
2,1/7/2023,Sturtevant,WI,strike; picket,strike_out_of_scope
2,1/8/2023,Brookwood,AL,strike; picket,strike_out_of_scope
2,1/8/2023,Mobile,AL,strike; picket,strike_out_of_scope
2,1/8/2023,San Diego,CA,strike; picket,strike_out_of_scope
2,1/8/2023,Estes Park,CO,hunger strike,strike_out_of_scope
2,1/8/2023,Burlington,IA,strike; picket,strike_out_of_scope
2,1/8/2023,Cedar Rapids,IA,strike; picket,strike_out_of_scope
2,1/8/2023,Melrose Park,IL,strike; picket,strike_out_of_scope
2,1/8/2023,Elkhart,IN,strike; picket,strike_out_of_scope
2,1/8/2023,Fort Wayne,IN,strike; picket,strike_out_of_scope
2,1/8/2023,Holcomb,KS,strike; picket,strike_out_of_scope
2,1/8/2023,Jessup,MD,strike; picket,strike_out_of_scope
2,1/8/2023,Williamsport,MD,strike; picket,strike_out_of_scope
2,1/8/2023,Kansas City,MO,strike; picket,strike_out_of_scope
2,1/8/2023,Lawrenceville,NJ,strike; picket,strike_out_of_scope
2,1/8/2023,New York,NY,strike; picket,strike_out_of_scope
2,1/8/2023,New York,NY,strike; picket,strike_out_of_scope
2,1/8/2023,Clinton,PA,strike; picket,strike_out_of_scope
2,1/8/2023,Pittsburgh,PA,strike; picket,strike_out_of_scope
2,1/8/2023,Pawtucket,RI,strike; picket,strike_out_of_scope
2,1/8/2023,Eau Claire,WI,strike; picket,strike_out_of_scope
2,1/8/2023,Sturtevant,WI,strike; picket,strike_out_of_scope
2,1/9/2023,Brookwood,AL,strike; picket,strike_out_of_scope
2,1/9/2023,Mobile,AL,strike; picket,strike_out_of_scope
2,1/9/2023,San Diego,CA,strike; picket,strike_out_of_scope
2,1/9/2023,Estes Park,CO,hunger strike,strike_out_of_scope
2,1/9/2023,Burlington,IA,strike; picket,strike_out_of_scope
2,1/9/2023,Cedar Rapids,IA,strike; picket,strike_out_of_scope
2,1/9/2023,Melrose Park,IL,strike; picket,strike_out_of_scope
2,1/9/2023,Elkhart,IN,strike; picket,strike_out_of_scope
2,1/9/2023,Fort Wayne,IN,strike; picket,strike_out_of_scope
2,1/9/2023,Holcomb,KS,strike; picket,strike_out_of_scope
2,1/9/2023,Jessup,MD,strike; picket,strike_out_of_scope
2,1/9/2023,Williamsport,MD,strike; picket,strike_out_of_scope
2,1/9/2023,Kansas City,MO,strike; picket,strike_out_of_scope
2,1/9/2023,Lawrenceville,NJ,strike; picket,strike_out_of_scope
2,1/9/2023,New York,NY,strike; picket,strike_out_of_scope
2,1/9/2023,New York,NY,strike; picket,strike_out_of_scope
2,1/9/2023,New York,NY,strike; picket,strike_out_of_scope
2,1/9/2023,New York,NY,strike; picket,strike_out_of_scope
2,1/9/2023,New York,NY,strike; picket,strike_out_of_scope
2,1/9/2023,New York,NY,strike; picket,strike_out_of_scope
2,1/9/2023,Clinton,PA,strike; picket,strike_out_of_scope
2,1/9/2023,Pittsburgh,PA,strike; picket,strike_out_of_scope
2,1/9/2023,Pawtucket,RI,strike; picket,strike_out_of_scope
2,1/9/2023,Eau Claire,WI,strike; picket,strike_out_of_scope
2,1/9/2023,Sturtevant,WI,strike; picket,strike_out_of_scope
2,1/10/2023,Brookwood,AL,strike; picket,strike_out_of_scope
2,1/10/2023,Mobile,AL,strike; picket,strike_out_of_scope
2,1/10/2023,San Diego,CA,strike; picket,strike_out_of_scope
2,1/10/2023,Estes Park,CO,hunger strike,strike_out_of_scope
2,1/10/2023,Burlington,IA,strike; picket,strike_out_of_scope
2,1/10/2023,Cedar Rapids,IA,strike; picket,strike_out_of_scope
2,1/10/2023,Melrose Park,IL,strike; picket,strike_out_of_scope
2,1/10/2023,Elkhart,IN,strike; picket,strike_out_of_scope
2,1/10/2023,Fort Wayne,IN,strike; picket,strike_out_of_scope
2,1/10/2023,Holcomb,KS,strike; picket,strike_out_of_scope
2,1/10/2023,Jessup,MD,strike; picket,strike_out_of_scope
2,1/10/2023,Williamsport,MD,strike; picket,strike_out_of_scope
2,1/10/2023,Kansas City,MO,strike; picket,strike_out_of_scope
2,1/10/2023,Lawrenceville,NJ,strike; picket,strike_out_of_scope
2,1/10/2023,New York,NY,strike; picket,strike_out_of_scope
2,1/10/2023,New York,NY,strike; picket,strike_out_of_scope
2,1/10/2023,New York,NY,strike; picket,strike_out_of_scope
2,1/10/2023,New York,NY,strike; picket,strike_out_of_scope
2,1/10/2023,New York,NY,strike; picket,strike_out_of_scope
2,1/10/2023,New York,NY,strike; picket,strike_out_of_scope
2,1/10/2023,Clinton,PA,strike; picket,strike_out_of_scope
2,1/10/2023,Pittsburgh,PA,strike; picket,strike_out_of_scope
2,1/10/2023,Pawtucket,RI,strike; picket,strike_out_of_scope
2,1/10/2023,Austin,TX,hunger strike,strike_out_of_scope
2,1/10/2023,Eau Claire,WI,strike; picket,strike_out_of_scope
2,1/10/2023,Sturtevant,WI,strike; picket,strike_out_of_scope
2,1/11/2023,Brookwood,AL,strike; picket,strike_out_of_scope
2,1/11/2023,Mobile,AL,strike; picket,strike_out_of_scope
2,1/11/2023,San Diego,CA,strike; picket,strike_out_of_scope
2,1/11/2023,Burlington,IA,strike; picket,strike_out_of_scope
2,1/11/2023,Cedar Rapids,IA,strike; picket,strike_out_of_scope
2,1/11/2023,Melrose Park,IL,strike; picket,strike_out_of_scope
2,1/11/2023,Elkhart,IN,strike; picket,strike_out_of_scope
2,1/11/2023,Fort Wayne,IN,strike; picket,strike_out_of_scope
2,1/11/2023,Holcomb,KS,strike; picket,strike_out_of_scope
2,1/11/2023,Jessup,MD,strike; picket,strike_out_of_scope
2,1/11/2023,Williamsport,MD,strike; picket,strike_out_of_scope
2,1/11/2023,Kansas City,MO,strike; picket,strike_out_of_scope
2,1/11/2023,Lawrenceville,NJ,strike; picket,strike_out_of_scope
2,1/11/2023,New York,NY,strike; picket,strike_out_of_scope
2,1/11/2023,New York,NY,strike; picket,strike_out_of_scope
2,1/11/2023,New York,NY,strike; picket,strike_out_of_scope
2,1/11/2023,New York,NY,strike; picket,strike_out_of_scope
2,1/11/2023,New York,NY,strike; picket,strike_out_of_scope
2,1/11/2023,New York,NY,strike; picket,strike_out_of_scope
2,1/11/2023,Clinton,PA,strike; picket,strike_out_of_scope
2,1/11/2023,Pittsburgh,PA,strike; picket,strike_out_of_scope
2,1/11/2023,Pawtucket,RI,strike; picket,strike_out_of_scope
2,1/11/2023,Austin,TX,hunger strike,strike_out_of_scope
2,1/11/2023,Leesburg,VA,strike; picket,strike_out_of_scope
2,1/11/2023,Eau Claire,WI,strike; picket,strike_out_of_scope
2,1/11/2023,Sturtevant,WI,strike; picket,strike_out_of_scope
2,1/12/2023,Brookwood,AL,strike; picket,strike_out_of_scope
2,1/12/2023,Mobile,AL,strike; picket,strike_out_of_scope
2,1/12/2023,San Diego,CA,strike; picket,strike_out_of_scope
2,1/12/2023,Burlington,IA,strike; picket,strike_out_of_scope
2,1/12/2023,Cedar Rapids,IA,strike; picket,strike_out_of_scope
2,1/12/2023,Melrose Park,IL,strike; picket,strike_out_of_scope
2,1/12/2023,Elkhart,IN,strike; picket,strike_out_of_scope
2,1/12/2023,Fort Wayne,IN,strike; picket,strike_out_of_scope
2,1/12/2023,Holcomb,KS,strike; picket,strike_out_of_scope
2,1/12/2023,Jessup,MD,strike; picket,strike_out_of_scope
2,1/12/2023,Williamsport,MD,strike; picket,strike_out_of_scope
2,1/12/2023,Kansas City,MO,strike; picket,strike_out_of_scope
2,1/12/2023,Lawrenceville,NJ,strike; picket,strike_out_of_scope
2,1/12/2023,New York,NY,strike; picket,strike_out_of_scope
2,1/12/2023,New York,NY,strike; picket,strike_out_of_scope
2,1/12/2023,New York,NY,strike; picket,strike_out_of_scope
2,1/12/2023,New York,NY,strike; picket,strike_out_of_scope
2,1/12/2023,New York,NY,strike; picket,strike_out_of_scope
2,1/12/2023,New York,NY,strike; picket,strike_out_of_scope
2,1/12/2023,Clinton,PA,strike; picket,strike_out_of_scope
2,1/12/2023,Pittsburgh,PA,strike; picket,strike_out_of_scope
2,1/12/2023,Pawtucket,RI,strike; picket,strike_out_of_scope
2,1/12/2023,Austin,TX,hunger strike,strike_out_of_scope
2,1/12/2023,Logan,UT,walkout; protest,walkout_labor_precutoff
2,1/12/2023,Leesburg,VA,strike; picket,strike_out_of_scope
2,1/12/2023,Eau Claire,WI,strike; picket,strike_out_of_scope
2,1/12/2023,Sturtevant,WI,strike; picket,strike_out_of_scope
2,1/13/2023,Brookwood,AL,strike; picket,strike_out_of_scope
2,1/13/2023,Mobile,AL,strike; picket,strike_out_of_scope
2,1/13/2023,San Diego,CA,strike; picket,strike_out_of_scope
2,1/13/2023,Burlington,IA,strike; picket,strike_out_of_scope
2,1/13/2023,Cedar Rapids,IA,strike; picket,strike_out_of_scope
2,1/13/2023,Melrose Park,IL,strike; picket,strike_out_of_scope
2,1/13/2023,Elkhart,IN,strike; picket,strike_out_of_scope
2,1/13/2023,Fort Wayne,IN,strike; picket,strike_out_of_scope
2,1/13/2023,Holcomb,KS,strike; picket,strike_out_of_scope
2,1/13/2023,Jessup,MD,strike; picket,strike_out_of_scope
2,1/13/2023,Williamsport,MD,strike; picket,strike_out_of_scope
2,1/13/2023,Kansas City,MO,strike; picket,strike_out_of_scope
2,1/13/2023,Lawrenceville,NJ,strike; picket,strike_out_of_scope
2,1/13/2023,New York,NY,strike; picket,strike_out_of_scope
2,1/13/2023,New York,NY,strike; picket,strike_out_of_scope
2,1/13/2023,Clinton,PA,strike; picket,strike_out_of_scope
2,1/13/2023,Pittsburgh,PA,strike; picket,strike_out_of_scope
2,1/13/2023,Pawtucket,RI,strike; picket,strike_out_of_scope
2,1/13/2023,Austin,TX,hunger strike,strike_out_of_scope
2,1/13/2023,Leesburg,VA,strike; picket,strike_out_of_scope
2,1/13/2023,Eau Claire,WI,strike; picket,strike_out_of_scope
2,1/13/2023,Sturtevant,WI,strike; picket,strike_out_of_scope
2,1/14/2023,Brookwood,AL,strike; picket,strike_out_of_scope
2,1/14/2023,Mobile,AL,strike; picket,strike_out_of_scope
2,1/14/2023,San Diego,CA,strike; picket,strike_out_of_scope
2,1/14/2023,Burlington,IA,strike; picket,strike_out_of_scope
2,1/14/2023,Cedar Rapids,IA,strike; picket,strike_out_of_scope
2,1/14/2023,Melrose Park,IL,strike; picket,strike_out_of_scope
2,1/14/2023,Elkhart,IN,strike; picket,strike_out_of_scope
2,1/14/2023,Fort Wayne,IN,strike; picket,strike_out_of_scope
2,1/14/2023,Holcomb,KS,strike; picket,strike_out_of_scope
2,1/14/2023,Jessup,MD,strike; picket,strike_out_of_scope
2,1/14/2023,Williamsport,MD,strike; picket,strike_out_of_scope
2,1/14/2023,Kansas City,MO,strike; picket,strike_out_of_scope
2,1/14/2023,Lawrenceville,NJ,strike; picket,strike_out_of_scope
2,1/14/2023,New York,NY,strike; picket,strike_out_of_scope
2,1/14/2023,New York,NY,strike; picket,strike_out_of_scope
2,1/14/2023,Clinton,PA,strike; picket,strike_out_of_scope
2,1/14/2023,Pittsburgh,PA,strike; picket,strike_out_of_scope
2,1/14/2023,Pawtucket,RI,strike; picket,strike_out_of_scope
2,1/14/2023,Brentwood,TN,strike,strike_out_of_scope
2,1/14/2023,Austin,TX,hunger strike,strike_out_of_scope
2,1/14/2023,Leesburg,VA,strike; picket,strike_out_of_scope
2,1/14/2023,Eau Claire,WI,strike; picket,strike_out_of_scope
2,1/14/2023,Sturtevant,WI,strike; picket,strike_out_of_scope
2,1/15/2023,Brookwood,AL,strike; picket,strike_out_of_scope
2,1/15/2023,Mobile,AL,strike; picket,strike_out_of_scope
2,1/15/2023,San Diego,CA,strike; picket,strike_out_of_scope
2,1/15/2023,Burlington,IA,strike; picket,strike_out_of_scope
2,1/15/2023,Cedar Rapids,IA,strike; picket,strike_out_of_scope
2,1/15/2023,Melrose Park,IL,strike; picket,strike_out_of_scope
2,1/15/2023,Elkhart,IN,strike; picket,strike_out_of_scope
2,1/15/2023,Fort Wayne,IN,strike; picket,strike_out_of_scope
2,1/15/2023,Holcomb,KS,strike; picket,strike_out_of_scope
2,1/15/2023,Jessup,MD,strike; picket,strike_out_of_scope
2,1/15/2023,Williamsport,MD,strike; picket,strike_out_of_scope
2,1/15/2023,Kansas City,MO,strike; picket,strike_out_of_scope
2,1/15/2023,Lawrenceville,NJ,strike; picket,strike_out_of_scope
2,1/15/2023,New York,NY,strike; picket,strike_out_of_scope
2,1/15/2023,New York,NY,strike; picket,strike_out_of_scope
2,1/15/2023,Clinton,PA,strike; picket,strike_out_of_scope
2,1/15/2023,Pittsburgh,PA,strike; picket,strike_out_of_scope
2,1/15/2023,Pawtucket,RI,strike; picket,strike_out_of_scope
2,1/15/2023,Brentwood,TN,strike,strike_out_of_scope
2,1/15/2023,Austin,TX,hunger strike,strike_out_of_scope
2,1/15/2023,Leesburg,VA,strike; picket,strike_out_of_scope
2,1/15/2023,Eau Claire,WI,strike; picket,strike_out_of_scope
2,1/15/2023,Sturtevant,WI,strike; picket,strike_out_of_scope
2,1/16/2023,Brookwood,AL,strike; picket,strike_out_of_scope
2,1/16/2023,Mobile,AL,strike; picket,strike_out_of_scope
2,1/16/2023,San Diego,CA,strike; picket,strike_out_of_scope
2,1/16/2023,Burlington,IA,strike; picket,strike_out_of_scope
2,1/16/2023,Cedar Rapids,IA,strike; picket,strike_out_of_scope
2,1/16/2023,Melrose Park,IL,strike; picket,strike_out_of_scope
2,1/16/2023,Elkhart,IN,strike; picket,strike_out_of_scope
2,1/16/2023,Fort Wayne,IN,strike; picket,strike_out_of_scope
2,1/16/2023,Holcomb,KS,strike; picket,strike_out_of_scope
2,1/16/2023,Jessup,MD,strike; picket,strike_out_of_scope
2,1/16/2023,Williamsport,MD,strike; picket,strike_out_of_scope
2,1/16/2023,Kansas City,MO,strike; picket,strike_out_of_scope
2,1/16/2023,Saint Louis,MO,strike; picket,strike_out_of_scope
2,1/16/2023,Lawrenceville,NJ,strike; picket,strike_out_of_scope
2,1/16/2023,New York,NY,strike; picket,strike_out_of_scope
2,1/16/2023,New York,NY,strike; picket,strike_out_of_scope
2,1/16/2023,Clinton,PA,strike; picket,strike_out_of_scope
2,1/16/2023,Pittsburgh,PA,strike; picket,strike_out_of_scope
2,1/16/2023,Pawtucket,RI,strike; picket,strike_out_of_scope
2,1/16/2023,Brentwood,TN,strike; picket,strike_out_of_scope
2,1/16/2023,Chattanooga,TN,strike; picket,strike_out_of_scope
2,1/16/2023,Austin,TX,hunger strike,strike_out_of_scope
2,1/16/2023,Leesburg,VA,strike; picket,strike_out_of_scope
2,1/16/2023,Eau Claire,WI,strike; picket,strike_out_of_scope
2,1/16/2023,Sturtevant,WI,strike; picket,strike_out_of_scope
2,1/17/2023,Brookwood,AL,strike; picket,strike_out_of_scope
2,1/17/2023,Mobile,AL,strike; picket,strike_out_of_scope
2,1/17/2023,San Diego,CA,strike; picket,strike_out_of_scope
2,1/17/2023,Burlington,IA,strike; picket,strike_out_of_scope
2,1/17/2023,Cedar Rapids,IA,strike; picket,strike_out_of_scope
2,1/17/2023,Chicago,IL,strike; picket,strike_out_of_scope
2,1/17/2023,Melrose Park,IL,strike; picket,strike_out_of_scope
2,1/17/2023,Elkhart,IN,strike; picket,strike_out_of_scope
2,1/17/2023,Fort Wayne,IN,strike; picket,strike_out_of_scope
2,1/17/2023,Holcomb,KS,strike; picket,strike_out_of_scope
2,1/17/2023,Jessup,MD,strike; picket,strike_out_of_scope
2,1/17/2023,Williamsport,MD,strike; picket,strike_out_of_scope
2,1/17/2023,Kansas City,MO,strike; picket,strike_out_of_scope
2,1/17/2023,Lawrenceville,NJ,strike; picket,strike_out_of_scope
2,1/17/2023,New York,NY,strike; picket,strike_out_of_scope
2,1/17/2023,New York,NY,strike; picket,strike_out_of_scope
2,1/17/2023,Clinton,PA,strike; picket,strike_out_of_scope
2,1/17/2023,Pittsburgh,PA,strike; picket,strike_out_of_scope
2,1/17/2023,Pawtucket,RI,strike; picket,strike_out_of_scope
2,1/17/2023,Irmo,SC,strike; picket,strike_out_of_scope
2,1/17/2023,Brentwood,TN,strike,strike_out_of_scope
2,1/17/2023,Chattanooga,TN,strike; picket,strike_out_of_scope
2,1/17/2023,Austin,TX,hunger strike,strike_out_of_scope
2,1/17/2023,Leesburg,VA,strike; picket,strike_out_of_scope
2,1/17/2023,Eau Claire,WI,strike; picket,strike_out_of_scope
2,1/17/2023,Sturtevant,WI,strike; picket,strike_out_of_scope
2,1/18/2023,Brookwood,AL,strike; picket,strike_out_of_scope
2,1/18/2023,Mobile,AL,strike; picket,strike_out_of_scope
2,1/18/2023,San Diego,CA,strike; picket,strike_out_of_scope
2,1/18/2023,Burlington,IA,strike; picket,strike_out_of_scope
2,1/18/2023,Cedar Rapids,IA,strike; picket,strike_out_of_scope
2,1/18/2023,Chicago,IL,strike; picket,strike_out_of_scope
2,1/18/2023,Melrose Park,IL,strike; picket,strike_out_of_scope
2,1/18/2023,Elkhart,IN,strike; picket,strike_out_of_scope
2,1/18/2023,Fort Wayne,IN,strike; picket,strike_out_of_scope
2,1/18/2023,Holcomb,KS,strike; picket,strike_out_of_scope
2,1/18/2023,Jessup,MD,strike; picket,strike_out_of_scope
2,1/18/2023,Williamsport,MD,strike; picket,strike_out_of_scope
2,1/18/2023,Kansas City,MO,strike; picket,strike_out_of_scope
2,1/18/2023,Lawrenceville,NJ,strike; picket,strike_out_of_scope
2,1/18/2023,New York,NY,strike; picket,strike_out_of_scope
2,1/18/2023,New York,NY,strike; picket,strike_out_of_scope
2,1/18/2023,Clinton,PA,strike; picket,strike_out_of_scope
2,1/18/2023,Pittsburgh,PA,strike; picket,strike_out_of_scope
2,1/18/2023,Pawtucket,RI,strike; picket,strike_out_of_scope
2,1/18/2023,Irmo,SC,strike; picket,strike_out_of_scope
2,1/18/2023,Brentwood,TN,strike,strike_out_of_scope
2,1/18/2023,Chattanooga,TN,strike; picket,strike_out_of_scope
2,1/18/2023,Austin,TX,hunger strike,strike_out_of_scope
2,1/18/2023,Leesburg,VA,strike; picket,strike_out_of_scope
2,1/18/2023,Eau Claire,WI,strike; picket,strike_out_of_scope
2,1/18/2023,Sturtevant,WI,strike; picket,strike_out_of_scope
2,1/19/2023,Brookwood,AL,strike; picket,strike_out_of_scope
2,1/19/2023,Mobile,AL,strike; picket,strike_out_of_scope
2,1/19/2023,San Diego,CA,strike; picket,strike_out_of_scope
2,1/19/2023,Burlington,IA,strike; picket,strike_out_of_scope
2,1/19/2023,Cedar Rapids,IA,strike; picket,strike_out_of_scope
2,1/19/2023,Chicago,IL,strike; picket,strike_out_of_scope
2,1/19/2023,Melrose Park,IL,strike; picket,strike_out_of_scope
2,1/19/2023,Elkhart,IN,strike; picket,strike_out_of_scope
2,1/19/2023,Fort Wayne,IN,strike; picket,strike_out_of_scope
2,1/19/2023,Holcomb,KS,strike; picket,strike_out_of_scope
2,1/19/2023,Jessup,MD,strike; picket,strike_out_of_scope
2,1/19/2023,Williamsport,MD,strike; picket,strike_out_of_scope
2,1/19/2023,Kansas City,MO,strike; picket,strike_out_of_scope
2,1/19/2023,Lawrenceville,NJ,strike; picket,strike_out_of_scope
2,1/19/2023,New York,NY,strike; picket,strike_out_of_scope
2,1/19/2023,New York,NY,strike; picket,strike_out_of_scope
2,1/19/2023,Clinton,PA,strike; picket,strike_out_of_scope
2,1/19/2023,Pittsburgh,PA,strike; picket,strike_out_of_scope
2,1/19/2023,Pawtucket,RI,strike; picket,strike_out_of_scope
2,1/19/2023,Brentwood,TN,strike,strike_out_of_scope
2,1/19/2023,Chattanooga,TN,strike; picket,strike_out_of_scope
2,1/19/2023,Austin,TX,hunger strike,strike_out_of_scope
2,1/19/2023,Leesburg,VA,strike; picket,strike_out_of_scope
2,1/19/2023,Eau Claire,WI,strike; picket,strike_out_of_scope
2,1/19/2023,Sturtevant,WI,strike; picket,strike_out_of_scope
2,1/20/2023,Brookwood,AL,strike; picket,strike_out_of_scope
2,1/20/2023,Mobile,AL,strike; picket,strike_out_of_scope
2,1/20/2023,Lynnwood,CA,strike; picket,strike_out_of_scope
2,1/20/2023,San Diego,CA,strike; picket,strike_out_of_scope
2,1/20/2023,Burlington,IA,strike; picket,strike_out_of_scope
2,1/20/2023,Cedar Rapids,IA,strike; picket,strike_out_of_scope
2,1/20/2023,Chicago,IL,strike; picket,strike_out_of_scope
2,1/20/2023,Melrose Park,IL,strike; picket,strike_out_of_scope
2,1/20/2023,Elkhart,IN,strike; picket,strike_out_of_scope
2,1/20/2023,Fort Wayne,IN,strike; picket,strike_out_of_scope
2,1/20/2023,Holcomb,KS,strike; picket,strike_out_of_scope
2,1/20/2023,Jessup,MD,strike; picket,strike_out_of_scope
2,1/20/2023,Williamsport,MD,strike; picket,strike_out_of_scope
2,1/20/2023,Kansas City,MO,strike; picket,strike_out_of_scope
2,1/20/2023,Lawrenceville,NJ,strike; picket,strike_out_of_scope
2,1/20/2023,New York,NY,strike; picket,strike_out_of_scope
2,1/20/2023,New York,NY,strike; picket,strike_out_of_scope
2,1/20/2023,Clinton,PA,strike; picket,strike_out_of_scope
2,1/20/2023,Pittsburgh,PA,strike; picket,strike_out_of_scope
2,1/20/2023,Pawtucket,RI,strike; picket,strike_out_of_scope
2,1/20/2023,Brentwood,TN,strike,strike_out_of_scope
2,1/20/2023,Chattanooga,TN,strike; picket,strike_out_of_scope
2,1/20/2023,Austin,TX,hunger strike,strike_out_of_scope
2,1/20/2023,Leesburg,VA,strike; picket,strike_out_of_scope
2,1/20/2023,Eau Claire,WI,strike; picket,strike_out_of_scope
2,1/20/2023,Sturtevant,WI,strike; picket,strike_out_of_scope
2,1/21/2023,Brookwood,AL,strike; picket,strike_out_of_scope
2,1/21/2023,Mobile,AL,strike; picket,strike_out_of_scope
2,1/21/2023,San Diego,CA,strike; picket,strike_out_of_scope
2,1/21/2023,Burlington,IA,strike; picket,strike_out_of_scope
2,1/21/2023,Cedar Rapids,IA,strike; picket,strike_out_of_scope
2,1/21/2023,Chicago,IL,strike; picket,strike_out_of_scope
2,1/21/2023,Melrose Park,IL,strike; picket,strike_out_of_scope
2,1/21/2023,Elkhart,IN,strike; picket,strike_out_of_scope
2,1/21/2023,Fort Wayne,IN,strike; picket,strike_out_of_scope
2,1/21/2023,Holcomb,KS,strike; picket,strike_out_of_scope
2,1/21/2023,Jessup,MD,strike; picket,strike_out_of_scope
2,1/21/2023,Williamsport,MD,strike; picket,strike_out_of_scope
2,1/21/2023,Kansas City,MO,strike; picket,strike_out_of_scope
2,1/21/2023,Lawrenceville,NJ,strike; picket,strike_out_of_scope
2,1/21/2023,New York,NY,strike; picket,strike_out_of_scope
2,1/21/2023,New York,NY,strike; picket,strike_out_of_scope
2,1/21/2023,Clinton,PA,strike; picket,strike_out_of_scope
2,1/21/2023,Pittsburgh,PA,strike; picket,strike_out_of_scope
2,1/21/2023,Pawtucket,RI,strike; picket,strike_out_of_scope
2,1/21/2023,Brentwood,TN,strike,strike_out_of_scope
2,1/21/2023,Chattanooga,TN,strike; picket,strike_out_of_scope
2,1/21/2023,Austin,TX,hunger strike,strike_out_of_scope
2,1/21/2023,Leesburg,VA,strike; picket,strike_out_of_scope
2,1/21/2023,Eau Claire,WI,strike; picket,strike_out_of_scope
2,1/21/2023,Sturtevant,WI,strike; picket,strike_out_of_scope
2,1/22/2023,Brookwood,AL,strike; picket,strike_out_of_scope
2,1/22/2023,Mobile,AL,strike; picket,strike_out_of_scope
2,1/22/2023,San Diego,CA,strike; picket,strike_out_of_scope
2,1/22/2023,Burlington,IA,strike; picket,strike_out_of_scope
2,1/22/2023,Cedar Rapids,IA,strike; picket,strike_out_of_scope
2,1/22/2023,Chicago,IL,strike; picket,strike_out_of_scope
2,1/22/2023,Melrose Park,IL,strike; picket,strike_out_of_scope
2,1/22/2023,Elkhart,IN,strike; picket,strike_out_of_scope
2,1/22/2023,Fort Wayne,IN,strike; picket,strike_out_of_scope
2,1/22/2023,Holcomb,KS,strike; picket,strike_out_of_scope
2,1/22/2023,Jessup,MD,strike; picket,strike_out_of_scope
2,1/22/2023,Williamsport,MD,strike; picket,strike_out_of_scope
2,1/22/2023,Kansas City,MO,strike; picket,strike_out_of_scope
2,1/22/2023,Lawrenceville,NJ,strike; picket,strike_out_of_scope
2,1/22/2023,New York,NY,strike; picket,strike_out_of_scope
2,1/22/2023,New York,NY,strike; picket,strike_out_of_scope
2,1/22/2023,Clinton,PA,strike; picket,strike_out_of_scope
2,1/22/2023,Pittsburgh,PA,strike; picket,strike_out_of_scope
2,1/22/2023,Pawtucket,RI,strike; picket,strike_out_of_scope
2,1/22/2023,Brentwood,TN,strike,strike_out_of_scope
2,1/22/2023,Austin,TX,hunger strike,strike_out_of_scope
2,1/22/2023,Leesburg,VA,strike; picket,strike_out_of_scope
2,1/22/2023,Eau Claire,WI,strike; picket,strike_out_of_scope
2,1/22/2023,Sturtevant,WI,strike; picket,strike_out_of_scope
2,1/23/2023,Brookwood,AL,strike; picket,strike_out_of_scope
2,1/23/2023,Mobile,AL,strike; picket,strike_out_of_scope
2,1/23/2023,San Diego,CA,strike; picket,strike_out_of_scope
2,1/23/2023,Melrose Park,IL,strike; picket,strike_out_of_scope
2,1/23/2023,Elkhart,IN,strike; picket,strike_out_of_scope
2,1/23/2023,Fort Wayne,IN,strike; picket,strike_out_of_scope
2,1/23/2023,Holcomb,KS,strike; picket,strike_out_of_scope
2,1/23/2023,Jessup,MD,strike; picket,strike_out_of_scope
2,1/23/2023,Williamsport,MD,strike; picket,strike_out_of_scope
2,1/23/2023,Kansas City,MO,strike; picket,strike_out_of_scope
2,1/23/2023,Lawrenceville,NJ,strike; picket,strike_out_of_scope
2,1/23/2023,New York,NY,strike; picket,strike_out_of_scope
2,1/23/2023,New York,NY,strike; picket,strike_out_of_scope
2,1/23/2023,Clinton,PA,strike; picket,strike_out_of_scope
2,1/23/2023,Pittsburgh,PA,strike; picket,strike_out_of_scope
2,1/23/2023,Pawtucket,RI,strike; picket,strike_out_of_scope
2,1/23/2023,Brentwood,TN,strike,strike_out_of_scope
2,1/23/2023,Austin,TX,hunger strike,strike_out_of_scope
2,1/23/2023,Leesburg,VA,strike; picket,strike_out_of_scope
2,1/23/2023,Eau Claire,WI,strike; picket,strike_out_of_scope
2,1/24/2023,Brookwood,AL,strike; picket,strike_out_of_scope
2,1/24/2023,Mobile,AL,strike; picket,strike_out_of_scope
2,1/24/2023,San Diego,CA,strike; picket,strike_out_of_scope
2,1/24/2023,Melrose Park,IL,strike; picket,strike_out_of_scope
2,1/24/2023,Elkhart,IN,strike; picket,strike_out_of_scope
2,1/24/2023,Fort Wayne,IN,strike; picket,strike_out_of_scope
2,1/24/2023,Holcomb,KS,strike; picket,strike_out_of_scope
2,1/24/2023,Jessup,MD,strike; picket,strike_out_of_scope
2,1/24/2023,Williamsport,MD,strike; picket,strike_out_of_scope
2,1/24/2023,Kansas City,MO,strike; picket,strike_out_of_scope
2,1/24/2023,Lawrenceville,NJ,strike; picket,strike_out_of_scope
2,1/24/2023,New York,NY,strike; picket,strike_out_of_scope
2,1/24/2023,New York,NY,strike; picket,strike_out_of_scope
2,1/24/2023,Clinton,PA,strike; picket,strike_out_of_scope
2,1/24/2023,Pittsburgh,PA,strike; picket,strike_out_of_scope
2,1/24/2023,Pawtucket,RI,strike; picket,strike_out_of_scope
2,1/24/2023,Brentwood,TN,strike,strike_out_of_scope
2,1/24/2023,Austin,TX,hunger strike,strike_out_of_scope
2,1/24/2023,Leesburg,VA,strike; picket,strike_out_of_scope
2,1/24/2023,Eau Claire,WI,strike; picket,strike_out_of_scope
2,1/25/2023,Brookwood,AL,strike; picket,strike_out_of_scope
2,1/25/2023,Mobile,AL,strike; picket,strike_out_of_scope
2,1/25/2023,San Diego,CA,strike; picket,strike_out_of_scope
2,1/25/2023,Melrose Park,IL,strike; picket,strike_out_of_scope
2,1/25/2023,Elkhart,IN,strike; picket,strike_out_of_scope
2,1/25/2023,Fort Wayne,IN,strike; picket,strike_out_of_scope
2,1/25/2023,Holcomb,KS,strike; picket,strike_out_of_scope
2,1/25/2023,Jessup,MD,strike; picket,strike_out_of_scope
2,1/25/2023,Williamsport,MD,strike; picket,strike_out_of_scope
2,1/25/2023,Kansas City,MO,strike; picket,strike_out_of_scope
2,1/25/2023,Lawrenceville,NJ,strike; picket,strike_out_of_scope
2,1/25/2023,New York,NY,strike; picket,strike_out_of_scope
2,1/25/2023,New York,NY,strike; picket,strike_out_of_scope
2,1/25/2023,Clinton,PA,strike; picket,strike_out_of_scope
2,1/25/2023,Pittsburgh,PA,strike; picket,strike_out_of_scope
2,1/25/2023,Pawtucket,RI,strike; picket,strike_out_of_scope
2,1/25/2023,Brentwood,TN,strike,strike_out_of_scope
2,1/25/2023,Austin,TX,hunger strike,strike_out_of_scope
2,1/25/2023,Leesburg,VA,strike; picket,strike_out_of_scope
2,1/25/2023,Eau Claire,WI,strike; picket,strike_out_of_scope
2,1/26/2023,Brookwood,AL,strike; picket,strike_out_of_scope
2,1/26/2023,Mobile,AL,strike; picket,strike_out_of_scope
2,1/26/2023,San Diego,CA,strike; picket,strike_out_of_scope
2,1/26/2023,Vallejo,CA,strike; picket,strike_out_of_scope
2,1/26/2023,Melrose Park,IL,strike; picket,strike_out_of_scope
2,1/26/2023,Elkhart,IN,strike; picket,strike_out_of_scope
2,1/26/2023,Fort Wayne,IN,strike; picket,strike_out_of_scope
2,1/26/2023,Holcomb,KS,strike; picket,strike_out_of_scope
2,1/26/2023,Jessup,MD,strike; picket,strike_out_of_scope
2,1/26/2023,Williamsport,MD,strike; picket,strike_out_of_scope
2,1/26/2023,Kansas City,MO,strike; picket,strike_out_of_scope
2,1/26/2023,Lawrenceville,NJ,strike; picket,strike_out_of_scope
2,1/26/2023,New York,NY,strike; picket,strike_out_of_scope
2,1/26/2023,New York,NY,strike; picket,strike_out_of_scope
2,1/26/2023,Clinton,PA,strike; picket,strike_out_of_scope
2,1/26/2023,Pittsburgh,PA,strike; picket,strike_out_of_scope
2,1/26/2023,Pawtucket,RI,strike; picket,strike_out_of_scope
2,1/26/2023,Brentwood,TN,strike,strike_out_of_scope
2,1/26/2023,Austin,TX,hunger strike,strike_out_of_scope
2,1/26/2023,Leesburg,VA,strike; picket,strike_out_of_scope
2,1/26/2023,Eau Claire,WI,strike; picket,strike_out_of_scope
2,1/27/2023,Brookwood,AL,strike; picket,strike_out_of_scope
2,1/27/2023,Mobile,AL,strike; picket,strike_out_of_scope
2,1/27/2023,San Diego,CA,strike; picket,strike_out_of_scope
2,1/27/2023,Melrose Park,IL,strike; picket,strike_out_of_scope
2,1/27/2023,Elkhart,IN,strike; picket,strike_out_of_scope
2,1/27/2023,Fort Wayne,IN,strike; picket,strike_out_of_scope
2,1/27/2023,Holcomb,KS,strike; picket,strike_out_of_scope
2,1/27/2023,Jessup,MD,strike; picket,strike_out_of_scope
2,1/27/2023,Williamsport,MD,strike; picket,strike_out_of_scope
2,1/27/2023,Kansas City,MO,strike; picket,strike_out_of_scope
2,1/27/2023,Lawrenceville,NJ,strike; picket,strike_out_of_scope
2,1/27/2023,New York,NY,strike; picket,strike_out_of_scope
2,1/27/2023,New York,NY,strike; picket,strike_out_of_scope
2,1/27/2023,Clinton,PA,strike; picket,strike_out_of_scope
2,1/27/2023,Pittsburgh,PA,strike; picket,strike_out_of_scope
2,1/27/2023,Pawtucket,RI,strike; picket,strike_out_of_scope
2,1/27/2023,Brentwood,TN,strike,strike_out_of_scope
2,1/27/2023,Austin,TX,hunger strike,strike_out_of_scope
2,1/27/2023,Leesburg,VA,strike; picket,strike_out_of_scope
2,1/27/2023,Eau Claire,WI,strike; picket,strike_out_of_scope
2,1/28/2023,Brookwood,AL,strike; picket,strike_out_of_scope
2,1/28/2023,Mobile,AL,strike; picket,strike_out_of_scope
2,1/28/2023,San Diego,CA,strike; picket,strike_out_of_scope
2,1/28/2023,Melrose Park,IL,strike; picket,strike_out_of_scope
2,1/28/2023,Elkhart,IN,strike; picket,strike_out_of_scope
2,1/28/2023,Fort Wayne,IN,strike; picket,strike_out_of_scope
2,1/28/2023,Holcomb,KS,strike; picket,strike_out_of_scope
2,1/28/2023,Jessup,MD,strike; picket,strike_out_of_scope
2,1/28/2023,Williamsport,MD,strike; picket,strike_out_of_scope
2,1/28/2023,Kansas City,MO,strike; picket,strike_out_of_scope
2,1/28/2023,Lawrenceville,NJ,strike; picket,strike_out_of_scope
2,1/28/2023,New York,NY,strike; picket,strike_out_of_scope
2,1/28/2023,New York,NY,strike; picket,strike_out_of_scope
2,1/28/2023,Clinton,PA,strike; picket,strike_out_of_scope
2,1/28/2023,Pittsburgh,PA,strike; picket; rally,strike_out_of_scope
2,1/28/2023,Pawtucket,RI,strike; picket,strike_out_of_scope
2,1/28/2023,Brentwood,TN,strike,strike_out_of_scope
2,1/28/2023,Austin,TX,hunger strike,strike_out_of_scope
2,1/28/2023,Leesburg,VA,strike; picket,strike_out_of_scope
2,1/28/2023,Eau Claire,WI,strike; picket,strike_out_of_scope
2,1/29/2023,Brookwood,AL,strike; picket,strike_out_of_scope
2,1/29/2023,Mobile,AL,strike; picket,strike_out_of_scope
2,1/29/2023,San Diego,CA,strike; picket,strike_out_of_scope
2,1/29/2023,Melrose Park,IL,strike; picket,strike_out_of_scope
2,1/29/2023,Elkhart,IN,strike; picket,strike_out_of_scope
2,1/29/2023,Fort Wayne,IN,strike; picket,strike_out_of_scope
2,1/29/2023,Holcomb,KS,strike; picket,strike_out_of_scope
2,1/29/2023,Jessup,MD,strike; picket,strike_out_of_scope
2,1/29/2023,Williamsport,MD,strike; picket,strike_out_of_scope
2,1/29/2023,Kansas City,MO,strike; picket,strike_out_of_scope
2,1/29/2023,Lawrenceville,NJ,strike; picket,strike_out_of_scope
2,1/29/2023,New York,NY,strike; picket,strike_out_of_scope
2,1/29/2023,New York,NY,strike; picket,strike_out_of_scope
2,1/29/2023,Clinton,PA,strike; picket,strike_out_of_scope
2,1/29/2023,Pittsburgh,PA,strike; picket,strike_out_of_scope
2,1/29/2023,Pawtucket,RI,strike; picket,strike_out_of_scope
2,1/29/2023,Brentwood,TN,strike,strike_out_of_scope
2,1/29/2023,Austin,TX,hunger strike,strike_out_of_scope
2,1/29/2023,Leesburg,VA,strike; picket,strike_out_of_scope
2,1/29/2023,Eau Claire,WI,strike; picket,strike_out_of_scope
2,1/30/2023,Brookwood,AL,strike; picket,strike_out_of_scope
2,1/30/2023,Mobile,AL,strike; picket,strike_out_of_scope
2,1/30/2023,San Diego,CA,strike; picket,strike_out_of_scope
2,1/30/2023,Melrose Park,IL,strike; picket,strike_out_of_scope
2,1/30/2023,Elkhart,IN,strike; picket,strike_out_of_scope
2,1/30/2023,Fort Wayne,IN,strike; picket,strike_out_of_scope
2,1/30/2023,Holcomb,KS,strike; picket,strike_out_of_scope
2,1/30/2023,Woburn,MA,strike; rally,strike_out_of_scope
2,1/30/2023,Jessup,MD,strike; picket,strike_out_of_scope
2,1/30/2023,Williamsport,MD,strike; picket,strike_out_of_scope
2,1/30/2023,Kansas City,MO,strike; picket,strike_out_of_scope
2,1/30/2023,Lawrenceville,NJ,strike; picket,strike_out_of_scope
2,1/30/2023,New York,NY,strike; picket,strike_out_of_scope
2,1/30/2023,New York,NY,strike; picket,strike_out_of_scope
2,1/30/2023,Clinton,PA,strike; picket,strike_out_of_scope
2,1/30/2023,Pittsburgh,PA,strike; picket,strike_out_of_scope
2,1/30/2023,Pawtucket,RI,strike; picket,strike_out_of_scope
2,1/30/2023,Brentwood,TN,strike,strike_out_of_scope
2,1/30/2023,Austin,TX,hunger strike,strike_out_of_scope
2,1/30/2023,Leesburg,VA,strike; picket,strike_out_of_scope
2,1/30/2023,Eau Claire,WI,strike; picket,strike_out_of_scope
2,1/31/2023,Palmer,AK,strike; picket,strike_out_of_scope
2,1/31/2023,Brookwood,AL,strike; picket,strike_out_of_scope
2,1/31/2023,Mobile,AL,strike; picket,strike_out_of_scope
2,1/31/2023,San Diego,CA,strike; picket,strike_out_of_scope
2,1/31/2023,Melrose Park,IL,strike; picket,strike_out_of_scope
2,1/31/2023,Elkhart,IN,strike; picket,strike_out_of_scope
2,1/31/2023,Fort Wayne,IN,strike; picket,strike_out_of_scope
2,1/31/2023,Holcomb,KS,strike; picket,strike_out_of_scope
2,1/31/2023,Jessup,MD,strike; picket,strike_out_of_scope
2,1/31/2023,Williamsport,MD,strike; picket,strike_out_of_scope
2,1/31/2023,Kansas City,MO,strike; picket,strike_out_of_scope
2,1/31/2023,Lawrenceville,NJ,strike; picket,strike_out_of_scope
2,1/31/2023,New York,NY,strike; picket,strike_out_of_scope
2,1/31/2023,New York,NY,strike; picket,strike_out_of_scope
2,1/31/2023,Clinton,PA,strike; picket,strike_out_of_scope
2,1/31/2023,Philadelphia,PA,strike; picket,strike_out_of_scope
2,1/31/2023,Pittsburgh,PA,strike; picket,strike_out_of_scope
2,1/31/2023,Pawtucket,RI,strike; picket,strike_out_of_scope
2,1/31/2023,Brentwood,TN,strike,strike_out_of_scope
2,1/31/2023,Leesburg,VA,strike; picket,strike_out_of_scope
2,1/31/2023,Eau Claire,WI,strike; picket,strike_out_of_scope
2,2/1/2023,Palmer,AK,strike; picket,strike_out_of_scope
2,2/1/2023,Brookwood,AL,strike; picket,strike_out_of_scope
2,2/1/2023,Mobile,AL,strike; picket,strike_out_of_scope
2,2/1/2023,San Diego,CA,strike; picket,strike_out_of_scope
2,2/1/2023,Melrose Park,IL,strike; picket,strike_out_of_scope
2,2/1/2023,Elkhart,IN,strike; picket,strike_out_of_scope
2,2/1/2023,Fort Wayne,IN,strike; picket,strike_out_of_scope
2,2/1/2023,Holcomb,KS,strike; picket,strike_out_of_scope
2,2/1/2023,Jessup,MD,strike; picket,strike_out_of_scope
2,2/1/2023,Williamsport,MD,strike; picket,strike_out_of_scope
2,2/1/2023,Kansas City,MO,strike; picket,strike_out_of_scope
2,2/1/2023,Lawrenceville,NJ,strike; picket,strike_out_of_scope
2,2/1/2023,New York,NY,strike; picket,strike_out_of_scope
2,2/1/2023,New York,NY,strike; picket,strike_out_of_scope
2,2/1/2023,Clinton,PA,strike; picket,strike_out_of_scope
2,2/1/2023,Philadelphia,PA,strike; picket,strike_out_of_scope
2,2/1/2023,Pittsburgh,PA,strike; picket,strike_out_of_scope
2,2/1/2023,Pawtucket,RI,strike; picket,strike_out_of_scope
2,2/1/2023,Brentwood,TN,strike,strike_out_of_scope
2,2/1/2023,Leesburg,VA,strike; picket,strike_out_of_scope
2,2/1/2023,Tacoma,WA,hunger strike,strike_out_of_scope
2,2/1/2023,Eau Claire,WI,strike; picket,strike_out_of_scope
2,2/2/2023,Palmer,AK,strike; picket,strike_out_of_scope
2,2/2/2023,Brookwood,AL,strike; picket,strike_out_of_scope
2,2/2/2023,Mobile,AL,strike; picket,strike_out_of_scope
2,2/2/2023,San Diego,CA,strike; picket,strike_out_of_scope
2,2/2/2023,Melrose Park,IL,strike; picket,strike_out_of_scope
2,2/2/2023,Elkhart,IN,strike; picket,strike_out_of_scope
2,2/2/2023,Fort Wayne,IN,strike; picket,strike_out_of_scope
2,2/2/2023,Holcomb,KS,strike; picket,strike_out_of_scope
2,2/2/2023,Jessup,MD,strike; picket,strike_out_of_scope
2,2/2/2023,Williamsport,MD,strike; picket,strike_out_of_scope
2,2/2/2023,Kansas City,MO,strike; picket,strike_out_of_scope
2,2/2/2023,Lawrenceville,NJ,strike; picket,strike_out_of_scope
2,2/2/2023,New York,NY,strike; picket,strike_out_of_scope
2,2/2/2023,New York,NY,strike; picket,strike_out_of_scope
2,2/2/2023,Portland,OR,strike; picket,strike_out_of_scope
2,2/2/2023,Clinton,PA,strike; picket,strike_out_of_scope
2,2/2/2023,Philadelphia,PA,strike; picket,strike_out_of_scope
2,2/2/2023,Pittsburgh,PA,strike; picket,strike_out_of_scope
2,2/2/2023,Pawtucket,RI,strike; picket,strike_out_of_scope
2,2/2/2023,Brentwood,TN,strike,strike_out_of_scope
2,2/2/2023,Leesburg,VA,strike; picket,strike_out_of_scope
2,2/2/2023,Tacoma,WA,hunger strike,strike_out_of_scope
2,2/2/2023,Eau Claire,WI,strike; picket,strike_out_of_scope
2,2/3/2023,Palmer,AK,strike; picket,strike_out_of_scope
2,2/3/2023,Brookwood,AL,strike; picket,strike_out_of_scope
2,2/3/2023,Mobile,AL,strike; picket,strike_out_of_scope
2,2/3/2023,San Diego,CA,strike; picket,strike_out_of_scope
2,2/3/2023,Decatur,IL,strike; picket,strike_out_of_scope
2,2/3/2023,Melrose Park,IL,strike; picket,strike_out_of_scope
2,2/3/2023,Elkhart,IN,strike; picket,strike_out_of_scope
2,2/3/2023,Fort Wayne,IN,strike; picket,strike_out_of_scope
2,2/3/2023,Holcomb,KS,strike; picket,strike_out_of_scope
2,2/3/2023,Jessup,MD,strike; picket,strike_out_of_scope
2,2/3/2023,Williamsport,MD,strike; picket,strike_out_of_scope
2,2/3/2023,Kansas City,MO,strike; picket,strike_out_of_scope
2,2/3/2023,Lawrenceville,NJ,strike; picket,strike_out_of_scope
2,2/3/2023,New York,NY,strike; picket,strike_out_of_scope
2,2/3/2023,New York,NY,strike; picket,strike_out_of_scope
2,2/3/2023,Cleveland,OH,strike; picket,strike_out_of_scope
2,2/3/2023,Portland,OR,strike; picket,strike_out_of_scope
2,2/3/2023,Clinton,PA,strike; picket,strike_out_of_scope
2,2/3/2023,Philadelphia,PA,strike; picket,strike_out_of_scope
2,2/3/2023,Pittsburgh,PA,strike; picket,strike_out_of_scope
2,2/3/2023,Pawtucket,RI,strike; picket,strike_out_of_scope
2,2/3/2023,Brentwood,TN,strike,strike_out_of_scope
2,2/3/2023,Austin,TX,strike; picket,strike_out_of_scope
2,2/3/2023,Leesburg,VA,strike; picket,strike_out_of_scope
2,2/3/2023,Tacoma,WA,hunger strike,strike_out_of_scope
2,2/3/2023,Eau Claire,WI,strike; picket,strike_out_of_scope
2,2/4/2023,Palmer,AK,strike; picket,strike_out_of_scope
2,2/4/2023,Brookwood,AL,strike; picket,strike_out_of_scope
2,2/4/2023,Mobile,AL,strike; picket,strike_out_of_scope
2,2/4/2023,San Diego,CA,strike; picket,strike_out_of_scope
2,2/4/2023,Decatur,IL,strike; picket,strike_out_of_scope
2,2/4/2023,Melrose Park,IL,strike; picket,strike_out_of_scope
2,2/4/2023,Elkhart,IN,strike; picket,strike_out_of_scope
2,2/4/2023,Fort Wayne,IN,strike; picket,strike_out_of_scope
2,2/4/2023,Holcomb,KS,strike; picket,strike_out_of_scope
2,2/4/2023,Jessup,MD,strike; picket,strike_out_of_scope
2,2/4/2023,Williamsport,MD,strike; picket,strike_out_of_scope
2,2/4/2023,Kansas City,MO,strike; picket,strike_out_of_scope
2,2/4/2023,Lawrenceville,NJ,strike; picket,strike_out_of_scope
2,2/4/2023,New York,NY,strike; picket,strike_out_of_scope
2,2/4/2023,New York,NY,strike; picket,strike_out_of_scope
2,2/4/2023,Portland,OR,strike; picket,strike_out_of_scope
2,2/4/2023,Clinton,PA,strike; picket,strike_out_of_scope
2,2/4/2023,Philadelphia,PA,strike,strike_out_of_scope
2,2/4/2023,Pittsburgh,PA,strike; picket,strike_out_of_scope
2,2/4/2023,Pawtucket,RI,strike; picket,strike_out_of_scope
2,2/4/2023,Brentwood,TN,strike,strike_out_of_scope
2,2/4/2023,Austin,TX,strike,strike_out_of_scope
2,2/4/2023,Leesburg,VA,strike; picket,strike_out_of_scope
2,2/4/2023,Tacoma,WA,hunger strike,strike_out_of_scope
2,2/4/2023,Eau Claire,WI,strike; picket,strike_out_of_scope
2,2/5/2023,Palmer,AK,strike; picket,strike_out_of_scope
2,2/5/2023,Brookwood,AL,strike; picket,strike_out_of_scope
2,2/5/2023,Mobile,AL,strike; picket,strike_out_of_scope
2,2/5/2023,San Diego,CA,strike; picket,strike_out_of_scope
2,2/5/2023,Decatur,IL,strike; picket,strike_out_of_scope
2,2/5/2023,Melrose Park,IL,strike; picket,strike_out_of_scope
2,2/5/2023,Elkhart,IN,strike; picket,strike_out_of_scope
2,2/5/2023,Fort Wayne,IN,strike; picket,strike_out_of_scope
2,2/5/2023,Holcomb,KS,strike; picket,strike_out_of_scope
2,2/5/2023,Jessup,MD,strike; picket,strike_out_of_scope
2,2/5/2023,Williamsport,MD,strike; picket,strike_out_of_scope
2,2/5/2023,Kansas City,MO,strike; picket,strike_out_of_scope
2,2/5/2023,Lawrenceville,NJ,strike; picket,strike_out_of_scope
2,2/5/2023,New York,NY,strike; picket,strike_out_of_scope
2,2/5/2023,New York,NY,strike; picket,strike_out_of_scope
2,2/5/2023,Portland,OR,strike; picket,strike_out_of_scope
2,2/5/2023,Clinton,PA,strike; picket,strike_out_of_scope
2,2/5/2023,Philadelphia,PA,strike; picket,strike_out_of_scope
2,2/5/2023,Pittsburgh,PA,strike; picket,strike_out_of_scope
2,2/5/2023,Pawtucket,RI,strike; picket,strike_out_of_scope
2,2/5/2023,Brentwood,TN,strike,strike_out_of_scope
2,2/5/2023,Austin,TX,strike,strike_out_of_scope
2,2/5/2023,Leesburg,VA,strike; picket,strike_out_of_scope
2,2/5/2023,Tacoma,WA,hunger strike,strike_out_of_scope
2,2/5/2023,Eau Claire,WI,strike; picket,strike_out_of_scope
2,2/6/2023,Palmer,AK,strike; picket,strike_out_of_scope
2,2/6/2023,Brookwood,AL,strike; picket,strike_out_of_scope
2,2/6/2023,Mobile,AL,strike; picket,strike_out_of_scope
2,2/6/2023,San Diego,CA,strike; picket,strike_out_of_scope
2,2/6/2023,Decatur,IL,strike; picket,strike_out_of_scope
2,2/6/2023,Melrose Park,IL,strike; picket,strike_out_of_scope
2,2/6/2023,Elkhart,IN,strike; picket,strike_out_of_scope
2,2/6/2023,Fort Wayne,IN,strike; picket,strike_out_of_scope
2,2/6/2023,Holcomb,KS,strike; picket,strike_out_of_scope
2,2/6/2023,Jessup,MD,strike; picket,strike_out_of_scope
2,2/6/2023,Williamsport,MD,strike; picket,strike_out_of_scope
2,2/6/2023,Kansas City,MO,strike; picket,strike_out_of_scope
2,2/6/2023,Lawrenceville,NJ,strike; picket,strike_out_of_scope
2,2/6/2023,New York,NY,strike; picket,strike_out_of_scope
2,2/6/2023,New York,NY,strike; picket,strike_out_of_scope
2,2/6/2023,Clinton,PA,strike; picket,strike_out_of_scope
2,2/6/2023,Philadelphia,PA,strike; picket,strike_out_of_scope
2,2/6/2023,Pittsburgh,PA,strike; picket,strike_out_of_scope
2,2/6/2023,Pawtucket,RI,strike; picket,strike_out_of_scope
2,2/6/2023,Brentwood,TN,strike,strike_out_of_scope
2,2/6/2023,Austin,TX,strike; picket,strike_out_of_scope
2,2/6/2023,Leesburg,VA,strike; picket,strike_out_of_scope
2,2/6/2023,Eau Claire,WI,strike; picket,strike_out_of_scope
2,2/7/2023,Palmer,AK,strike; picket,strike_out_of_scope
2,2/7/2023,Brookwood,AL,strike; picket,strike_out_of_scope
2,2/7/2023,Mobile,AL,strike; picket,strike_out_of_scope
2,2/7/2023,San Diego,CA,strike; picket,strike_out_of_scope
2,2/7/2023,Decatur,IL,strike; picket,strike_out_of_scope
2,2/7/2023,Melrose Park,IL,strike; picket,strike_out_of_scope
2,2/7/2023,Elkhart,IN,strike; picket,strike_out_of_scope
2,2/7/2023,Fort Wayne,IN,strike; picket,strike_out_of_scope
2,2/7/2023,Holcomb,KS,strike; picket,strike_out_of_scope
2,2/7/2023,Jessup,MD,strike; picket,strike_out_of_scope
2,2/7/2023,Williamsport,MD,strike; picket,strike_out_of_scope
2,2/7/2023,Hastings,MN,strike; picket; rally,strike_out_of_scope
2,2/7/2023,Kansas City,MO,strike; picket,strike_out_of_scope
2,2/7/2023,Lawrenceville,NJ,strike; picket,strike_out_of_scope
2,2/7/2023,New York,NY,strike; picket,strike_out_of_scope
2,2/7/2023,New York,NY,strike; picket,strike_out_of_scope
2,2/7/2023,Clinton,PA,strike; picket,strike_out_of_scope
2,2/7/2023,Philadelphia,PA,strike; picket,strike_out_of_scope
2,2/7/2023,Pittsburgh,PA,strike; picket,strike_out_of_scope
2,2/7/2023,Pawtucket,RI,strike; picket,strike_out_of_scope
2,2/7/2023,Brentwood,TN,strike,strike_out_of_scope
2,2/7/2023,Austin,TX,strike; picket,strike_out_of_scope
2,2/7/2023,Leesburg,VA,strike; picket,strike_out_of_scope
2,2/7/2023,Eau Claire,WI,strike; picket,strike_out_of_scope
2,2/8/2023,Palmer,AK,strike; picket,strike_out_of_scope
2,2/8/2023,Brookwood,AL,strike; picket,strike_out_of_scope
2,2/8/2023,Mobile,AL,strike; picket,strike_out_of_scope
2,2/8/2023,San Diego,CA,strike; picket,strike_out_of_scope
2,2/8/2023,Decatur,IL,strike; picket,strike_out_of_scope
2,2/8/2023,Melrose Park,IL,strike; picket,strike_out_of_scope
2,2/8/2023,Elkhart,IN,strike; picket,strike_out_of_scope
2,2/8/2023,Fort Wayne,IN,strike; picket,strike_out_of_scope
2,2/8/2023,Holcomb,KS,strike; picket,strike_out_of_scope
2,2/8/2023,Jessup,MD,strike; picket,strike_out_of_scope
2,2/8/2023,Williamsport,MD,strike; picket,strike_out_of_scope
2,2/8/2023,Hastings,MN,strike; picket; rally,strike_out_of_scope
2,2/8/2023,Kansas City,MO,strike; picket,strike_out_of_scope
2,2/8/2023,Lawrenceville,NJ,strike; picket,strike_out_of_scope
2,2/8/2023,New York,NY,strike; picket,strike_out_of_scope
2,2/8/2023,New York,NY,strike; picket,strike_out_of_scope
2,2/8/2023,Clinton,PA,strike; picket,strike_out_of_scope
2,2/8/2023,Philadelphia,PA,strike; picket,strike_out_of_scope
2,2/8/2023,Pittsburgh,PA,strike; picket,strike_out_of_scope
2,2/8/2023,Pawtucket,RI,strike; picket,strike_out_of_scope
2,2/8/2023,Brentwood,TN,strike,strike_out_of_scope
2,2/8/2023,Austin,TX,strike; picket,strike_out_of_scope
2,2/8/2023,Leesburg,VA,strike; picket,strike_out_of_scope
2,2/8/2023,Eau Claire,WI,strike; picket,strike_out_of_scope
2,2/9/2023,Palmer,AK,strike; picket,strike_out_of_scope
2,2/9/2023,Brookwood,AL,strike; picket,strike_out_of_scope
2,2/9/2023,Mobile,AL,strike; picket,strike_out_of_scope
2,2/9/2023,San Diego,CA,strike; picket,strike_out_of_scope
2,2/9/2023,Decatur,IL,strike; picket,strike_out_of_scope
2,2/9/2023,Melrose Park,IL,strike; picket,strike_out_of_scope
2,2/9/2023,Elkhart,IN,strike; picket,strike_out_of_scope
2,2/9/2023,Fort Wayne,IN,strike; picket,strike_out_of_scope
2,2/9/2023,Holcomb,KS,strike; picket,strike_out_of_scope
2,2/9/2023,Jessup,MD,strike; picket,strike_out_of_scope
2,2/9/2023,Williamsport,MD,strike; picket,strike_out_of_scope
2,2/9/2023,Hastings,MN,strike; picket; rally,strike_out_of_scope
2,2/9/2023,Kansas City,MO,strike; picket,strike_out_of_scope
2,2/9/2023,Lawrenceville,NJ,strike; picket,strike_out_of_scope
2,2/9/2023,New York,NY,strike; picket,strike_out_of_scope
2,2/9/2023,New York,NY,walkout; rally,walkout_labor_precutoff
2,2/9/2023,New York,NY,strike; picket,strike_out_of_scope
2,2/9/2023,Clinton,PA,strike; picket,strike_out_of_scope
2,2/9/2023,Philadelphia,PA,strike; picket; press conference,strike_out_of_scope
2,2/9/2023,Pittsburgh,PA,strike; picket,strike_out_of_scope
2,2/9/2023,Pawtucket,RI,strike; picket,strike_out_of_scope
2,2/9/2023,Brentwood,TN,strike,strike_out_of_scope
2,2/9/2023,Austin,TX,strike; picket,strike_out_of_scope
2,2/9/2023,Leesburg,VA,strike; picket,strike_out_of_scope
2,2/9/2023,Eau Claire,WI,strike; picket,strike_out_of_scope
2,2/10/2023,Palmer,AK,strike; picket,strike_out_of_scope
2,2/10/2023,Brookwood,AL,strike; picket,strike_out_of_scope
2,2/10/2023,Mobile,AL,strike; picket,strike_out_of_scope
2,2/10/2023,San Diego,CA,strike; picket,strike_out_of_scope
2,2/10/2023,Atlanta,GA,strike; picket,strike_out_of_scope
2,2/10/2023,Decatur,IL,strike; picket,strike_out_of_scope
2,2/10/2023,Melrose Park,IL,strike; picket,strike_out_of_scope
2,2/10/2023,Elkhart,IN,strike; picket,strike_out_of_scope
2,2/10/2023,Fort Wayne,IN,strike; picket,strike_out_of_scope
2,2/10/2023,Holcomb,KS,strike; picket,strike_out_of_scope
2,2/10/2023,Jessup,MD,strike; picket,strike_out_of_scope
2,2/10/2023,Williamsport,MD,strike; picket,strike_out_of_scope
2,2/10/2023,Hastings,MN,strike; picket; rally,strike_out_of_scope
2,2/10/2023,Kansas City,MO,strike; picket,strike_out_of_scope
2,2/10/2023,Lawrenceville,NJ,strike; picket,strike_out_of_scope
2,2/10/2023,New York,NY,strike; picket,strike_out_of_scope
2,2/10/2023,New York,NY,strike; picket,strike_out_of_scope
2,2/10/2023,Clinton,PA,strike; picket,strike_out_of_scope
2,2/10/2023,Philadelphia,PA,strike; picket,strike_out_of_scope
2,2/10/2023,Pittsburgh,PA,strike; picket,strike_out_of_scope
2,2/10/2023,Pittsburgh,PA,protest; strike,strike_out_of_scope
2,2/10/2023,Pawtucket,RI,strike; picket,strike_out_of_scope
2,2/10/2023,Brentwood,TN,strike,strike_out_of_scope
2,2/10/2023,Austin,TX,strike; picket,strike_out_of_scope
2,2/10/2023,Leesburg,VA,strike; picket,strike_out_of_scope
2,2/10/2023,Eau Claire,WI,strike; picket,strike_out_of_scope
2,2/11/2023,Palmer,AK,strike; picket,strike_out_of_scope
2,2/11/2023,Brookwood,AL,strike; picket,strike_out_of_scope
2,2/11/2023,Mobile,AL,strike; picket,strike_out_of_scope
2,2/11/2023,Buena Park,CA,strike; picket,strike_out_of_scope
2,2/11/2023,San Diego,CA,strike; picket,strike_out_of_scope
2,2/11/2023,Decatur,IL,strike; picket,strike_out_of_scope
2,2/11/2023,Melrose Park,IL,strike; picket,strike_out_of_scope
2,2/11/2023,Elkhart,IN,strike; picket,strike_out_of_scope
2,2/11/2023,Fort Wayne,IN,strike; picket,strike_out_of_scope
2,2/11/2023,Holcomb,KS,strike; picket,strike_out_of_scope
2,2/11/2023,Jessup,MD,strike; picket,strike_out_of_scope
2,2/11/2023,Williamsport,MD,strike; picket,strike_out_of_scope
2,2/11/2023,Hastings,MN,strike; picket; rally,strike_out_of_scope
2,2/11/2023,Kansas City,MO,strike; picket,strike_out_of_scope
2,2/11/2023,Lawrenceville,NJ,strike; picket,strike_out_of_scope
2,2/11/2023,New York,NY,strike; picket,strike_out_of_scope
2,2/11/2023,New York,NY,strike; picket,strike_out_of_scope
2,2/11/2023,Clinton,PA,strike; picket,strike_out_of_scope
2,2/11/2023,Philadelphia,PA,strike,strike_out_of_scope
2,2/11/2023,Pittsburgh,PA,strike; picket,strike_out_of_scope
2,2/11/2023,Pawtucket,RI,strike; picket,strike_out_of_scope
2,2/11/2023,Brentwood,TN,strike,strike_out_of_scope
2,2/11/2023,Austin,TX,strike; picket,strike_out_of_scope
2,2/11/2023,Leesburg,VA,strike; picket,strike_out_of_scope
2,2/11/2023,Eau Claire,WI,strike; picket,strike_out_of_scope
2,2/12/2023,Palmer,AK,strike; picket,strike_out_of_scope
2,2/12/2023,Brookwood,AL,strike; picket,strike_out_of_scope
2,2/12/2023,Mobile,AL,strike; picket,strike_out_of_scope
2,2/12/2023,Buena Park,CA,strike; picket,strike_out_of_scope
2,2/12/2023,San Diego,CA,strike; picket,strike_out_of_scope
2,2/12/2023,Decatur,IL,strike; picket,strike_out_of_scope
2,2/12/2023,Melrose Park,IL,strike; picket,strike_out_of_scope
2,2/12/2023,Elkhart,IN,strike; picket,strike_out_of_scope
2,2/12/2023,Fort Wayne,IN,strike; picket,strike_out_of_scope
2,2/12/2023,Holcomb,KS,strike; picket,strike_out_of_scope
2,2/12/2023,Jessup,MD,strike; picket,strike_out_of_scope
2,2/12/2023,Williamsport,MD,strike; picket,strike_out_of_scope
2,2/12/2023,Hastings,MN,strike; picket; rally,strike_out_of_scope
2,2/12/2023,Kansas City,MO,strike; picket,strike_out_of_scope
2,2/12/2023,Lawrenceville,NJ,strike; picket,strike_out_of_scope
2,2/12/2023,New York,NY,strike; picket,strike_out_of_scope
2,2/12/2023,New York,NY,strike; picket,strike_out_of_scope
2,2/12/2023,Clinton,PA,strike; picket,strike_out_of_scope
2,2/12/2023,Philadelphia,PA,strike,strike_out_of_scope
2,2/12/2023,Pittsburgh,PA,strike; picket,strike_out_of_scope
2,2/12/2023,Pawtucket,RI,strike; picket,strike_out_of_scope
2,2/12/2023,Brentwood,TN,strike,strike_out_of_scope
2,2/12/2023,Austin,TX,strike; picket,strike_out_of_scope
2,2/12/2023,Leesburg,VA,strike; picket,strike_out_of_scope
2,2/12/2023,Eau Claire,WI,strike; picket,strike_out_of_scope
2,2/13/2023,Palmer,AK,strike; picket,strike_out_of_scope
2,2/13/2023,Brookwood,AL,strike; picket,strike_out_of_scope
2,2/13/2023,Mobile,AL,strike; picket,strike_out_of_scope
2,2/13/2023,Buena Park,CA,strike; picket,strike_out_of_scope
2,2/13/2023,San Diego,CA,strike; picket,strike_out_of_scope
2,2/13/2023,Decatur,IL,strike; picket,strike_out_of_scope
2,2/13/2023,Melrose Park,IL,strike; picket,strike_out_of_scope
2,2/13/2023,Elkhart,IN,strike; picket,strike_out_of_scope
2,2/13/2023,Fort Wayne,IN,strike; picket,strike_out_of_scope
2,2/13/2023,Holcomb,KS,strike; picket,strike_out_of_scope
2,2/13/2023,Jessup,MD,strike; picket,strike_out_of_scope
2,2/13/2023,Williamsport,MD,strike; picket,strike_out_of_scope
2,2/13/2023,Hastings,MN,strike; picket; rally,strike_out_of_scope
2,2/13/2023,Kansas City,MO,strike; picket,strike_out_of_scope
2,2/13/2023,Lawrenceville,NJ,strike; picket,strike_out_of_scope
2,2/13/2023,New York,NY,strike; picket,strike_out_of_scope
2,2/13/2023,New York,NY,strike; picket,strike_out_of_scope
2,2/13/2023,Clinton,PA,strike; picket,strike_out_of_scope
2,2/13/2023,Philadelphia,PA,strike; picket,strike_out_of_scope
2,2/13/2023,Pittsburgh,PA,strike; picket,strike_out_of_scope
2,2/13/2023,San Juan,PR,strike; picket,strike_out_of_scope
2,2/13/2023,Pawtucket,RI,strike; picket,strike_out_of_scope
2,2/13/2023,Brentwood,TN,strike,strike_out_of_scope
2,2/13/2023,Austin,TX,strike; picket,strike_out_of_scope
2,2/13/2023,Leesburg,VA,strike; picket,strike_out_of_scope
2,2/13/2023,Eau Claire,WI,strike; picket,strike_out_of_scope
2,2/14/2023,Palmer,AK,strike; picket,strike_out_of_scope
2,2/14/2023,Brookwood,AL,strike; picket,strike_out_of_scope
2,2/14/2023,Mobile,AL,strike; picket,strike_out_of_scope
2,2/14/2023,Buena Park,CA,strike; picket,strike_out_of_scope
2,2/14/2023,San Diego,CA,strike; picket,strike_out_of_scope
2,2/14/2023,Decatur,IL,strike; picket,strike_out_of_scope
2,2/14/2023,Melrose Park,IL,strike; picket,strike_out_of_scope
2,2/14/2023,Elkhart,IN,strike; picket,strike_out_of_scope
2,2/14/2023,Fort Wayne,IN,strike; picket,strike_out_of_scope
2,2/14/2023,Holcomb,KS,strike; picket,strike_out_of_scope
2,2/14/2023,Jessup,MD,strike; picket,strike_out_of_scope
2,2/14/2023,Williamsport,MD,strike; picket,strike_out_of_scope
2,2/14/2023,Hastings,MN,strike; picket; rally,strike_out_of_scope
2,2/14/2023,Kansas City,MO,strike; picket,strike_out_of_scope
2,2/14/2023,Lawrenceville,NJ,strike; picket,strike_out_of_scope
2,2/14/2023,New York,NY,strike; picket,strike_out_of_scope
2,2/14/2023,New York,NY,strike; picket,strike_out_of_scope
2,2/14/2023,Clinton,PA,strike; picket,strike_out_of_scope
2,2/14/2023,Philadelphia,PA,strike; picket,strike_out_of_scope
2,2/14/2023,Pittsburgh,PA,strike; picket,strike_out_of_scope
2,2/14/2023,San Juan,PR,strike; picket,strike_out_of_scope
2,2/14/2023,Pawtucket,RI,strike; picket,strike_out_of_scope
2,2/14/2023,Brentwood,TN,strike,strike_out_of_scope
2,2/14/2023,Austin,TX,strike; picket,strike_out_of_scope
2,2/14/2023,Leesburg,VA,strike; picket,strike_out_of_scope
2,2/14/2023,Eau Claire,WI,strike; picket,strike_out_of_scope
2,2/15/2023,Palmer,AK,strike; picket,strike_out_of_scope
2,2/15/2023,Brookwood,AL,strike; picket,strike_out_of_scope
2,2/15/2023,Mobile,AL,strike; picket,strike_out_of_scope
2,2/15/2023,Buena Park,CA,strike; picket,strike_out_of_scope
2,2/15/2023,San Diego,CA,strike; picket,strike_out_of_scope
2,2/15/2023,Decatur,IL,strike; picket,strike_out_of_scope
2,2/15/2023,Melrose Park,IL,strike; picket,strike_out_of_scope
2,2/15/2023,Elkhart,IN,strike; picket,strike_out_of_scope
2,2/15/2023,Fort Wayne,IN,strike; picket,strike_out_of_scope
2,2/15/2023,Holcomb,KS,strike; picket,strike_out_of_scope
2,2/15/2023,Jessup,MD,strike; picket,strike_out_of_scope
2,2/15/2023,Williamsport,MD,strike; picket,strike_out_of_scope
2,2/15/2023,Hastings,MN,strike; picket; rally,strike_out_of_scope
2,2/15/2023,Kansas City,MO,strike; picket,strike_out_of_scope
2,2/15/2023,Lawrenceville,NJ,strike; picket,strike_out_of_scope
2,2/15/2023,New York,NY,strike; picket,strike_out_of_scope
2,2/15/2023,New York,NY,strike; picket,strike_out_of_scope
2,2/15/2023,Clinton,PA,strike; picket,strike_out_of_scope
2,2/15/2023,Philadelphia,PA,strike; picket,strike_out_of_scope
2,2/15/2023,Pittsburgh,PA,strike; picket,strike_out_of_scope
2,2/15/2023,San Juan,PR,strike; picket,strike_out_of_scope
2,2/15/2023,Pawtucket,RI,strike; picket,strike_out_of_scope
2,2/15/2023,Brentwood,TN,strike,strike_out_of_scope
2,2/15/2023,Austin,TX,strike; picket,strike_out_of_scope
2,2/15/2023,Leesburg,VA,strike; picket,strike_out_of_scope
2,2/15/2023,Eau Claire,WI,strike; picket,strike_out_of_scope
2,2/16/2023,Palmer,AK,strike; picket,strike_out_of_scope
2,2/16/2023,Brookwood,AL,strike; picket,strike_out_of_scope
2,2/16/2023,Mobile,AL,strike; picket,strike_out_of_scope
2,2/16/2023,Buena Park,CA,strike; picket,strike_out_of_scope
2,2/16/2023,San Diego,CA,strike; picket,strike_out_of_scope
2,2/16/2023,Decatur,IL,strike; picket,strike_out_of_scope
2,2/16/2023,Melrose Park,IL,strike; picket,strike_out_of_scope
2,2/16/2023,Elkhart,IN,strike; picket,strike_out_of_scope
2,2/16/2023,Fort Wayne,IN,strike; picket,strike_out_of_scope
2,2/16/2023,Holcomb,KS,strike; picket,strike_out_of_scope
2,2/16/2023,Jessup,MD,strike; picket,strike_out_of_scope
2,2/16/2023,Williamsport,MD,strike; picket,strike_out_of_scope
2,2/16/2023,Hastings,MN,strike; picket; rally,strike_out_of_scope
2,2/16/2023,Kansas City,MO,strike; picket,strike_out_of_scope
2,2/16/2023,Lawrenceville,NJ,strike; picket,strike_out_of_scope
2,2/16/2023,New York,NY,strike; picket,strike_out_of_scope
2,2/16/2023,New York,NY,strike; picket,strike_out_of_scope
2,2/16/2023,Clinton,PA,strike; picket,strike_out_of_scope
2,2/16/2023,Philadelphia,PA,strike; picket,strike_out_of_scope
2,2/16/2023,Pittsburgh,PA,strike; picket,strike_out_of_scope
2,2/16/2023,Bayamon,PR,strike; picket,strike_out_of_scope
2,2/16/2023,Humacao,PR,strike; picket,strike_out_of_scope
2,2/16/2023,San Juan,PR,strike; picket,strike_out_of_scope
2,2/16/2023,Utuado,PR,strike; picket,strike_out_of_scope
2,2/16/2023,Pawtucket,RI,strike; picket,strike_out_of_scope
2,2/16/2023,Brentwood,TN,strike,strike_out_of_scope
2,2/16/2023,Austin,TX,strike; picket,strike_out_of_scope
2,2/16/2023,Leesburg,VA,strike; picket,strike_out_of_scope
2,2/16/2023,Eau Claire,WI,strike; picket,strike_out_of_scope
2,2/17/2023,Palmer,AK,strike; picket,strike_out_of_scope
2,2/17/2023,Brookwood,AL,strike; picket,strike_out_of_scope
2,2/17/2023,Mobile,AL,strike; picket,strike_out_of_scope
2,2/17/2023,Bakersfield,CA,hunger strike,strike_out_of_scope
2,2/17/2023,Buena Park,CA,strike; picket,strike_out_of_scope
2,2/17/2023,McFarland,CA,hunger strike,strike_out_of_scope
2,2/17/2023,San Diego,CA,strike; picket,strike_out_of_scope
2,2/17/2023,Decatur,IL,strike; picket,strike_out_of_scope
2,2/17/2023,Melrose Park,IL,strike; picket,strike_out_of_scope
2,2/17/2023,Elkhart,IN,strike; picket,strike_out_of_scope
2,2/17/2023,Fort Wayne,IN,strike; picket,strike_out_of_scope
2,2/17/2023,Holcomb,KS,strike; picket,strike_out_of_scope
2,2/17/2023,Jessup,MD,strike; picket,strike_out_of_scope
2,2/17/2023,Williamsport,MD,strike; picket,strike_out_of_scope
2,2/17/2023,Hastings,MN,strike; picket; rally,strike_out_of_scope
2,2/17/2023,Kansas City,MO,strike; picket,strike_out_of_scope
2,2/17/2023,Lawrenceville,NJ,strike; picket,strike_out_of_scope
2,2/17/2023,New York,NY,strike; picket,strike_out_of_scope
2,2/17/2023,Clinton,PA,strike; picket,strike_out_of_scope
2,2/17/2023,Philadelphia,PA,strike; picket,strike_out_of_scope
2,2/17/2023,Pittsburgh,PA,strike; picket,strike_out_of_scope
2,2/17/2023,San Juan,PR,strike; picket,strike_out_of_scope
2,2/17/2023,Pawtucket,RI,strike; picket,strike_out_of_scope
2,2/17/2023,Brentwood,TN,strike; picket; rally,strike_out_of_scope
2,2/17/2023,Austin,TX,strike; picket,strike_out_of_scope
2,2/17/2023,Leesburg,VA,strike; picket,strike_out_of_scope
2,2/17/2023,Eau Claire,WI,strike; picket,strike_out_of_scope
2,2/18/2023,Palmer,AK,strike; picket,strike_out_of_scope
2,2/18/2023,Brookwood,AL,strike; picket,strike_out_of_scope
2,2/18/2023,Mobile,AL,strike; picket,strike_out_of_scope
2,2/18/2023,Bakersfield,CA,hunger strike,strike_out_of_scope
2,2/18/2023,Buena Park,CA,strike; picket,strike_out_of_scope
2,2/18/2023,San Diego,CA,strike; picket,strike_out_of_scope
2,2/18/2023,Decatur,IL,strike; picket,strike_out_of_scope
2,2/18/2023,Melrose Park,IL,strike; picket,strike_out_of_scope
2,2/18/2023,Elkhart,IN,strike; picket,strike_out_of_scope
2,2/18/2023,Fort Wayne,IN,strike; picket,strike_out_of_scope
2,2/18/2023,Holcomb,KS,strike; picket,strike_out_of_scope
2,2/18/2023,Jessup,MD,strike; picket,strike_out_of_scope
2,2/18/2023,Williamsport,MD,strike; picket,strike_out_of_scope
2,2/18/2023,Hastings,MN,strike; picket; rally,strike_out_of_scope
2,2/18/2023,Kansas City,MO,strike; picket,strike_out_of_scope
2,2/18/2023,Lawrenceville,NJ,strike; picket,strike_out_of_scope
2,2/18/2023,New York,NY,strike; picket,strike_out_of_scope
2,2/18/2023,Clinton,PA,strike; picket,strike_out_of_scope
2,2/18/2023,Philadelphia,PA,strike; picket,strike_out_of_scope
2,2/18/2023,Pittsburgh,PA,strike; picket,strike_out_of_scope
2,2/18/2023,San Juan,PR,strike; picket,strike_out_of_scope
2,2/18/2023,Brentwood,TN,strike,strike_out_of_scope
2,2/18/2023,Austin,TX,strike; picket,strike_out_of_scope
2,2/18/2023,Leesburg,VA,strike; picket,strike_out_of_scope
2,2/18/2023,Eau Claire,WI,strike; picket,strike_out_of_scope
2,2/19/2023,Palmer,AK,strike; picket,strike_out_of_scope
2,2/19/2023,Brookwood,AL,strike; picket,strike_out_of_scope
2,2/19/2023,Mobile,AL,strike; picket,strike_out_of_scope
2,2/19/2023,Bakersfield,CA,hunger strike,strike_out_of_scope
2,2/19/2023,Buena Park,CA,strike; picket,strike_out_of_scope
2,2/19/2023,San Diego,CA,strike; picket,strike_out_of_scope
2,2/19/2023,Decatur,IL,strike; picket,strike_out_of_scope
2,2/19/2023,Melrose Park,IL,strike; picket,strike_out_of_scope
2,2/19/2023,Elkhart,IN,strike; picket,strike_out_of_scope
2,2/19/2023,Fort Wayne,IN,strike; picket,strike_out_of_scope
2,2/19/2023,Holcomb,KS,strike; picket,strike_out_of_scope
2,2/19/2023,Jessup,MD,strike; picket,strike_out_of_scope
2,2/19/2023,Williamsport,MD,strike; picket,strike_out_of_scope
2,2/19/2023,Hastings,MN,strike; picket; rally,strike_out_of_scope
2,2/19/2023,Kansas City,MO,strike; picket,strike_out_of_scope
2,2/19/2023,Lawrenceville,NJ,strike; picket,strike_out_of_scope
2,2/19/2023,New York,NY,strike; picket,strike_out_of_scope
2,2/19/2023,Clinton,PA,strike; picket,strike_out_of_scope
2,2/19/2023,Philadelphia,PA,strike; picket,strike_out_of_scope
2,2/19/2023,Pittsburgh,PA,strike; picket,strike_out_of_scope
2,2/19/2023,San Juan,PR,strike; picket,strike_out_of_scope
2,2/19/2023,Brentwood,TN,strike,strike_out_of_scope
2,2/19/2023,Austin,TX,strike; picket,strike_out_of_scope
2,2/19/2023,Leesburg,VA,strike; picket,strike_out_of_scope
2,2/19/2023,Eau Claire,WI,strike; picket,strike_out_of_scope
2,2/20/2023,Palmer,AK,strike; picket,strike_out_of_scope
2,2/20/2023,Brookwood,AL,strike; picket,strike_out_of_scope
2,2/20/2023,Mobile,AL,strike; picket,strike_out_of_scope
2,2/20/2023,Bakersfield,CA,hunger strike,strike_out_of_scope
2,2/20/2023,Buena Park,CA,strike; picket,strike_out_of_scope
2,2/20/2023,San Diego,CA,strike; picket,strike_out_of_scope
2,2/20/2023,Decatur,IL,strike; picket,strike_out_of_scope
2,2/20/2023,Melrose Park,IL,strike; picket,strike_out_of_scope
2,2/20/2023,Elkhart,IN,strike; picket,strike_out_of_scope
2,2/20/2023,Fort Wayne,IN,strike; picket,strike_out_of_scope
2,2/20/2023,Holcomb,KS,strike; picket,strike_out_of_scope
2,2/20/2023,Jessup,MD,strike; picket,strike_out_of_scope
2,2/20/2023,Williamsport,MD,strike; picket,strike_out_of_scope
2,2/20/2023,Hastings,MN,strike; picket; rally,strike_out_of_scope
2,2/20/2023,Kansas City,MO,strike; picket,strike_out_of_scope
2,2/20/2023,Morrisville,NC,strike; picket,strike_out_of_scope
2,2/20/2023,Lawrenceville,NJ,strike; picket,strike_out_of_scope
2,2/20/2023,New York,NY,strike; rally,strike_out_of_scope
2,2/20/2023,New York,NY,strike; picket,strike_out_of_scope
2,2/20/2023,Clinton,PA,strike; picket,strike_out_of_scope
2,2/20/2023,Philadelphia,PA,strike; picket,strike_out_of_scope
2,2/20/2023,Pittsburgh,PA,strike; picket,strike_out_of_scope
2,2/20/2023,San Juan,PR,strike; picket,strike_out_of_scope
2,2/20/2023,Brentwood,TN,strike,strike_out_of_scope
2,2/20/2023,Austin,TX,strike; picket,strike_out_of_scope
2,2/20/2023,Leesburg,VA,strike; picket,strike_out_of_scope
2,2/20/2023,Eau Claire,WI,strike; picket,strike_out_of_scope
2,2/21/2023,Palmer,AK,strike; picket,strike_out_of_scope
2,2/21/2023,Brookwood,AL,strike; picket,strike_out_of_scope
2,2/21/2023,Mobile,AL,strike; picket,strike_out_of_scope
2,2/21/2023,Bakersfield,CA,hunger strike,strike_out_of_scope
2,2/21/2023,Buena Park,CA,strike; picket,strike_out_of_scope
2,2/21/2023,San Diego,CA,strike; picket,strike_out_of_scope
2,2/21/2023,Decatur,IL,strike; picket,strike_out_of_scope
2,2/21/2023,Melrose Park,IL,strike; picket,strike_out_of_scope
2,2/21/2023,Elkhart,IN,strike; picket,strike_out_of_scope
2,2/21/2023,Fort Wayne,IN,strike; picket,strike_out_of_scope
2,2/21/2023,Holcomb,KS,strike; picket,strike_out_of_scope
2,2/21/2023,Jessup,MD,strike; picket,strike_out_of_scope
2,2/21/2023,Williamsport,MD,strike; picket,strike_out_of_scope
2,2/21/2023,Hastings,MN,strike; picket; rally,strike_out_of_scope
2,2/21/2023,Kansas City,MO,strike; picket,strike_out_of_scope
2,2/21/2023,Lawrenceville,NJ,strike; picket,strike_out_of_scope
2,2/21/2023,New York,NY,strike; picket,strike_out_of_scope
2,2/21/2023,New York,NY,strike; picket,strike_out_of_scope
2,2/21/2023,Clinton,PA,strike; picket,strike_out_of_scope
2,2/21/2023,Philadelphia,PA,strike; picket,strike_out_of_scope
2,2/21/2023,Pittsburgh,PA,strike; picket,strike_out_of_scope
2,2/21/2023,Brentwood,TN,strike,strike_out_of_scope
2,2/21/2023,Austin,TX,strike; picket,strike_out_of_scope
2,2/21/2023,Leesburg,VA,strike; picket,strike_out_of_scope
2,2/21/2023,Eau Claire,WI,strike; picket,strike_out_of_scope
2,2/22/2023,Palmer,AK,strike; picket,strike_out_of_scope
2,2/22/2023,Brookwood,AL,strike; picket,strike_out_of_scope
2,2/22/2023,Mobile,AL,strike; picket,strike_out_of_scope
2,2/22/2023,Bakersfield,CA,hunger strike,strike_out_of_scope
2,2/22/2023,Buena Park,CA,strike; picket,strike_out_of_scope
2,2/22/2023,McFarland,CA,hunger strike,strike_out_of_scope
2,2/22/2023,San Diego,CA,strike; picket,strike_out_of_scope
2,2/22/2023,Decatur,IL,strike; picket,strike_out_of_scope
2,2/22/2023,Melrose Park,IL,strike; picket,strike_out_of_scope
2,2/22/2023,Elkhart,IN,strike; picket,strike_out_of_scope
2,2/22/2023,Fort Wayne,IN,strike; picket,strike_out_of_scope
2,2/22/2023,Holcomb,KS,strike; picket,strike_out_of_scope
2,2/22/2023,Jessup,MD,strike; picket,strike_out_of_scope
2,2/22/2023,Williamsport,MD,strike; picket,strike_out_of_scope
2,2/22/2023,Hastings,MN,strike; picket; rally,strike_out_of_scope
2,2/22/2023,Kansas City,MO,strike; picket,strike_out_of_scope
2,2/22/2023,Lawrenceville,NJ,strike; picket,strike_out_of_scope
2,2/22/2023,New York,NY,strike; picket,strike_out_of_scope
2,2/22/2023,New York,NY,strike; picket,strike_out_of_scope
2,2/22/2023,Portland,OR,strike; picket,strike_out_of_scope
2,2/22/2023,Clinton,PA,strike; picket,strike_out_of_scope
2,2/22/2023,Philadelphia,PA,strike; picket,strike_out_of_scope
2,2/22/2023,Pittsburgh,PA,strike; picket,strike_out_of_scope
2,2/22/2023,Brentwood,TN,strike,strike_out_of_scope
2,2/22/2023,Austin,TX,strike; picket,strike_out_of_scope
2,2/22/2023,Leesburg,VA,strike; picket,strike_out_of_scope
2,2/22/2023,Eau Claire,WI,strike; picket,strike_out_of_scope
2,2/23/2023,Palmer,AK,strike; picket,strike_out_of_scope
2,2/23/2023,Brookwood,AL,strike; picket,strike_out_of_scope
2,2/23/2023,Mobile,AL,strike; picket,strike_out_of_scope
2,2/23/2023,Bakersfield,CA,hunger strike,strike_out_of_scope
2,2/23/2023,Buena Park,CA,strike; picket,strike_out_of_scope
2,2/23/2023,San Diego,CA,strike; picket,strike_out_of_scope
2,2/23/2023,Decatur,IL,strike; picket,strike_out_of_scope
2,2/23/2023,Melrose Park,IL,strike; picket,strike_out_of_scope
2,2/23/2023,Elkhart,IN,strike; picket,strike_out_of_scope
2,2/23/2023,Fort Wayne,IN,strike; picket,strike_out_of_scope
2,2/23/2023,Holcomb,KS,strike; picket,strike_out_of_scope
2,2/23/2023,Jessup,MD,strike; picket,strike_out_of_scope
2,2/23/2023,Williamsport,MD,strike; picket,strike_out_of_scope
2,2/23/2023,Hastings,MN,strike; picket; rally,strike_out_of_scope
2,2/23/2023,Kansas City,MO,strike; picket,strike_out_of_scope
2,2/23/2023,Lawrenceville,NJ,strike; picket,strike_out_of_scope
2,2/23/2023,New York,NY,strike; picket,strike_out_of_scope
2,2/23/2023,Portland,OR,strike; picket,strike_out_of_scope
2,2/23/2023,Clinton,PA,strike; picket,strike_out_of_scope
2,2/23/2023,Philadelphia,PA,strike; picket,strike_out_of_scope
2,2/23/2023,Pittsburgh,PA,strike; picket,strike_out_of_scope
2,2/23/2023,Brentwood,TN,strike,strike_out_of_scope
2,2/23/2023,Austin,TX,strike; picket,strike_out_of_scope
2,2/23/2023,Leesburg,VA,strike; picket,strike_out_of_scope
2,2/23/2023,Eau Claire,WI,strike; picket,strike_out_of_scope
2,2/24/2023,Palmer,AK,strike; picket,strike_out_of_scope
2,2/24/2023,Brookwood,AL,strike; picket,strike_out_of_scope
2,2/24/2023,Mobile,AL,strike; picket,strike_out_of_scope
2,2/24/2023,Bakersfield,CA,hunger strike,strike_out_of_scope
2,2/24/2023,Buena Park,CA,strike; picket,strike_out_of_scope
2,2/24/2023,San Diego,CA,strike; picket,strike_out_of_scope
2,2/24/2023,San Jose,CA,strike; rally,strike_out_of_scope
2,2/24/2023,Decatur,IL,strike; picket,strike_out_of_scope
2,2/24/2023,Melrose Park,IL,strike; picket,strike_out_of_scope
2,2/24/2023,Elkhart,IN,strike; picket,strike_out_of_scope
2,2/24/2023,Fort Wayne,IN,strike; picket,strike_out_of_scope
2,2/24/2023,Holcomb,KS,strike; picket,strike_out_of_scope
2,2/24/2023,Jessup,MD,strike; picket,strike_out_of_scope
2,2/24/2023,Williamsport,MD,strike; picket,strike_out_of_scope
2,2/24/2023,Hastings,MN,strike; picket; rally,strike_out_of_scope
2,2/24/2023,Kansas City,MO,strike; picket,strike_out_of_scope
2,2/24/2023,Lawrenceville,NJ,strike; picket,strike_out_of_scope
2,2/24/2023,New York,NY,strike; picket,strike_out_of_scope
2,2/24/2023,Portland,OR,strike; picket,strike_out_of_scope
2,2/24/2023,Clinton,PA,strike; picket,strike_out_of_scope
2,2/24/2023,Philadelphia,PA,strike; picket,strike_out_of_scope
2,2/24/2023,Pittsburgh,PA,strike; picket,strike_out_of_scope
2,2/24/2023,Brentwood,TN,strike,strike_out_of_scope
2,2/24/2023,Austin,TX,strike; picket,strike_out_of_scope
2,2/24/2023,Leesburg,VA,strike; picket,strike_out_of_scope
2,2/24/2023,Eau Claire,WI,strike; picket,strike_out_of_scope
2,2/25/2023,Palmer,AK,strike; picket,strike_out_of_scope
2,2/25/2023,Brookwood,AL,strike; picket,strike_out_of_scope
2,2/25/2023,Mobile,AL,strike; picket,strike_out_of_scope
2,2/25/2023,Bakersfield,CA,hunger strike,strike_out_of_scope
2,2/25/2023,Buena Park,CA,strike; picket,strike_out_of_scope
2,2/25/2023,San Diego,CA,strike; picket,strike_out_of_scope
2,2/25/2023,Decatur,IL,strike; picket,strike_out_of_scope
2,2/25/2023,Melrose Park,IL,strike; picket,strike_out_of_scope
2,2/25/2023,Urbana,IL,hunger strike,strike_out_of_scope
2,2/25/2023,Elkhart,IN,strike; picket,strike_out_of_scope
2,2/25/2023,Fort Wayne,IN,strike; picket,strike_out_of_scope
2,2/25/2023,Holcomb,KS,strike; picket,strike_out_of_scope
2,2/25/2023,Jessup,MD,strike; picket,strike_out_of_scope
2,2/25/2023,Williamsport,MD,strike; picket,strike_out_of_scope
2,2/25/2023,Hastings,MN,strike; picket; rally,strike_out_of_scope
2,2/25/2023,Kansas City,MO,strike; picket,strike_out_of_scope
2,2/25/2023,Lawrenceville,NJ,strike; picket,strike_out_of_scope
2,2/25/2023,New York,NY,strike; picket,strike_out_of_scope
2,2/25/2023,Portland,OR,strike; picket,strike_out_of_scope
2,2/25/2023,Clinton,PA,strike; picket,strike_out_of_scope
2,2/25/2023,Philadelphia,PA,strike; picket,strike_out_of_scope
2,2/25/2023,Pittsburgh,PA,strike; picket,strike_out_of_scope
2,2/25/2023,Brentwood,TN,strike,strike_out_of_scope
2,2/25/2023,Austin,TX,strike; picket,strike_out_of_scope
2,2/25/2023,Leesburg,VA,strike; picket,strike_out_of_scope
2,2/25/2023,Eau Claire,WI,strike; picket,strike_out_of_scope
2,2/26/2023,Palmer,AK,strike; picket,strike_out_of_scope
2,2/26/2023,Brookwood,AL,strike; picket,strike_out_of_scope
2,2/26/2023,Mobile,AL,strike; picket,strike_out_of_scope
2,2/26/2023,Bakersfield,CA,hunger strike,strike_out_of_scope
2,2/26/2023,Buena Park,CA,strike; picket,strike_out_of_scope
2,2/26/2023,San Diego,CA,strike; picket,strike_out_of_scope
2,2/26/2023,Decatur,IL,strike; picket,strike_out_of_scope
2,2/26/2023,Melrose Park,IL,strike; picket,strike_out_of_scope
2,2/26/2023,Urbana,IL,hunger strike,strike_out_of_scope
2,2/26/2023,Elkhart,IN,strike; picket,strike_out_of_scope
2,2/26/2023,Fort Wayne,IN,strike; picket,strike_out_of_scope
2,2/26/2023,Holcomb,KS,strike; picket,strike_out_of_scope
2,2/26/2023,Jessup,MD,strike; picket,strike_out_of_scope
2,2/26/2023,Williamsport,MD,strike; picket,strike_out_of_scope
2,2/26/2023,Hastings,MN,strike; picket; rally,strike_out_of_scope
2,2/26/2023,Kansas City,MO,strike; picket,strike_out_of_scope
2,2/26/2023,Lawrenceville,NJ,strike; picket,strike_out_of_scope
2,2/26/2023,New York,NY,strike; picket; rally,strike_out_of_scope
2,2/26/2023,New York,NY,strike; picket,strike_out_of_scope
2,2/26/2023,Portland,OR,strike; picket,strike_out_of_scope
2,2/26/2023,Clinton,PA,strike; picket,strike_out_of_scope
2,2/26/2023,Philadelphia,PA,strike; picket,strike_out_of_scope
2,2/26/2023,Pittsburgh,PA,strike; picket,strike_out_of_scope
2,2/26/2023,Brentwood,TN,strike,strike_out_of_scope
2,2/26/2023,Austin,TX,strike; picket,strike_out_of_scope
2,2/26/2023,Leesburg,VA,strike; picket,strike_out_of_scope
2,2/26/2023,Eau Claire,WI,strike; picket,strike_out_of_scope
2,2/27/2023,Palmer,AK,strike; picket,strike_out_of_scope
2,2/27/2023,Brookwood,AL,strike; picket,strike_out_of_scope
2,2/27/2023,Mobile,AL,strike; picket,strike_out_of_scope
2,2/27/2023,Bakersfield,CA,hunger strike,strike_out_of_scope
2,2/27/2023,Buena Park,CA,strike; picket,strike_out_of_scope
2,2/27/2023,San Diego,CA,strike; picket,strike_out_of_scope
2,2/27/2023,Decatur,IL,strike; picket,strike_out_of_scope
2,2/27/2023,Melrose Park,IL,strike; picket,strike_out_of_scope
2,2/27/2023,Urbana,IL,hunger strike,strike_out_of_scope
2,2/27/2023,Elkhart,IN,strike; picket,strike_out_of_scope
2,2/27/2023,Fort Wayne,IN,strike; picket,strike_out_of_scope
2,2/27/2023,Holcomb,KS,strike; picket,strike_out_of_scope
2,2/27/2023,Jessup,MD,strike; picket,strike_out_of_scope
2,2/27/2023,Williamsport,MD,strike; picket,strike_out_of_scope
2,2/27/2023,Hastings,MN,strike; picket; rally,strike_out_of_scope
2,2/27/2023,Kansas City,MO,strike; picket,strike_out_of_scope
2,2/27/2023,Lawrenceville,NJ,strike; picket,strike_out_of_scope
2,2/27/2023,New York,NY,strike; picket,strike_out_of_scope
2,2/27/2023,New York,NY,strike; picket,strike_out_of_scope
2,2/27/2023,Portland,OR,strike; picket,strike_out_of_scope
2,2/27/2023,Clinton,PA,strike; picket,strike_out_of_scope
2,2/27/2023,Philadelphia,PA,strike; picket,strike_out_of_scope
2,2/27/2023,Pittsburgh,PA,strike; picket,strike_out_of_scope
2,2/27/2023,Brentwood,TN,strike,strike_out_of_scope
2,2/27/2023,Austin,TX,strike; picket,strike_out_of_scope
2,2/27/2023,Leesburg,VA,strike; picket,strike_out_of_scope
2,2/27/2023,Eau Claire,WI,strike; picket,strike_out_of_scope
2,2/28/2023,Palmer,AK,strike; picket,strike_out_of_scope
2,2/28/2023,Brookwood,AL,strike; picket,strike_out_of_scope
2,2/28/2023,Mobile,AL,strike; picket,strike_out_of_scope
2,2/28/2023,Bakersfield,CA,hunger strike,strike_out_of_scope
2,2/28/2023,Buena Park,CA,strike; picket,strike_out_of_scope
2,2/28/2023,Oakland,CA,rally; hunger strike,strike_out_of_scope
2,2/28/2023,San Diego,CA,strike; picket,strike_out_of_scope
2,2/28/2023,Decatur,IL,strike; picket,strike_out_of_scope
2,2/28/2023,Melrose Park,IL,strike; picket,strike_out_of_scope
2,2/28/2023,Urbana,IL,hunger strike,strike_out_of_scope
2,2/28/2023,Elkhart,IN,strike; picket,strike_out_of_scope
2,2/28/2023,Fort Wayne,IN,strike; picket,strike_out_of_scope
2,2/28/2023,Holcomb,KS,strike; picket,strike_out_of_scope
2,2/28/2023,Jessup,MD,strike; picket,strike_out_of_scope
2,2/28/2023,Williamsport,MD,strike; picket,strike_out_of_scope
2,2/28/2023,Hastings,MN,strike; picket; rally,strike_out_of_scope
2,2/28/2023,Kansas City,MO,strike; picket,strike_out_of_scope
2,2/28/2023,Lawrenceville,NJ,strike; picket,strike_out_of_scope
2,2/28/2023,New York,NY,strike; picket,strike_out_of_scope
2,2/28/2023,Portland,OR,strike; picket,strike_out_of_scope
2,2/28/2023,Clinton,PA,strike; picket,strike_out_of_scope
2,2/28/2023,Philadelphia,PA,strike; picket,strike_out_of_scope
2,2/28/2023,Pittsburgh,PA,strike; picket,strike_out_of_scope
2,2/28/2023,Brentwood,TN,strike,strike_out_of_scope
2,2/28/2023,Austin,TX,strike; picket,strike_out_of_scope
2,2/28/2023,Leesburg,VA,strike; picket,strike_out_of_scope
2,2/28/2023,Eau Claire,WI,strike; picket,strike_out_of_scope
2,3/1/2023,Palmer,AK,strike; picket,strike_out_of_scope
2,3/1/2023,Brookwood,AL,strike; picket,strike_out_of_scope
2,3/1/2023,Mobile,AL,strike; picket,strike_out_of_scope
2,3/1/2023,Bakersfield,CA,hunger strike,strike_out_of_scope
2,3/1/2023,Buena Park,CA,strike; picket,strike_out_of_scope
2,3/1/2023,McFarland,CA,hunger strike,strike_out_of_scope
2,3/1/2023,San Diego,CA,strike; picket,strike_out_of_scope
2,3/1/2023,Decatur,IL,strike; picket,strike_out_of_scope
2,3/1/2023,Melrose Park,IL,strike; picket,strike_out_of_scope
2,3/1/2023,Urbana,IL,hunger strike,strike_out_of_scope
2,3/1/2023,Elkhart,IN,strike; picket,strike_out_of_scope
2,3/1/2023,Fort Wayne,IN,strike; picket,strike_out_of_scope
2,3/1/2023,Holcomb,KS,strike; picket,strike_out_of_scope
2,3/1/2023,Jessup,MD,strike; picket,strike_out_of_scope
2,3/1/2023,Williamsport,MD,strike; picket,strike_out_of_scope
2,3/1/2023,Hastings,MN,strike; picket; rally,strike_out_of_scope
2,3/1/2023,Kansas City,MO,strike; picket,strike_out_of_scope
2,3/1/2023,Lawrenceville,NJ,strike; picket,strike_out_of_scope
2,3/1/2023,New York,NY,strike; picket,strike_out_of_scope
2,3/1/2023,Portland,OR,strike; picket,strike_out_of_scope
2,3/1/2023,Clinton,PA,strike; picket,strike_out_of_scope
2,3/1/2023,Philadelphia,PA,strike; picket,strike_out_of_scope
2,3/1/2023,Pittsburgh,PA,strike; picket,strike_out_of_scope
2,3/1/2023,Brentwood,TN,strike,strike_out_of_scope
2,3/1/2023,Austin,TX,strike; picket,strike_out_of_scope
2,3/1/2023,Leesburg,VA,strike; picket,strike_out_of_scope
2,3/1/2023,Eau Claire,WI,strike; picket,strike_out_of_scope
2,3/2/2023,Palmer,AK,strike; picket,strike_out_of_scope
2,3/2/2023,Mobile,AL,strike; picket,strike_out_of_scope
2,3/2/2023,Bakersfield,CA,hunger strike,strike_out_of_scope
2,3/2/2023,Buena Park,CA,strike; picket,strike_out_of_scope
2,3/2/2023,San Diego,CA,strike; picket,strike_out_of_scope
2,3/2/2023,Decatur,IL,strike; picket,strike_out_of_scope
2,3/2/2023,Melrose Park,IL,strike; picket,strike_out_of_scope
2,3/2/2023,Urbana,IL,hunger strike,strike_out_of_scope
2,3/2/2023,Elkhart,IN,strike; picket,strike_out_of_scope
2,3/2/2023,Fort Wayne,IN,strike; picket,strike_out_of_scope
2,3/2/2023,Holcomb,KS,strike; picket,strike_out_of_scope
2,3/2/2023,Jessup,MD,strike; picket,strike_out_of_scope
2,3/2/2023,Williamsport,MD,strike; picket,strike_out_of_scope
2,3/2/2023,Hastings,MN,strike; picket; rally,strike_out_of_scope
2,3/2/2023,Kansas City,MO,strike; picket,strike_out_of_scope
2,3/2/2023,Lawrenceville,NJ,strike; picket,strike_out_of_scope
2,3/2/2023,New York,NY,strike; picket,strike_out_of_scope
2,3/2/2023,Portland,OR,strike; picket,strike_out_of_scope
2,3/2/2023,Clinton,PA,strike; picket,strike_out_of_scope
2,3/2/2023,Philadelphia,PA,strike; picket,strike_out_of_scope
2,3/2/2023,Pittsburgh,PA,strike; picket,strike_out_of_scope
2,3/2/2023,Brentwood,TN,strike,strike_out_of_scope
2,3/2/2023,Austin,TX,strike; picket,strike_out_of_scope
2,3/2/2023,Leesburg,VA,strike; picket,strike_out_of_scope
2,3/2/2023,Eau Claire,WI,strike; picket,strike_out_of_scope
2,3/3/2023,Palmer,AK,strike; picket,strike_out_of_scope
2,3/3/2023,Mobile,AL,strike; picket,strike_out_of_scope
2,3/3/2023,Bakersfield,CA,hunger strike,strike_out_of_scope
2,3/3/2023,Buena Park,CA,strike; picket,strike_out_of_scope
2,3/3/2023,San Diego,CA,strike; picket,strike_out_of_scope
2,3/3/2023,Decatur,IL,strike; picket,strike_out_of_scope
2,3/3/2023,Melrose Park,IL,strike; picket,strike_out_of_scope
2,3/3/2023,Urbana,IL,hunger strike,strike_out_of_scope
2,3/3/2023,Elkhart,IN,strike; picket,strike_out_of_scope
2,3/3/2023,Fort Wayne,IN,strike; picket,strike_out_of_scope
2,3/3/2023,Holcomb,KS,strike; picket,strike_out_of_scope
2,3/3/2023,Jessup,MD,strike; picket,strike_out_of_scope
2,3/3/2023,Williamsport,MD,strike; picket,strike_out_of_scope
2,3/3/2023,Hastings,MN,strike; picket; rally,strike_out_of_scope
2,3/3/2023,Kansas City,MO,strike; picket,strike_out_of_scope
2,3/3/2023,Lawrenceville,NJ,strike; picket,strike_out_of_scope
2,3/3/2023,New York,NY,strike; picket,strike_out_of_scope
2,3/3/2023,Portland,OR,strike; picket,strike_out_of_scope
2,3/3/2023,Clinton,PA,strike; picket,strike_out_of_scope
2,3/3/2023,Philadelphia,PA,strike; picket,strike_out_of_scope
2,3/3/2023,Pittsburgh,PA,strike; picket,strike_out_of_scope
2,3/3/2023,Brentwood,TN,strike,strike_out_of_scope
2,3/3/2023,Austin,TX,strike; picket,strike_out_of_scope
2,3/3/2023,Leesburg,VA,strike; picket,strike_out_of_scope
2,3/3/2023,Eau Claire,WI,strike; picket,strike_out_of_scope
2,3/4/2023,Palmer,AK,strike; picket,strike_out_of_scope
2,3/4/2023,Mobile,AL,strike; picket,strike_out_of_scope
2,3/4/2023,Bakersfield,CA,hunger strike,strike_out_of_scope
2,3/4/2023,Buena Park,CA,strike; picket,strike_out_of_scope
2,3/4/2023,San Diego,CA,strike; picket,strike_out_of_scope
2,3/4/2023,Melrose Park,IL,strike; picket,strike_out_of_scope
2,3/4/2023,Urbana,IL,hunger strike,strike_out_of_scope
2,3/4/2023,Elkhart,IN,strike; picket,strike_out_of_scope
2,3/4/2023,Fort Wayne,IN,strike; picket,strike_out_of_scope
2,3/4/2023,Holcomb,KS,strike; picket,strike_out_of_scope
2,3/4/2023,Jessup,MD,strike; picket,strike_out_of_scope
2,3/4/2023,Williamsport,MD,strike; picket,strike_out_of_scope
2,3/4/2023,Hastings,MN,strike; picket; rally,strike_out_of_scope
2,3/4/2023,Kansas City,MO,strike; picket,strike_out_of_scope
2,3/4/2023,Lawrenceville,NJ,strike; picket,strike_out_of_scope
2,3/4/2023,New York,NY,strike; picket,strike_out_of_scope
2,3/4/2023,Portland,OR,strike; picket,strike_out_of_scope
2,3/4/2023,Clinton,PA,strike; picket,strike_out_of_scope
2,3/4/2023,Philadelphia,PA,strike; picket,strike_out_of_scope
2,3/4/2023,Pittsburgh,PA,strike; picket,strike_out_of_scope
2,3/4/2023,Brentwood,TN,strike,strike_out_of_scope
2,3/4/2023,Austin,TX,strike; picket,strike_out_of_scope
2,3/4/2023,Leesburg,VA,strike; picket,strike_out_of_scope
2,3/4/2023,Eau Claire,WI,strike; picket,strike_out_of_scope
2,3/5/2023,Palmer,AK,strike; picket,strike_out_of_scope
2,3/5/2023,Mobile,AL,strike; picket,strike_out_of_scope
2,3/5/2023,Bakersfield,CA,hunger strike,strike_out_of_scope
2,3/5/2023,Buena Park,CA,strike; picket,strike_out_of_scope
2,3/5/2023,San Diego,CA,strike; picket,strike_out_of_scope
2,3/5/2023,Chicago,IL,strike; picket,strike_out_of_scope
2,3/5/2023,Melrose Park,IL,strike; picket,strike_out_of_scope
2,3/5/2023,Urbana,IL,hunger strike,strike_out_of_scope
2,3/5/2023,Elkhart,IN,strike; picket,strike_out_of_scope
2,3/5/2023,Fort Wayne,IN,strike; picket,strike_out_of_scope
2,3/5/2023,Holcomb,KS,strike; picket,strike_out_of_scope
2,3/5/2023,Jessup,MD,strike; picket,strike_out_of_scope
2,3/5/2023,Williamsport,MD,strike; picket,strike_out_of_scope
2,3/5/2023,Hastings,MN,strike; picket; rally,strike_out_of_scope
2,3/5/2023,Kansas City,MO,strike; picket,strike_out_of_scope
2,3/5/2023,Lawrenceville,NJ,strike; picket,strike_out_of_scope
2,3/5/2023,New York,NY,strike; picket,strike_out_of_scope
2,3/5/2023,Portland,OR,strike; picket,strike_out_of_scope
2,3/5/2023,Clinton,PA,strike; picket,strike_out_of_scope
2,3/5/2023,Philadelphia,PA,strike; picket,strike_out_of_scope
2,3/5/2023,Pittsburgh,PA,strike; picket,strike_out_of_scope
2,3/5/2023,Brentwood,TN,strike,strike_out_of_scope
2,3/5/2023,Austin,TX,strike; picket,strike_out_of_scope
2,3/5/2023,Leesburg,VA,strike; picket,strike_out_of_scope
2,3/5/2023,Eau Claire,WI,strike; picket,strike_out_of_scope
2,3/6/2023,Mobile,AL,strike; picket,strike_out_of_scope
2,3/6/2023,Bakersfield,CA,hunger strike,strike_out_of_scope
2,3/6/2023,Buena Park,CA,strike; picket,strike_out_of_scope
2,3/6/2023,San Diego,CA,strike; picket,strike_out_of_scope
2,3/6/2023,Melrose Park,IL,strike; picket,strike_out_of_scope
2,3/6/2023,Urbana,IL,hunger strike,strike_out_of_scope
2,3/6/2023,Elkhart,IN,strike; picket,strike_out_of_scope
2,3/6/2023,Fort Wayne,IN,strike; picket,strike_out_of_scope
2,3/6/2023,Holcomb,KS,strike; picket,strike_out_of_scope
2,3/6/2023,Jessup,MD,strike; picket,strike_out_of_scope
2,3/6/2023,Williamsport,MD,strike; picket,strike_out_of_scope
2,3/6/2023,Hastings,MN,strike; picket; rally,strike_out_of_scope
2,3/6/2023,Kansas City,MO,strike; picket,strike_out_of_scope
2,3/6/2023,Lawrenceville,NJ,strike; picket,strike_out_of_scope
2,3/6/2023,New York,NY,strike; picket,strike_out_of_scope
2,3/6/2023,Portland,OR,strike; picket,strike_out_of_scope
2,3/6/2023,Clinton,PA,strike; picket,strike_out_of_scope
2,3/6/2023,Philadelphia,PA,strike; picket,strike_out_of_scope
2,3/6/2023,Pittsburgh,PA,strike; picket,strike_out_of_scope
2,3/6/2023,Brentwood,TN,strike,strike_out_of_scope
2,3/6/2023,Nashville,TN,strike,strike_out_of_scope
2,3/6/2023,Austin,TX,strike; picket,strike_out_of_scope
2,3/6/2023,Leesburg,VA,strike; picket,strike_out_of_scope
2,3/6/2023,Eau Claire,WI,strike; picket,strike_out_of_scope
2,3/7/2023,Mobile,AL,strike; picket,strike_out_of_scope
2,3/7/2023,Bakersfield,CA,hunger strike,strike_out_of_scope
2,3/7/2023,Buena Park,CA,strike; picket,strike_out_of_scope
2,3/7/2023,San Diego,CA,strike; picket,strike_out_of_scope
2,3/7/2023,Melrose Park,IL,strike; picket,strike_out_of_scope
2,3/7/2023,Urbana,IL,hunger strike,strike_out_of_scope
2,3/7/2023,Elkhart,IN,strike; picket,strike_out_of_scope
2,3/7/2023,Fort Wayne,IN,strike; picket,strike_out_of_scope
2,3/7/2023,Holcomb,KS,strike; picket,strike_out_of_scope
2,3/7/2023,Jessup,MD,strike; picket,strike_out_of_scope
2,3/7/2023,Williamsport,MD,strike; picket,strike_out_of_scope
2,3/7/2023,Hastings,MN,strike; picket; rally,strike_out_of_scope
2,3/7/2023,Kansas City,MO,strike; picket,strike_out_of_scope
2,3/7/2023,Lawrenceville,NJ,strike; picket,strike_out_of_scope
2,3/7/2023,New York,NY,strike; picket,strike_out_of_scope
2,3/7/2023,Portland,OR,strike; picket,strike_out_of_scope
2,3/7/2023,Clinton,PA,strike; picket,strike_out_of_scope
2,3/7/2023,Philadelphia,PA,strike; picket,strike_out_of_scope
2,3/7/2023,Pittsburgh,PA,strike; picket,strike_out_of_scope
2,3/7/2023,Brentwood,TN,strike,strike_out_of_scope
2,3/7/2023,Nashville,TN,strike,strike_out_of_scope
2,3/7/2023,Austin,TX,strike; picket,strike_out_of_scope
2,3/7/2023,Leesburg,VA,strike; picket,strike_out_of_scope
2,3/7/2023,Eau Claire,WI,strike; picket,strike_out_of_scope
2,3/8/2023,Mobile,AL,strike; picket,strike_out_of_scope
2,3/8/2023,Bakersfield,CA,hunger strike,strike_out_of_scope
2,3/8/2023,Buena Park,CA,strike; picket,strike_out_of_scope
2,3/8/2023,McFarland,CA,hunger strike,strike_out_of_scope
2,3/8/2023,San Diego,CA,strike; picket,strike_out_of_scope
2,3/8/2023,Melrose Park,IL,strike; picket,strike_out_of_scope
2,3/8/2023,Urbana,IL,hunger strike,strike_out_of_scope
2,3/8/2023,Elkhart,IN,strike; picket,strike_out_of_scope
2,3/8/2023,Fort Wayne,IN,strike; picket,strike_out_of_scope
2,3/8/2023,Holcomb,KS,strike; picket,strike_out_of_scope
2,3/8/2023,Jessup,MD,strike; picket,strike_out_of_scope
2,3/8/2023,Williamsport,MD,strike; picket,strike_out_of_scope
2,3/8/2023,Hastings,MN,strike; picket; rally,strike_out_of_scope
2,3/8/2023,Kansas City,MO,strike; picket,strike_out_of_scope
2,3/8/2023,Lawrenceville,NJ,strike; picket,strike_out_of_scope
2,3/8/2023,New York,NY,strike; picket,strike_out_of_scope
2,3/8/2023,Portland,OR,strike; picket,strike_out_of_scope
2,3/8/2023,Clinton,PA,strike; picket,strike_out_of_scope
2,3/8/2023,Philadelphia,PA,strike; picket,strike_out_of_scope
2,3/8/2023,Pittsburgh,PA,strike; picket,strike_out_of_scope
2,3/8/2023,Brentwood,TN,strike,strike_out_of_scope
2,3/8/2023,Nashville,TN,strike,strike_out_of_scope
2,3/8/2023,Austin,TX,strike; picket,strike_out_of_scope
2,3/8/2023,Leesburg,VA,strike; picket,strike_out_of_scope
2,3/8/2023,Eau Claire,WI,strike; picket,strike_out_of_scope
2,3/9/2023,Mobile,AL,strike; picket,strike_out_of_scope
2,3/9/2023,Bakersfield,CA,hunger strike,strike_out_of_scope
2,3/9/2023,Buena Park,CA,strike; picket,strike_out_of_scope
2,3/9/2023,San Diego,CA,strike; picket,strike_out_of_scope
2,3/9/2023,Melrose Park,IL,strike; picket,strike_out_of_scope
2,3/9/2023,Urbana,IL,hunger strike,strike_out_of_scope
2,3/9/2023,Elkhart,IN,strike; picket,strike_out_of_scope
2,3/9/2023,Holcomb,KS,strike; picket,strike_out_of_scope
2,3/9/2023,Jessup,MD,strike; picket,strike_out_of_scope
2,3/9/2023,Williamsport,MD,strike; picket,strike_out_of_scope
2,3/9/2023,Hastings,MN,strike; picket; rally,strike_out_of_scope
2,3/9/2023,Kansas City,MO,strike; picket,strike_out_of_scope
2,3/9/2023,Lawrenceville,NJ,strike; picket,strike_out_of_scope
2,3/9/2023,New York,NY,strike; picket,strike_out_of_scope
2,3/9/2023,Portland,OR,strike; picket,strike_out_of_scope
2,3/9/2023,Clinton,PA,strike; picket,strike_out_of_scope
2,3/9/2023,Philadelphia,PA,strike; picket,strike_out_of_scope
2,3/9/2023,Pittsburgh,PA,strike; picket,strike_out_of_scope
2,3/9/2023,Brentwood,TN,strike,strike_out_of_scope
2,3/9/2023,Nashville,TN,strike,strike_out_of_scope
2,3/9/2023,Austin,TX,strike; picket,strike_out_of_scope
2,3/9/2023,Leesburg,VA,strike; picket,strike_out_of_scope
2,3/9/2023,Eau Claire,WI,strike; picket,strike_out_of_scope
2,3/10/2023,Mobile,AL,strike; picket,strike_out_of_scope
2,3/10/2023,Bakersfield,CA,hunger strike,strike_out_of_scope
2,3/10/2023,Buena Park,CA,strike; picket,strike_out_of_scope
2,3/10/2023,San Diego,CA,strike; picket,strike_out_of_scope
2,3/10/2023,Melrose Park,IL,strike; picket,strike_out_of_scope
2,3/10/2023,Urbana,IL,hunger strike,strike_out_of_scope
2,3/10/2023,Elkhart,IN,strike; picket,strike_out_of_scope
2,3/10/2023,Holcomb,KS,strike; picket,strike_out_of_scope
2,3/10/2023,Jessup,MD,strike; picket,strike_out_of_scope
2,3/10/2023,Williamsport,MD,strike; picket,strike_out_of_scope
2,3/10/2023,Hastings,MN,strike; picket; rally,strike_out_of_scope
2,3/10/2023,Kansas City,MO,strike; picket,strike_out_of_scope
2,3/10/2023,Lawrenceville,NJ,strike; picket,strike_out_of_scope
2,3/10/2023,New York,NY,strike; picket,strike_out_of_scope
2,3/10/2023,Portland,OR,strike; picket,strike_out_of_scope
2,3/10/2023,Clinton,PA,strike; picket,strike_out_of_scope
2,3/10/2023,Philadelphia,PA,strike; picket,strike_out_of_scope
2,3/10/2023,Pittsburgh,PA,strike; picket,strike_out_of_scope
2,3/10/2023,Brentwood,TN,strike,strike_out_of_scope
2,3/10/2023,Nashville,TN,strike,strike_out_of_scope
2,3/10/2023,Austin,TX,strike; picket,strike_out_of_scope
2,3/10/2023,Leesburg,VA,strike; picket,strike_out_of_scope
2,3/10/2023,Eau Claire,WI,strike; picket,strike_out_of_scope
2,3/11/2023,Mobile,AL,strike; picket,strike_out_of_scope
2,3/11/2023,Bakersfield,CA,hunger strike,strike_out_of_scope
2,3/11/2023,Buena Park,CA,strike; picket,strike_out_of_scope
2,3/11/2023,San Diego,CA,strike; picket,strike_out_of_scope
2,3/11/2023,Melrose Park,IL,strike; picket,strike_out_of_scope
2,3/11/2023,Urbana,IL,hunger strike,strike_out_of_scope
2,3/11/2023,Elkhart,IN,strike; picket,strike_out_of_scope
2,3/11/2023,Holcomb,KS,strike; picket,strike_out_of_scope
2,3/11/2023,Jessup,MD,strike; picket,strike_out_of_scope
2,3/11/2023,Williamsport,MD,strike; picket,strike_out_of_scope
2,3/11/2023,Hastings,MN,strike; picket; rally,strike_out_of_scope
2,3/11/2023,Kansas City,MO,strike; picket,strike_out_of_scope
2,3/11/2023,Lawrenceville,NJ,strike; picket,strike_out_of_scope
2,3/11/2023,New York,NY,strike; picket,strike_out_of_scope
2,3/11/2023,Portland,OR,strike; picket,strike_out_of_scope
2,3/11/2023,Clinton,PA,strike; picket,strike_out_of_scope
2,3/11/2023,Philadelphia,PA,strike; picket,strike_out_of_scope
2,3/11/2023,Pittsburgh,PA,strike; picket,strike_out_of_scope
2,3/11/2023,Brentwood,TN,strike,strike_out_of_scope
2,3/11/2023,Nashville,TN,strike,strike_out_of_scope
2,3/11/2023,Austin,TX,strike; picket,strike_out_of_scope
2,3/11/2023,Leesburg,VA,strike; picket,strike_out_of_scope
2,3/11/2023,Eau Claire,WI,strike; picket,strike_out_of_scope
2,3/12/2023,Mobile,AL,strike; picket,strike_out_of_scope
2,3/12/2023,Bakersfield,CA,hunger strike,strike_out_of_scope
2,3/12/2023,Buena Park,CA,strike; picket,strike_out_of_scope
2,3/12/2023,San Diego,CA,strike; picket,strike_out_of_scope
2,3/12/2023,Melrose Park,IL,strike; picket,strike_out_of_scope
2,3/12/2023,Elkhart,IN,strike; picket,strike_out_of_scope
2,3/12/2023,Holcomb,KS,strike; picket,strike_out_of_scope
2,3/12/2023,Jessup,MD,strike; picket,strike_out_of_scope
2,3/12/2023,Williamsport,MD,strike; picket,strike_out_of_scope
2,3/12/2023,Hastings,MN,strike; picket; rally,strike_out_of_scope
2,3/12/2023,Kansas City,MO,strike; picket,strike_out_of_scope
2,3/12/2023,Lawrenceville,NJ,strike; picket,strike_out_of_scope
2,3/12/2023,New York,NY,strike; picket,strike_out_of_scope
2,3/12/2023,Ashtabula,OH,strike; picket,strike_out_of_scope
2,3/12/2023,Portland,OR,strike; picket,strike_out_of_scope
2,3/12/2023,Clinton,PA,strike; picket,strike_out_of_scope
2,3/12/2023,Philadelphia,PA,strike; picket,strike_out_of_scope
2,3/12/2023,Pittsburgh,PA,strike; picket,strike_out_of_scope
2,3/12/2023,Brentwood,TN,strike,strike_out_of_scope
2,3/12/2023,Nashville,TN,strike,strike_out_of_scope
2,3/12/2023,Austin,TX,strike; picket,strike_out_of_scope
2,3/12/2023,Leesburg,VA,strike; picket,strike_out_of_scope
2,3/12/2023,Eau Claire,WI,strike; picket,strike_out_of_scope
2,3/13/2023,Mobile,AL,strike; picket,strike_out_of_scope
2,3/13/2023,Bakersfield,CA,hunger strike,strike_out_of_scope
2,3/13/2023,Buena Park,CA,strike; picket,strike_out_of_scope
2,3/13/2023,San Diego,CA,strike; picket,strike_out_of_scope
2,3/13/2023,Melrose Park,IL,strike; picket,strike_out_of_scope
2,3/13/2023,Elkhart,IN,strike; picket,strike_out_of_scope
2,3/13/2023,Holcomb,KS,strike; picket,strike_out_of_scope
2,3/13/2023,Jessup,MD,strike; picket,strike_out_of_scope
2,3/13/2023,Williamsport,MD,strike; picket,strike_out_of_scope
2,3/13/2023,Hastings,MN,strike; picket; rally,strike_out_of_scope
2,3/13/2023,Kansas City,MO,strike; picket,strike_out_of_scope
2,3/13/2023,Lawrenceville,NJ,strike; picket,strike_out_of_scope
2,3/13/2023,New York,NY,strike; picket,strike_out_of_scope
2,3/13/2023,Ashtabula,OH,strike; picket,strike_out_of_scope
2,3/13/2023,Portland,OR,strike; picket,strike_out_of_scope
2,3/13/2023,Clinton,PA,strike; picket,strike_out_of_scope
2,3/13/2023,Philadelphia,PA,strike; picket,strike_out_of_scope
2,3/13/2023,Pittsburgh,PA,strike; picket,strike_out_of_scope
2,3/13/2023,Brentwood,TN,strike,strike_out_of_scope
2,3/13/2023,Nashville,TN,strike,strike_out_of_scope
2,3/13/2023,Austin,TX,strike; picket,strike_out_of_scope
2,3/13/2023,Leesburg,VA,strike; picket,strike_out_of_scope
2,3/13/2023,Eau Claire,WI,strike; picket,strike_out_of_scope
2,3/14/2023,Mobile,AL,strike; picket,strike_out_of_scope
2,3/14/2023,Bakersfield,CA,hunger strike,strike_out_of_scope
2,3/14/2023,Buena Park,CA,strike; picket,strike_out_of_scope
2,3/14/2023,San Diego,CA,strike; picket,strike_out_of_scope
2,3/14/2023,Melrose Park,IL,strike; picket,strike_out_of_scope
2,3/14/2023,Elkhart,IN,strike; picket,strike_out_of_scope
2,3/14/2023,Holcomb,KS,strike; picket,strike_out_of_scope
2,3/14/2023,Jessup,MD,strike; picket,strike_out_of_scope
2,3/14/2023,Williamsport,MD,strike; picket,strike_out_of_scope
2,3/14/2023,Hastings,MN,strike; picket; rally,strike_out_of_scope
2,3/14/2023,Kansas City,MO,strike; picket,strike_out_of_scope
2,3/14/2023,Lawrenceville,NJ,strike; picket,strike_out_of_scope
2,3/14/2023,New York,NY,strike; picket,strike_out_of_scope
2,3/14/2023,Ashtabula,OH,strike; picket,strike_out_of_scope
2,3/14/2023,Portland,OR,strike; picket,strike_out_of_scope
2,3/14/2023,Clinton,PA,strike; picket,strike_out_of_scope
2,3/14/2023,Pittsburgh,PA,strike; picket,strike_out_of_scope
2,3/14/2023,Brentwood,TN,strike,strike_out_of_scope
2,3/14/2023,Nashville,TN,strike,strike_out_of_scope
2,3/14/2023,Austin,TX,strike; picket,strike_out_of_scope
2,3/14/2023,Eau Claire,WI,strike; picket,strike_out_of_scope
2,3/15/2023,Mobile,AL,strike; picket,strike_out_of_scope
2,3/15/2023,Bakersfield,CA,hunger strike,strike_out_of_scope
2,3/15/2023,Buena Park,CA,strike; picket,strike_out_of_scope
2,3/15/2023,McFarland,CA,hunger strike,strike_out_of_scope
2,3/15/2023,San Diego,CA,strike; picket,strike_out_of_scope
2,3/15/2023,Melrose Park,IL,strike; picket,strike_out_of_scope
2,3/15/2023,Elkhart,IN,strike; picket,strike_out_of_scope
2,3/15/2023,Holcomb,KS,strike; picket,strike_out_of_scope
2,3/15/2023,Jessup,MD,strike; picket,strike_out_of_scope
2,3/15/2023,Williamsport,MD,strike; picket,strike_out_of_scope
2,3/15/2023,Hastings,MN,strike; picket; rally,strike_out_of_scope
2,3/15/2023,Kansas City,MO,strike; picket,strike_out_of_scope
2,3/15/2023,Lawrenceville,NJ,strike; picket,strike_out_of_scope
2,3/15/2023,New York,NY,strike; picket,strike_out_of_scope
2,3/15/2023,Ashtabula,OH,strike; picket,strike_out_of_scope
2,3/15/2023,Portland,OR,strike; picket,strike_out_of_scope
2,3/15/2023,Clinton,PA,strike; picket,strike_out_of_scope
2,3/15/2023,Pittsburgh,PA,strike; picket,strike_out_of_scope
2,3/15/2023,Brentwood,TN,strike,strike_out_of_scope
2,3/15/2023,Nashville,TN,strike,strike_out_of_scope
2,3/15/2023,Austin,TX,strike; picket,strike_out_of_scope
2,3/15/2023,Eau Claire,WI,strike; picket,strike_out_of_scope
2,3/16/2023,Mobile,AL,strike; picket,strike_out_of_scope
2,3/16/2023,Bakersfield,CA,hunger strike,strike_out_of_scope
2,3/16/2023,Buena Park,CA,strike; picket,strike_out_of_scope
2,3/16/2023,San Diego,CA,strike; picket,strike_out_of_scope
2,3/16/2023,Melrose Park,IL,strike; picket,strike_out_of_scope
2,3/16/2023,Elkhart,IN,strike; picket,strike_out_of_scope
2,3/16/2023,Holcomb,KS,strike; picket,strike_out_of_scope
2,3/16/2023,Jessup,MD,strike; picket,strike_out_of_scope
2,3/16/2023,Williamsport,MD,strike; picket,strike_out_of_scope
2,3/16/2023,Hastings,MN,strike; picket; rally,strike_out_of_scope
2,3/16/2023,Kansas City,MO,strike; picket,strike_out_of_scope
2,3/16/2023,Lawrenceville,NJ,strike; picket,strike_out_of_scope
2,3/16/2023,New York,NY,strike; picket,strike_out_of_scope
2,3/16/2023,Ashtabula,OH,strike; picket,strike_out_of_scope
2,3/16/2023,Portland,OR,strike; picket,strike_out_of_scope
2,3/16/2023,Clinton,PA,strike; picket,strike_out_of_scope
2,3/16/2023,Pittsburgh,PA,strike; picket,strike_out_of_scope
2,3/16/2023,Brentwood,TN,strike,strike_out_of_scope
2,3/16/2023,Nashville,TN,strike,strike_out_of_scope
2,3/16/2023,Austin,TX,strike; picket,strike_out_of_scope
2,3/16/2023,Eau Claire,WI,strike; picket,strike_out_of_scope
2,3/17/2023,Mobile,AL,strike; picket,strike_out_of_scope
2,3/17/2023,Bakersfield,CA,hunger strike,strike_out_of_scope
2,3/17/2023,Buena Park,CA,strike; picket,strike_out_of_scope
2,3/17/2023,San Diego,CA,strike; picket,strike_out_of_scope
2,3/17/2023,Melrose Park,IL,strike; picket,strike_out_of_scope
2,3/17/2023,Elkhart,IN,strike; picket,strike_out_of_scope
2,3/17/2023,Holcomb,KS,strike; picket,strike_out_of_scope
2,3/17/2023,Jessup,MD,strike; picket,strike_out_of_scope
2,3/17/2023,Williamsport,MD,strike; picket,strike_out_of_scope
2,3/17/2023,Hastings,MN,strike; picket; rally,strike_out_of_scope
2,3/17/2023,Kansas City,MO,strike; picket,strike_out_of_scope
2,3/17/2023,Lawrenceville,NJ,strike; picket,strike_out_of_scope
2,3/17/2023,New York,NY,strike; picket,strike_out_of_scope
2,3/17/2023,Ashtabula,OH,strike; picket,strike_out_of_scope
2,3/17/2023,Portland,OR,strike; picket,strike_out_of_scope
2,3/17/2023,Clinton,PA,strike; picket,strike_out_of_scope
2,3/17/2023,Pittsburgh,PA,strike; picket,strike_out_of_scope
2,3/17/2023,Brentwood,TN,strike,strike_out_of_scope
2,3/17/2023,Nashville,TN,strike,strike_out_of_scope
2,3/17/2023,Austin,TX,strike; picket,strike_out_of_scope
2,3/17/2023,Eau Claire,WI,strike; picket,strike_out_of_scope
2,3/18/2023,Mobile,AL,strike; picket,strike_out_of_scope
2,3/18/2023,Bakersfield,CA,hunger strike,strike_out_of_scope
2,3/18/2023,Buena Park,CA,strike; picket,strike_out_of_scope
2,3/18/2023,San Diego,CA,strike; picket,strike_out_of_scope
2,3/18/2023,Melrose Park,IL,strike; picket,strike_out_of_scope
2,3/18/2023,Elkhart,IN,strike; picket,strike_out_of_scope
2,3/18/2023,Holcomb,KS,strike; picket,strike_out_of_scope
2,3/18/2023,Jessup,MD,strike; picket,strike_out_of_scope
2,3/18/2023,Williamsport,MD,strike; picket,strike_out_of_scope
2,3/18/2023,Hastings,MN,strike; picket; rally,strike_out_of_scope
2,3/18/2023,Kansas City,MO,strike; picket,strike_out_of_scope
2,3/18/2023,Lawrenceville,NJ,strike; picket,strike_out_of_scope
2,3/18/2023,New York,NY,strike; picket,strike_out_of_scope
2,3/18/2023,Ashtabula,OH,strike; picket,strike_out_of_scope
2,3/18/2023,Portland,OR,strike; picket,strike_out_of_scope
2,3/18/2023,Clinton,PA,strike; picket,strike_out_of_scope
2,3/18/2023,Pittsburgh,PA,strike; picket,strike_out_of_scope
2,3/18/2023,Brentwood,TN,strike,strike_out_of_scope
2,3/18/2023,Nashville,TN,strike,strike_out_of_scope
2,3/18/2023,Austin,TX,strike; picket,strike_out_of_scope
2,3/18/2023,Eau Claire,WI,strike; picket,strike_out_of_scope
2,3/19/2023,Mobile,AL,strike; picket,strike_out_of_scope
2,3/19/2023,Bakersfield,CA,hunger strike,strike_out_of_scope
2,3/19/2023,Buena Park,CA,strike; picket,strike_out_of_scope
2,3/19/2023,San Diego,CA,strike; picket,strike_out_of_scope
2,3/19/2023,Melrose Park,IL,strike; picket,strike_out_of_scope
2,3/19/2023,Elkhart,IN,strike; picket,strike_out_of_scope
2,3/19/2023,Holcomb,KS,strike; picket,strike_out_of_scope
2,3/19/2023,Jessup,MD,strike; picket,strike_out_of_scope
2,3/19/2023,Williamsport,MD,strike; picket,strike_out_of_scope
2,3/19/2023,Hastings,MN,strike; picket; rally,strike_out_of_scope
2,3/19/2023,Kansas City,MO,strike; picket,strike_out_of_scope
2,3/19/2023,Lawrenceville,NJ,strike; picket,strike_out_of_scope
2,3/19/2023,New York,NY,strike; picket,strike_out_of_scope
2,3/19/2023,Ashtabula,OH,strike; picket,strike_out_of_scope
2,3/19/2023,Portland,OR,strike; picket,strike_out_of_scope
2,3/19/2023,Clinton,PA,strike; picket,strike_out_of_scope
2,3/19/2023,Pittsburgh,PA,strike; picket,strike_out_of_scope
2,3/19/2023,Brentwood,TN,strike,strike_out_of_scope
2,3/19/2023,Nashville,TN,strike,strike_out_of_scope
2,3/19/2023,Austin,TX,strike; picket,strike_out_of_scope
2,3/19/2023,Eau Claire,WI,strike; picket,strike_out_of_scope
2,3/20/2023,Mobile,AL,strike; picket,strike_out_of_scope
2,3/20/2023,Bakersfield,CA,hunger strike,strike_out_of_scope
2,3/20/2023,Buena Park,CA,strike; picket,strike_out_of_scope
2,3/20/2023,San Diego,CA,strike; picket,strike_out_of_scope
2,3/20/2023,Melrose Park,IL,strike; picket,strike_out_of_scope
2,3/20/2023,Elkhart,IN,strike; picket,strike_out_of_scope
2,3/20/2023,Holcomb,KS,strike; picket,strike_out_of_scope
2,3/20/2023,Jessup,MD,strike; picket,strike_out_of_scope
2,3/20/2023,Williamsport,MD,strike; picket,strike_out_of_scope
2,3/20/2023,Hastings,MN,strike; picket; rally,strike_out_of_scope
2,3/20/2023,Kansas City,MO,strike; picket,strike_out_of_scope
2,3/20/2023,Lawrenceville,NJ,strike; picket,strike_out_of_scope
2,3/20/2023,New York,NY,strike; picket,strike_out_of_scope
2,3/20/2023,Ashtabula,OH,strike; picket,strike_out_of_scope
2,3/20/2023,Portland,OR,strike; picket,strike_out_of_scope
2,3/20/2023,Clinton,PA,strike; picket,strike_out_of_scope
2,3/20/2023,Pittsburgh,PA,strike; picket,strike_out_of_scope
2,3/20/2023,Brentwood,TN,strike,strike_out_of_scope
2,3/20/2023,Nashville,TN,strike,strike_out_of_scope
2,3/20/2023,Austin,TX,strike; picket,strike_out_of_scope
2,3/20/2023,Eau Claire,WI,strike; picket,strike_out_of_scope
2,3/21/2023,Mobile,AL,strike; picket,strike_out_of_scope
2,3/21/2023,Bakersfield,CA,hunger strike,strike_out_of_scope
2,3/21/2023,Buena Park,CA,strike; picket,strike_out_of_scope
2,3/21/2023,Los Angeles,CA,strike,strike_out_of_scope
2,3/21/2023,San Diego,CA,strike; picket,strike_out_of_scope
2,3/21/2023,Melrose Park,IL,strike; picket,strike_out_of_scope
2,3/21/2023,Elkhart,IN,strike; picket,strike_out_of_scope
2,3/21/2023,Holcomb,KS,strike; picket,strike_out_of_scope
2,3/21/2023,Jessup,MD,strike; picket,strike_out_of_scope
2,3/21/2023,Williamsport,MD,strike; picket,strike_out_of_scope
2,3/21/2023,Hastings,MN,strike; picket; rally,strike_out_of_scope
2,3/21/2023,Kansas City,MO,strike; picket,strike_out_of_scope
2,3/21/2023,Lawrenceville,NJ,strike; picket,strike_out_of_scope
2,3/21/2023,New York,NY,strike; picket,strike_out_of_scope
2,3/21/2023,Ashtabula,OH,strike; picket,strike_out_of_scope
2,3/21/2023,Portland,OR,strike; picket,strike_out_of_scope
2,3/21/2023,Clinton,PA,strike; picket,strike_out_of_scope
2,3/21/2023,Pittsburgh,PA,strike; picket,strike_out_of_scope
2,3/21/2023,Brentwood,TN,strike,strike_out_of_scope
2,3/21/2023,Nashville,TN,strike,strike_out_of_scope
2,3/21/2023,Austin,TX,strike; picket,strike_out_of_scope
2,3/21/2023,Eau Claire,WI,strike; picket,strike_out_of_scope
2,3/22/2023,Mobile,AL,strike; picket,strike_out_of_scope
2,3/22/2023,Fayette,AR,strike; picket,strike_out_of_scope
2,3/22/2023,Avondale,AZ,strike; picket,strike_out_of_scope
2,3/22/2023,Mesa,AZ,strike; picket,strike_out_of_scope
2,3/22/2023,Tucson,AZ,strike; picket,strike_out_of_scope
2,3/22/2023,Bakersfield,CA,hunger strike,strike_out_of_scope
2,3/22/2023,Barstow,CA,strike; picket,strike_out_of_scope
2,3/22/2023,Buena Park,CA,strike; picket,strike_out_of_scope
2,3/22/2023,Capitola,CA,strike; picket,strike_out_of_scope
2,3/22/2023,Lakewood,CA,strike; picket,strike_out_of_scope
2,3/22/2023,Long Beach,CA,strike; picket,strike_out_of_scope
2,3/22/2023,Los Angeles,CA,strike; picket,strike_out_of_scope
2,3/22/2023,Los Angeles,CA,strike; picket,strike_out_of_scope
2,3/22/2023,Los Angeles,CA,strike; picket,strike_out_of_scope
2,3/22/2023,McFarland,CA,hunger strike,strike_out_of_scope
2,3/22/2023,Montebello,CA,strike; picket,strike_out_of_scope
2,3/22/2023,San Diego,CA,strike; picket,strike_out_of_scope
2,3/22/2023,San Francisco,CA,strike; picket,strike_out_of_scope
2,3/22/2023,Santa Cruz,CA,strike; picket,strike_out_of_scope
2,3/22/2023,Santa Cruz,CA,strike; picket,strike_out_of_scope
2,3/22/2023,Santa Maria,CA,strike; picket,strike_out_of_scope
2,3/22/2023,Colorado Springs,CO,strike; picket,strike_out_of_scope
2,3/22/2023,Denver,CO,strike; picket,strike_out_of_scope
2,3/22/2023,Superior,CO,strike; picket,strike_out_of_scope
2,3/22/2023,Westminster,CO,strike; picket,strike_out_of_scope
2,3/22/2023,Jacksonville,FL,strike; picket,strike_out_of_scope
2,3/22/2023,Oveido,FL,strike; picket,strike_out_of_scope
2,3/22/2023,Atlanta,GA,strike; picket,strike_out_of_scope
2,3/22/2023,Atlanta,GA,strike; picket,strike_out_of_scope
2,3/22/2023,Chicago,IL,strike; picket,strike_out_of_scope
2,3/22/2023,Chicago,IL,strike; picket,strike_out_of_scope
2,3/22/2023,Chicago,IL,strike; picket,strike_out_of_scope
2,3/22/2023,Chicago,IL,strike; picket,strike_out_of_scope
2,3/22/2023,Evanston,IL,strike; picket,strike_out_of_scope
2,3/22/2023,Melrose Park,IL,strike; picket,strike_out_of_scope
2,3/22/2023,Rockford,IL,strike; picket,strike_out_of_scope
2,3/22/2023,Clarksville,IN,strike; picket,strike_out_of_scope
2,3/22/2023,Elkhart,IN,strike; picket,strike_out_of_scope
2,3/22/2023,Holcomb,KS,strike; picket,strike_out_of_scope
2,3/22/2023,Louisville,KY,strike; picket,strike_out_of_scope
2,3/22/2023,Louisville,KY,strike; picket,strike_out_of_scope
2,3/22/2023,New Orleans,LA,strike; picket,strike_out_of_scope
2,3/22/2023,Cambridge,MA,strike; picket,strike_out_of_scope
2,3/22/2023,Somerville,MA,strike; picket,strike_out_of_scope
2,3/22/2023,Jessup,MD,strike; picket,strike_out_of_scope
2,3/22/2023,Olney,MD,strike; picket,strike_out_of_scope
2,3/22/2023,White Marsh,MD,strike; picket,strike_out_of_scope
2,3/22/2023,Williamsport,MD,strike; picket,strike_out_of_scope
2,3/22/2023,Allen Park,MI,strike; picket,strike_out_of_scope
2,3/22/2023,Ann Arbor,MI,strike; picket,strike_out_of_scope
2,3/22/2023,Ann Arbor,MI,strike; picket,strike_out_of_scope
2,3/22/2023,Mount Pleasant,MI,strike; picket,strike_out_of_scope
2,3/22/2023,Hastings,MN,strike; picket; rally,strike_out_of_scope
2,3/22/2023,Minneapolis,MN,strike; picket,strike_out_of_scope
2,3/22/2023,Saint Anthony,MN,strike; picket,strike_out_of_scope
2,3/22/2023,Saint Paul,MN,strike; picket,strike_out_of_scope
2,3/22/2023,Kansas City,MO,strike; picket,strike_out_of_scope
2,3/22/2023,Ladue,MO,strike; picket,strike_out_of_scope
2,3/22/2023,Richmond Heights,MO,strike; picket,strike_out_of_scope
2,3/22/2023,Saint Louis,MO,strike; picket,strike_out_of_scope
2,3/22/2023,Saint Louis,MO,strike; picket,strike_out_of_scope
2,3/22/2023,Hamilton Township,NJ,strike; picket,strike_out_of_scope
2,3/22/2023,Lawrenceville,NJ,strike; picket,strike_out_of_scope
2,3/22/2023,Montclair,NJ,strike; picket,strike_out_of_scope
2,3/22/2023,Montclair,NJ,strike; picket,strike_out_of_scope
2,3/22/2023,Pennington,NJ,strike; picket,strike_out_of_scope
2,3/22/2023,Albuquerque,NM,strike; picket,strike_out_of_scope
2,3/22/2023,Amherst,NY,strike; picket,strike_out_of_scope
2,3/22/2023,Farmingville,NY,strike; picket,strike_out_of_scope
2,3/22/2023,Lynbrook,NY,strike; picket,strike_out_of_scope
2,3/22/2023,New York,NY,strike; picket,strike_out_of_scope
2,3/22/2023,New York,NY,strike; picket,strike_out_of_scope
2,3/22/2023,New York,NY,strike; picket,strike_out_of_scope
2,3/22/2023,Ashtabula,OH,strike; picket,strike_out_of_scope
2,3/22/2023,Cleveland Heights,OH,strike; picket,strike_out_of_scope
2,3/22/2023,Columbus,OH,strike; picket,strike_out_of_scope
2,3/22/2023,Columbus,OH,strike; picket,strike_out_of_scope
2,3/22/2023,Mansfield,OH,strike; picket,strike_out_of_scope
2,3/22/2023,Westlake,OH,strike; picket,strike_out_of_scope
2,3/22/2023,Beaverton,OR,strike; picket,strike_out_of_scope
2,3/22/2023,Eugene,OR,strike; picket,strike_out_of_scope
2,3/22/2023,Eugene,OR,strike; picket,strike_out_of_scope
2,3/22/2023,Eugene,OR,strike; picket,strike_out_of_scope
2,3/22/2023,Eugene,OR,strike; picket,strike_out_of_scope
2,3/22/2023,Eugene,OR,strike; picket,strike_out_of_scope
2,3/22/2023,Eugene,OR,strike; picket,strike_out_of_scope
2,3/22/2023,Hillsboro,OR,strike; picket,strike_out_of_scope
2,3/22/2023,Portland,OR,strike; picket,strike_out_of_scope
2,3/22/2023,Portland,OR,strike; picket,strike_out_of_scope
2,3/22/2023,Portland,OR,strike; picket,strike_out_of_scope
2,3/22/2023,Portland,OR,strike; picket,strike_out_of_scope
2,3/22/2023,Portland,OR,strike; picket,strike_out_of_scope
2,3/22/2023,Portland,OR,strike; picket,strike_out_of_scope
2,3/22/2023,Springfield,OR,strike; picket,strike_out_of_scope
2,3/22/2023,Bethel Park,PA,strike; picket,strike_out_of_scope
2,3/22/2023,Clinton,PA,strike; picket,strike_out_of_scope
2,3/22/2023,Philadelphia,PA,strike; picket,strike_out_of_scope
2,3/22/2023,Philadelphia,PA,strike; picket,strike_out_of_scope
2,3/22/2023,Philadelphia,PA,strike; picket,strike_out_of_scope
2,3/22/2023,Philadelphia,PA,strike; picket,strike_out_of_scope
2,3/22/2023,Philadelphia,PA,strike; picket,strike_out_of_scope
2,3/22/2023,Philadelphia,PA,strike; picket,strike_out_of_scope
2,3/22/2023,Pittsburgh,PA,strike; picket,strike_out_of_scope
2,3/22/2023,Pittsburgh,PA,strike; picket,strike_out_of_scope
2,3/22/2023,Pittsburgh,PA,strike; picket,strike_out_of_scope
2,3/22/2023,Pittsburgh,PA,strike; picket,strike_out_of_scope
2,3/22/2023,Pittsburgh,PA,strike; picket,strike_out_of_scope
2,3/22/2023,Pittsburgh,PA,strike; picket,strike_out_of_scope
2,3/22/2023,Pittsburgh,PA,strike; picket,strike_out_of_scope
2,3/22/2023,Alcoa,TN,strike; picket,strike_out_of_scope
2,3/22/2023,Brentwood,TN,strike,strike_out_of_scope
2,3/22/2023,Knoxville,TN,strike; picket,strike_out_of_scope
2,3/22/2023,Memphis,TN,strike; picket,strike_out_of_scope
2,3/22/2023,Nashville,TN,strike,strike_out_of_scope
2,3/22/2023,Austin,TX,strike; picket,strike_out_of_scope
2,3/22/2023,San Antonio,TX,strike; picket,strike_out_of_scope
2,3/22/2023,San Antonio,TX,strike; picket,strike_out_of_scope
2,3/22/2023,Shavano Park,TX,strike; picket,strike_out_of_scope
2,3/22/2023,Salt Lake City,UT,strike; picket,strike_out_of_scope
2,3/22/2023,Arlington,VA,strike; picket,strike_out_of_scope
2,3/22/2023,Ashburn,VA,strike; picket,strike_out_of_scope
2,3/22/2023,Falls Church,VA,strike; picket,strike_out_of_scope
2,3/22/2023,Richmond,VA,strike; picket,strike_out_of_scope
2,3/22/2023,Sterling,VA,strike; picket,strike_out_of_scope
2,3/22/2023,Bellingham,WA,strike; picket,strike_out_of_scope
2,3/22/2023,Bellingham,WA,strike; picket,strike_out_of_scope
2,3/22/2023,Bellingham,WA,strike; picket,strike_out_of_scope
2,3/22/2023,Everett,WA,strike; picket,strike_out_of_scope
2,3/22/2023,Marysville,WA,strike; picket,strike_out_of_scope
2,3/22/2023,Seattle,WA,strike; picket,strike_out_of_scope
2,3/22/2023,Seattle,WA,strike; picket,strike_out_of_scope
2,3/22/2023,Seattle,WA,strike; picket,strike_out_of_scope
2,3/22/2023,Tumwat,WA,strike; picket,strike_out_of_scope
2,3/22/2023,Eau Claire,WI,strike; picket,strike_out_of_scope
2,3/22/2023,Madison,WI,strike; picket,strike_out_of_scope
2,3/23/2023,Mobile,AL,strike; picket,strike_out_of_scope
2,3/23/2023,Bakersfield,CA,hunger strike,strike_out_of_scope
2,3/23/2023,Buena Park,CA,strike; picket,strike_out_of_scope
2,3/23/2023,Los Angeles,CA,strike; picket,strike_out_of_scope
2,3/23/2023,Los Angeles,CA,strike; picket,strike_out_of_scope
2,3/23/2023,San Diego,CA,strike; picket,strike_out_of_scope
2,3/23/2023,Santa Rosa,CA,hunger strike,strike_out_of_scope
2,3/23/2023,Melrose Park,IL,strike; picket,strike_out_of_scope
2,3/23/2023,Elkhart,IN,strike; picket,strike_out_of_scope
2,3/23/2023,Holcomb,KS,strike; picket,strike_out_of_scope
2,3/23/2023,Jessup,MD,strike; picket,strike_out_of_scope
2,3/23/2023,Williamsport,MD,strike; picket,strike_out_of_scope
2,3/23/2023,Hastings,MN,strike; picket; rally,strike_out_of_scope
2,3/23/2023,Kansas City,MO,strike; picket,strike_out_of_scope
2,3/23/2023,Lawrenceville,NJ,strike; picket,strike_out_of_scope
2,3/23/2023,New York,NY,strike; picket,strike_out_of_scope
2,3/23/2023,Ashtabula,OH,strike; picket,strike_out_of_scope
2,3/23/2023,Portland,OR,strike; picket,strike_out_of_scope
2,3/23/2023,Clinton,PA,strike; picket,strike_out_of_scope
2,3/23/2023,Pittsburgh,PA,strike; picket,strike_out_of_scope
2,3/23/2023,Brentwood,TN,strike,strike_out_of_scope
2,3/23/2023,Nashville,TN,strike,strike_out_of_scope
2,3/23/2023,Austin,TX,strike; picket,strike_out_of_scope
2,3/23/2023,Eau Claire,WI,strike; picket,strike_out_of_scope
2,3/24/2023,Mobile,AL,strike; picket,strike_out_of_scope
2,3/24/2023,Bakersfield,CA,hunger strike,strike_out_of_scope
2,3/24/2023,Buena Park,CA,strike; picket,strike_out_of_scope
2,3/24/2023,Los Angeles,CA,strike; picket,strike_out_of_scope
2,3/24/2023,San Diego,CA,strike; picket,strike_out_of_scope
2,3/24/2023,Santa Rosa,CA,hunger strike,strike_out_of_scope
2,3/24/2023,Melrose Park,IL,strike; picket,strike_out_of_scope
2,3/24/2023,Elkhart,IN,strike; picket,strike_out_of_scope
2,3/24/2023,Holcomb,KS,strike; picket,strike_out_of_scope
2,3/24/2023,Jessup,MD,strike; picket,strike_out_of_scope
2,3/24/2023,Williamsport,MD,strike; picket,strike_out_of_scope
2,3/24/2023,Hastings,MN,strike; picket; rally,strike_out_of_scope
2,3/24/2023,Kansas City,MO,strike; picket,strike_out_of_scope
2,3/24/2023,Lawrenceville,NJ,strike; picket,strike_out_of_scope
2,3/24/2023,New York,NY,strike; picket,strike_out_of_scope
2,3/24/2023,Ashtabula,OH,strike; picket,strike_out_of_scope
2,3/24/2023,Portland,OR,strike; picket,strike_out_of_scope
2,3/24/2023,Clinton,PA,strike; picket,strike_out_of_scope
2,3/24/2023,Pittsburgh,PA,strike; picket,strike_out_of_scope
2,3/24/2023,Brentwood,TN,strike,strike_out_of_scope
2,3/24/2023,Nashville,TN,strike,strike_out_of_scope
2,3/24/2023,Austin,TX,strike; picket,strike_out_of_scope
2,3/24/2023,Plainfield,VT,strike; picket,strike_out_of_scope
2,3/24/2023,Eau Claire,WI,strike; picket,strike_out_of_scope
2,3/25/2023,Mobile,AL,strike; picket,strike_out_of_scope
2,3/25/2023,Buena Park,CA,strike; picket,strike_out_of_scope
2,3/25/2023,Los Angeles,CA,strike; picket,strike_out_of_scope
2,3/25/2023,San Diego,CA,strike; picket,strike_out_of_scope
2,3/25/2023,Santa Rosa,CA,hunger strike,strike_out_of_scope
2,3/25/2023,Melrose Park,IL,strike; picket,strike_out_of_scope
2,3/25/2023,Elkhart,IN,strike; picket,strike_out_of_scope
2,3/25/2023,Holcomb,KS,strike; picket,strike_out_of_scope
2,3/25/2023,Jessup,MD,strike; picket,strike_out_of_scope
2,3/25/2023,Williamsport,MD,strike; picket,strike_out_of_scope
2,3/25/2023,Hastings,MN,strike; picket; rally,strike_out_of_scope
2,3/25/2023,Kansas City,MO,strike; picket,strike_out_of_scope
2,3/25/2023,Lawrenceville,NJ,strike; picket,strike_out_of_scope
2,3/25/2023,New York,NY,strike; picket,strike_out_of_scope
2,3/25/2023,Ashtabula,OH,strike; picket,strike_out_of_scope
2,3/25/2023,Portland,OR,strike; picket,strike_out_of_scope
2,3/25/2023,Clinton,PA,strike; picket,strike_out_of_scope
2,3/25/2023,Pittsburgh,PA,strike; picket,strike_out_of_scope
2,3/25/2023,Brentwood,TN,strike,strike_out_of_scope
2,3/25/2023,Nashville,TN,strike,strike_out_of_scope
2,3/25/2023,Austin,TX,strike; picket,strike_out_of_scope
2,3/25/2023,Plainfield,VT,strike; picket,strike_out_of_scope
2,3/25/2023,Eau Claire,WI,strike; picket,strike_out_of_scope
2,3/26/2023,Mobile,AL,strike; picket,strike_out_of_scope
2,3/26/2023,Buena Park,CA,strike; picket,strike_out_of_scope
2,3/26/2023,Los Angeles,CA,strike; picket,strike_out_of_scope
2,3/26/2023,San Diego,CA,strike; picket,strike_out_of_scope
2,3/26/2023,Santa Rosa,CA,hunger strike,strike_out_of_scope
2,3/26/2023,Melrose Park,IL,strike; picket,strike_out_of_scope
2,3/26/2023,Elkhart,IN,strike; picket,strike_out_of_scope
2,3/26/2023,Holcomb,KS,strike; picket,strike_out_of_scope
2,3/26/2023,Jessup,MD,strike; picket,strike_out_of_scope
2,3/26/2023,Williamsport,MD,strike; picket,strike_out_of_scope
2,3/26/2023,Hastings,MN,strike; picket; rally,strike_out_of_scope
2,3/26/2023,Kansas City,MO,strike; picket,strike_out_of_scope
2,3/26/2023,Lawrenceville,NJ,strike; picket,strike_out_of_scope
2,3/26/2023,New York,NY,strike; picket,strike_out_of_scope
2,3/26/2023,Ashtabula,OH,strike; picket,strike_out_of_scope
2,3/26/2023,Portland,OR,strike; picket,strike_out_of_scope
2,3/26/2023,Clinton,PA,strike; picket,strike_out_of_scope
2,3/26/2023,Pittsburgh,PA,strike; picket,strike_out_of_scope
2,3/26/2023,Brentwood,TN,strike,strike_out_of_scope
2,3/26/2023,Nashville,TN,strike,strike_out_of_scope
2,3/26/2023,Austin,TX,strike; picket,strike_out_of_scope
2,3/26/2023,Plainfield,VT,strike; picket,strike_out_of_scope
2,3/26/2023,Eau Claire,WI,strike; picket,strike_out_of_scope
2,3/27/2023,Mobile,AL,strike; picket,strike_out_of_scope
2,3/27/2023,Buena Park,CA,strike; picket,strike_out_of_scope
2,3/27/2023,Los Angeles,CA,strike; picket,strike_out_of_scope
2,3/27/2023,San Diego,CA,strike; picket,strike_out_of_scope
2,3/27/2023,Santa Rosa,CA,hunger strike,strike_out_of_scope
2,3/27/2023,Whittier,CA,strike; picket,strike_out_of_scope
2,3/27/2023,Melrose Park,IL,strike; picket,strike_out_of_scope
2,3/27/2023,Elkhart,IN,strike; picket,strike_out_of_scope
2,3/27/2023,Indianapolis,IN,strike; picket,strike_out_of_scope
2,3/27/2023,Holcomb,KS,strike; picket,strike_out_of_scope
2,3/27/2023,Louisville,KY,strike; picket,strike_out_of_scope
2,3/27/2023,Jessup,MD,strike; picket,strike_out_of_scope
2,3/27/2023,Williamsport,MD,strike; picket,strike_out_of_scope
2,3/27/2023,Hastings,MN,strike; picket; rally,strike_out_of_scope
2,3/27/2023,Kansas City,MO,strike; picket,strike_out_of_scope
2,3/27/2023,Lawrenceville,NJ,strike; picket,strike_out_of_scope
2,3/27/2023,Massapequa,NY,walkout; strike; picket,strike_out_of_scope
2,3/27/2023,New York,NY,strike; picket,strike_out_of_scope
2,3/27/2023,Ashtabula,OH,strike; picket,strike_out_of_scope
2,3/27/2023,Portland,OR,strike; picket,strike_out_of_scope
2,3/27/2023,Clinton,PA,strike; picket,strike_out_of_scope
2,3/27/2023,Pittsburgh,PA,strike; picket,strike_out_of_scope
2,3/27/2023,Brentwood,TN,strike,strike_out_of_scope
2,3/27/2023,Nashville,TN,strike,strike_out_of_scope
2,3/27/2023,Austin,TX,strike; picket,strike_out_of_scope
2,3/27/2023,Plainfield,VT,strike; picket,strike_out_of_scope
2,3/27/2023,Eau Claire,WI,strike; picket,strike_out_of_scope
2,3/28/2023,Mobile,AL,strike; picket,strike_out_of_scope
2,3/28/2023,Buena Park,CA,strike; picket,strike_out_of_scope
2,3/28/2023,Los Angeles,CA,strike; picket,strike_out_of_scope
2,3/28/2023,San Diego,CA,strike; picket,strike_out_of_scope
2,3/28/2023,Santa Rosa,CA,hunger strike,strike_out_of_scope
2,3/28/2023,Whittier,CA,strike; picket,strike_out_of_scope
2,3/28/2023,Melrose Park,IL,strike; picket,strike_out_of_scope
2,3/28/2023,Elkhart,IN,strike; picket,strike_out_of_scope
2,3/28/2023,Indianapolis,IN,strike; picket,strike_out_of_scope
2,3/28/2023,Holcomb,KS,strike; picket,strike_out_of_scope
2,3/28/2023,Louisville,KY,strike; picket,strike_out_of_scope
2,3/28/2023,Jessup,MD,strike; picket,strike_out_of_scope
2,3/28/2023,Williamsport,MD,strike; picket,strike_out_of_scope
2,3/28/2023,Hastings,MN,strike; picket; rally,strike_out_of_scope
2,3/28/2023,Kansas City,MO,strike; picket,strike_out_of_scope
2,3/28/2023,Lawrenceville,NJ,strike; picket,strike_out_of_scope
2,3/28/2023,New York,NY,strike; picket,strike_out_of_scope
2,3/28/2023,Ashtabula,OH,strike; picket,strike_out_of_scope
2,3/28/2023,Portland,OR,strike; picket,strike_out_of_scope
2,3/28/2023,Clinton,PA,strike; picket,strike_out_of_scope
2,3/28/2023,Pittsburgh,PA,strike; picket,strike_out_of_scope
2,3/28/2023,Brentwood,TN,strike,strike_out_of_scope
2,3/28/2023,Nashville,TN,strike,strike_out_of_scope
2,3/28/2023,Austin,TX,strike; picket,strike_out_of_scope
2,3/28/2023,Plainfield,VT,strike; picket,strike_out_of_scope
2,3/28/2023,Eau Claire,WI,strike; picket,strike_out_of_scope
2,3/29/2023,Mobile,AL,strike; picket,strike_out_of_scope
2,3/29/2023,Buena Park,CA,strike; picket,strike_out_of_scope
2,3/29/2023,Los Angeles,CA,strike; picket,strike_out_of_scope
2,3/29/2023,McFarland,CA,hunger strike,strike_out_of_scope
2,3/29/2023,San Diego,CA,strike; picket,strike_out_of_scope
2,3/29/2023,Santa Rosa,CA,hunger strike,strike_out_of_scope
2,3/29/2023,Whittier,CA,strike; picket,strike_out_of_scope
2,3/29/2023,Melrose Park,IL,strike; picket,strike_out_of_scope
2,3/29/2023,Elkhart,IN,strike; picket,strike_out_of_scope
2,3/29/2023,Indianapolis,IN,strike; picket,strike_out_of_scope
2,3/29/2023,Holcomb,KS,strike; picket,strike_out_of_scope
2,3/29/2023,Louisville,KY,strike; picket,strike_out_of_scope
2,3/29/2023,Jessup,MD,strike; picket,strike_out_of_scope
2,3/29/2023,Williamsport,MD,strike; picket,strike_out_of_scope
2,3/29/2023,Ann Arbor,MI,walkout; rally; march; strike; picket,strike_out_of_scope
2,3/29/2023,Hastings,MN,strike; picket; rally,strike_out_of_scope
2,3/29/2023,Kansas City,MO,strike; picket,strike_out_of_scope
2,3/29/2023,Lawrenceville,NJ,strike; picket,strike_out_of_scope
2,3/29/2023,New York,NY,strike; picket,strike_out_of_scope
2,3/29/2023,Uniondale,NY,walkout,walkout_labor_precutoff
2,3/29/2023,Ashtabula,OH,strike; picket,strike_out_of_scope
2,3/29/2023,Portland,OR,strike; picket,strike_out_of_scope
2,3/29/2023,Clinton,PA,strike; picket,strike_out_of_scope
2,3/29/2023,Pittsburgh,PA,strike; picket,strike_out_of_scope
2,3/29/2023,Brentwood,TN,strike,strike_out_of_scope
2,3/29/2023,Nashville,TN,strike,strike_out_of_scope
2,3/29/2023,Austin,TX,strike; picket,strike_out_of_scope
2,3/29/2023,Plainfield,VT,strike; picket,strike_out_of_scope
2,3/29/2023,Eau Claire,WI,strike; picket,strike_out_of_scope
2,3/30/2023,Mobile,AL,strike; picket,strike_out_of_scope
2,3/30/2023,Buena Park,CA,strike; picket,strike_out_of_scope
2,3/30/2023,Los Angeles,CA,strike; picket,strike_out_of_scope
2,3/30/2023,San Diego,CA,strike; picket,strike_out_of_scope
2,3/30/2023,Santa Rosa,CA,hunger strike,strike_out_of_scope
2,3/30/2023,Whittier,CA,strike; picket,strike_out_of_scope
2,3/30/2023,Melrose Park,IL,strike; picket,strike_out_of_scope
2,3/30/2023,Elkhart,IN,strike; picket,strike_out_of_scope
2,3/30/2023,Indianapolis,IN,strike; picket,strike_out_of_scope
2,3/30/2023,Holcomb,KS,strike; picket,strike_out_of_scope
2,3/30/2023,Louisville,KY,strike; picket,strike_out_of_scope
2,3/30/2023,Jessup,MD,strike; picket,strike_out_of_scope
2,3/30/2023,Williamsport,MD,strike; picket,strike_out_of_scope
2,3/30/2023,Ann Arbor,MI,strike; picket,strike_out_of_scope
2,3/30/2023,Hastings,MN,strike; picket; rally,strike_out_of_scope
2,3/30/2023,Kansas City,MO,strike; picket,strike_out_of_scope
2,3/30/2023,Lawrenceville,NJ,strike; picket,strike_out_of_scope
2,3/30/2023,New York,NY,strike; picket,strike_out_of_scope
2,3/30/2023,Ashtabula,OH,strike; picket,strike_out_of_scope
2,3/30/2023,Portland,OR,strike; picket,strike_out_of_scope
2,3/30/2023,Clinton,PA,strike; picket,strike_out_of_scope
2,3/30/2023,Pittsburgh,PA,strike; picket,strike_out_of_scope
2,3/30/2023,Brentwood,TN,strike,strike_out_of_scope
2,3/30/2023,Nashville,TN,strike,strike_out_of_scope
2,3/30/2023,Austin,TX,strike; picket,strike_out_of_scope
2,3/30/2023,Plainfield,VT,strike; picket,strike_out_of_scope
2,3/30/2023,Eau Claire,WI,strike; picket,strike_out_of_scope
2,3/31/2023,Mobile,AL,strike; picket,strike_out_of_scope
2,3/31/2023,Buena Park,CA,strike; picket,strike_out_of_scope
2,3/31/2023,Los Angeles,CA,strike; picket,strike_out_of_scope
2,3/31/2023,San Diego,CA,strike; picket,strike_out_of_scope
2,3/31/2023,Santa Rosa,CA,hunger strike,strike_out_of_scope
2,3/31/2023,Whittier,CA,strike; picket,strike_out_of_scope
2,3/31/2023,Melrose Park,IL,strike; picket,strike_out_of_scope
2,3/31/2023,Elkhart,IN,strike; picket,strike_out_of_scope
2,3/31/2023,Indianapolis,IN,strike; picket,strike_out_of_scope
2,3/31/2023,Holcomb,KS,strike; picket,strike_out_of_scope
2,3/31/2023,Louisville,KY,strike; picket,strike_out_of_scope
2,3/31/2023,Jessup,MD,strike; picket,strike_out_of_scope
2,3/31/2023,Williamsport,MD,strike; picket,strike_out_of_scope
2,3/31/2023,Ann Arbor,MI,strike; picket,strike_out_of_scope
2,3/31/2023,Hastings,MN,strike; picket; rally,strike_out_of_scope
2,3/31/2023,Minneapolis,MN,strike; picket,strike_out_of_scope
2,3/31/2023,Kansas City,MO,strike; picket,strike_out_of_scope
2,3/31/2023,Lawrenceville,NJ,strike; picket,strike_out_of_scope
2,3/31/2023,New York,NY,strike; picket,strike_out_of_scope
2,3/31/2023,Ashtabula,OH,strike; picket,strike_out_of_scope
2,3/31/2023,Portland,OR,strike; picket,strike_out_of_scope
2,3/31/2023,Clinton,PA,strike; picket,strike_out_of_scope
2,3/31/2023,Pittsburgh,PA,strike; picket,strike_out_of_scope
2,3/31/2023,Brentwood,TN,strike,strike_out_of_scope
2,3/31/2023,Nashville,TN,strike,strike_out_of_scope
2,3/31/2023,Austin,TX,strike; picket,strike_out_of_scope
2,3/31/2023,Plainfield,VT,strike; picket,strike_out_of_scope
2,3/31/2023,Eau Claire,WI,strike; picket,strike_out_of_scope
2,4/1/2023,Santa Rosa,CA,hunger strike,strike_out_of_scope
2,4/9/2023,New York,NY,hunger strike,strike_out_of_scope
2,6/19/2023,Tacoma,WA,hunger strike,strike_out_of_scope
2,7/24/2023,Tacoma,WA,hunger strike,strike_out_of_scope
2,7/25/2023,Tacoma,WA,hunger strike,strike_out_of_scope
2,7/26/2023,Tacoma,WA,hunger strike,strike_out_of_scope
2,8/26/2023,Lumpkin,GA,hunger strike,strike_out_of_scope
2,8/27/2023,Lumpkin,GA,hunger strike,strike_out_of_scope
2,8/28/2023,Lumpkin,GA,hunger strike,strike_out_of_scope
2,9/7/2023,Tacoma,WA,hunger strike,strike_out_of_scope
2,9/8/2023,Tacoma,WA,hunger strike,strike_out_of_scope
2,9/9/2023,Tacoma,WA,hunger strike,strike_out_of_scope
2,10/18/2023,Lancaster,MA,hunger strike,strike_out_of_scope
2,11/11/2023,Tacoma,WA,hunger strike,strike_out_of_scope
2,11/12/2023,Tacoma,WA,hunger strike,strike_out_of_scope
2,11/13/2023,Tacoma,WA,hunger strike,strike_out_of_scope
2,11/14/2023,Tacoma,WA,hunger strike,strike_out_of_scope
2,11/15/2023,Tacoma,WA,hunger strike,strike_out_of_scope
2,11/16/2023,Tacoma,WA,hunger strike,strike_out_of_scope
2,11/17/2023,Tacoma,WA,hunger strike,strike_out_of_scope
2,11/18/2023,Tacoma,WA,hunger strike,strike_out_of_scope
2,11/19/2023,Tacoma,WA,hunger strike,strike_out_of_scope
2,11/20/2023,Tacoma,WA,hunger strike,strike_out_of_scope
2,11/27/2023,Washington,DC,demonstration; hunger strike,strike_out_of_scope
2,11/28/2023,Washington,DC,vigil; hunger strike,strike_out_of_scope
2,11/29/2023,Washington,DC,vigil; hunger strike,strike_out_of_scope
2,11/30/2023,Washington,DC,vigil; hunger strike,strike_out_of_scope
2,12/1/2023,Washington,DC,vigil; hunger strike,strike_out_of_scope
2,12/1/2023,Washington,DC,hunger strike,strike_out_of_scope
2,12/11/2023,Denver,CO,strike; rally,strike_out_of_scope
2,12/11/2023,Bridgeview,IL,strike; rally; march,strike_out_of_scope
2,12/11/2023,Dearborn,MI,strike; rally,strike_out_of_scope
2,2/5/2024,Tacoma,WA,hunger strike,strike_out_of_scope
2,2/6/2024,Tacoma,WA,hunger strike,strike_out_of_scope
2,2/7/2024,Tacoma,WA,hunger strike,strike_out_of_scope
2,2/8/2024,Cambridge,MA,hunger strike,strike_out_of_scope
2,2/8/2024,Tacoma,WA,hunger strike,strike_out_of_scope
2,2/9/2024,Tacoma,WA,hunger strike,strike_out_of_scope
2,2/10/2024,Tacoma,WA,hunger strike,strike_out_of_scope
2,2/11/2024,Tacoma,WA,hunger strike,strike_out_of_scope
2,2/12/2024,Tacoma,WA,hunger strike,strike_out_of_scope
2,3/7/2024,Santa Barbara,CA,strike,strike_out_of_scope
2,3/11/2024,Tacoma,WA,hunger strike,strike_out_of_scope
2,4/12/2024,New Haven,CT,hunger strike,strike_out_of_scope
2,5/1/2024,Las Vegas,NV,hunger strike,strike_out_of_scope
2,5/2/2024,Las Vegas,NV,hunger strike,strike_out_of_scope
2,5/3/2024,Las Vegas,NV,hunger strike,strike_out_of_scope
2,5/4/2024,Las Vegas,NV,hunger strike,strike_out_of_scope
2,5/5/2024,Las Vegas,NV,hunger strike,strike_out_of_scope
2,5/6/2024,Las Vegas,NV,hunger strike,strike_out_of_scope
2,5/7/2024,Las Vegas,NV,hunger strike,strike_out_of_scope
2,5/22/2024,Santa Rosa,CA,hunger strike,strike_out_of_scope
2,5/23/2024,Santa Rosa,CA,hunger strike,strike_out_of_scope
2,5/24/2024,Santa Rosa,CA,hunger strike,strike_out_of_scope
2,5/25/2024,Santa Rosa,CA,hunger strike,strike_out_of_scope
2,5/26/2024,Santa Rosa,CA,hunger strike,strike_out_of_scope
2,5/27/2024,Santa Rosa,CA,hunger strike,strike_out_of_scope
2,5/28/2024,Santa Rosa,CA,hunger strike,strike_out_of_scope
2,5/29/2024,Santa Rosa,CA,hunger strike,strike_out_of_scope
2,5/30/2024,Santa Rosa,CA,hunger strike,strike_out_of_scope
2,7/9/2024,Tacoma,WA,hunger strike,strike_out_of_scope
2,7/12/2024,McFarland,CA,hunger strike,strike_out_of_scope
3,2026-01-30,Portland,ME,demonstration; strike,strike_out_of_scope
